CustomerID,FirstName,LastName,DOB,Gender,Phone,Email,Country,City,Postcode,RegistrationDate
C508873,Erica,Carter,1966-06-13,F,434-495-6684,cynthia55@example.com,U.K.,West Laura,63576,2022-06-29
C6155134,Tracy,Lewis,1999-07-23,F,001-836-990-0661x682,obrienmatthew@example.org,England,North Jerry,41126,2023-03-22
C2230833,Brandon,Shepard,19940413,NULL,(846)932-3556x982,khenderson@example.net,GB,Berrytown,89395,2022-10-26
C7577547,Miguel,Hayes,1961-01-16,F,+1-402-602-2761,yvonnepeterson@example.net,United Kingdom,Andrewton,61617,2025-12-21
C5468878,Jennifer,Grant,2008-04-13,F,5919457553,awilson@example.com,UK,Rothborough,42479,26/02/2026
C3052580,Christopher,Oneill,1989-01-23,Other,(787)950-2334x4244,bjackson@example.net,GB,Port Ethanhaven,12959,2023-03-18
C724165,Gabriella,Griffin,2000-10-08,NULL,001-362-733-2436x615,lstrickland@example.com,GB,South Shawn,05741,2024-01-09
C3493999,Julia,Berry,1973-02-10,F,(847)906-2706x284,annette38@example.com,England,North Jesusview,14275,2022-11-22
C4296404,Lori,Jackson,1942-03-23,F,(355)427-1493x5822,ramirezjoseph@example.org,England,Masonhaven,17156,2025-05-29
C8012124,Theodore,Stewart,1959-10-22,F,6738422489,xmiller@gmal.com,GB,Smithmouth,01541,2022-07-21
C4313004,Elizabeth,Nelson,1955-02-10,NULL,7618454353,nguzman@example.net,UK,Georgeborough,18268,2022-11-09
C7110783,Emma,Castillo,1953-08-18,M,001-908-654-9150x16811,markmora@example.net,GB,Port Susanbury,88861,2023-06-30
C3152157,Scott,King,1938-11-05,M,(340)699-7921x8984,lrogers@example.com,UK,South Laurenborough,43905,2022-08-07
C7738375,Willie,Hawkins,1988-10-14,F,2728349317,rball@example.net,U.K.,East Joseph,74565,2024-08-01
C4531809,Ian,Best,1938-07-19,F,(656)935-9202x429,kevin69@example.com,GB,East Jamesfurt,83167,2023-01-05
C1610776,Christopher,Taylor,1972-07-05,NULL,001-739-932-5269x2835,chavezrebekah@example.com,England,South Michael,36841,2022-09-25
C167415,Michael,Sheppard,1984-08-06,Other,248-531-2875,zschwartz@example.com,U.K.,Ashleyport,88647,2023-05-29
C1026538,Justin,Hoffman,1975-09-16,NULL,479.995.9631,dcoffey@example.com,England,North Aaron,28000,2026-04-24
C5847781,Tammy,Rodriguez,1962-04-04,F,+1-691-848-9183,smithpeter@example.org,UK,Harrytown,78271,2024-09-05
C4648276,,Meyer,1998-05-25,NULL,6747922336,humphreydaniel@example.net,UK,Baileychester,06327,2025-04-23
C6520007,David,Barnett,1958-09-18,NULL,(908)382-0365x961,coxmariah@example.org,UK,Shawnton,26864,2026-05-26
C8503149,James,Wilson,1946-12-31,NULL,2775168131,kjohnson@example.com,U.K.,Brookeview,31458,2025-08-13
C6938903,Amanda,Simon,1997-09-07,Other,954-712-9554,williamlee@example.com,U.K.,Port Richard,62493,2024-10-25
C7251822,Linda,Elliott,Yesterday,F,001-802-680-2185,smacdonald@example.com,England,Sabrinaland,42509,2026-06-08
C6974266,Katie,Mayer,1979-02-26,Other,833.696.5934x770,casey03@example.com,United Kingdom,Christensenhaven,75316,2026-05-29
C4969874,Jill,Nelson,1966-06-23,NULL,907.948.4673,ericksonlisa@example.net,England,Lambview,31286,Yesterday
C8058426,Lorraine,Shaw,1957-12-15,Other,001-616-281-4096x243,justin63@example.org,U.K.,South Brian,03957,2024-03-11
C63691,Bryan,Smith,1977-05-28,F,755.519.6235,jasonparker@example.org,UK,West Maryland,28077,2022-05-13
C958044,David,Wu,1956-10-29,M,491.952.6280x630,mckeechristopher@example.com,United Kingdom,West Henryborough,98042,2022-09-15
C5867605,Cathy,Bowers,1949-11-01,NULL,001-604-422-9058x19463,millerjackson@example.org,U.K.,Lake Cindybury,41078,2024-12-28
C4889130,David,Ball,1941-06-20,F,683-709-4411x7316,michellemiller@example.net,UK,Davisberg,26945,2024-11-22
C3762778,Michael,Jones,1996-09-18,Other,001-731-429-5265x67749,christopherfarrell@example.org,GB,Warrenmouth,23057,2025-11-02
C1961529,Elizabeth,Smith,1986-01-10,Other,753.237.9960x7568,egoodwin@example.org,GB,West Jeffreytown,39347,2026-03-06
C1831648,Louis,Estrada,2007-11-27,NULL,509.818.7103x9262,sullivanjennifer@example.com,U.K.,West Eric,24919,2021-09-10
C4147892,Vanessa,Boyd,2001-09-28,F,(988)542-7732x472,pzimmerman@example.net,England,Christianview,82272,2024-07-27
C2215458,Regina,Hughes,1956-09-14,NULL,744-277-3957x34608,lharris@example.org,United Kingdom,New Tabithatown,21667,2024-01-09
C9344449,David,Lewis,1956-01-29,F,001-922-581-1720x620,crystal01@example.net,UK,East Rita,76863,2024-06-21
C8999324,Michael,Fernandez,1975-08-28,F,(986)715-2537,thomas45@example.org,UK,Lisaberg,18699,2023-08-03
C9883864,Jacob,Sanders,1957-12-22,M,246.494.9430x30724,kevingrant@example.net,England,New Patriciatown,91058,09-28-2025
C3202507,Michelle,Davis,1950-09-03,M,(478)619-9602,jeffweaver@example.org,England,Crawfordville,24335,2025-07-31
C5727286,Stephanie,Soto,2002-06-16,F,001-345-385-1476x0818,nelsonjill@example.org,U.K.,Kathrynshire,27131,2026-03-02
C1556606,Cheryl,Silva,1950-10-06,Other,2782378389,daniel54@example.org,United Kingdom,Glennville,72947,2026-04-16
C5707028,Dana,Chandler,1954-01-30,M,981.779.2017x1957,anna02@example.com,GB,Pattonton,28167,2025-01-02
C1114294,Emily,Morgan,1971-01-28,NULL,(667)863-5515x7961,ericmills@example.org,UK,Lake Sandra,73006,2025-12-06
C4157350,Lynn,Anderson,1989-08-18,M,639-902-8232x847,julie98@example.org,U.K.,South David,07290,2025-02-11
C9311791,Unknown,Franklin,1946-11-20,F,956-396-2031x11891,qfreeman@example.net,UK,East Cindymouth,11295,2023-08-16
C3567345,John,Graves,2002-02-28,Other,474.828.4405x3257,martinchelsey@example.com,England,South Maria,75776,2021-08-07
C9273242,Linda,Phillips,1956-05-13,F,(366)769-3627x03312,coxsabrina@example.net,U.K.,Mariaberg,32019,2026-08-02
C3196730,Ana,Blanchard,1964-11-06,M,001-990-402-2624,mckeelinda@example.org,UK,Lake Gregory,22264,2025-11-22
C9126870,Kayla,Smith,1971-12-02,F,-,zmiller@example.org,UK,Lake Michael,78255,2025-09-04
C1922901,Jody,Marquez,1953-08-12,Other,7354221988,allen91@example.com,UK,Jonesside,84205,2024-12-05
C1475926,Angela,Phillips,1965-12-18,Other,(357)654-4538x79117,patrick55@example.com,GB,Smithtown,03623,2022-02-07
C1837428,NULL,Hill,1973-09-23,Other,285.724.4756,janet39@example.com,England,Eduardobury,56807,2026-03-30
C4866327,Ashley,Kelly,1984-10-19,F,+1-650-322-4502x6610,janepope@example.com,England,East Destinyside,51930,2025-10-06
C1340012,N/A,Davis,1941-07-22,NULL,(681)803-0649x075,wangshannon@example.net,U.K.,Amandaview,55151,2026-05-31
C8377379,Joseph,Davis,1985-12-20,F,917-832-2783,zchase@example.com,U.K.,Whitemouth,31444,2026-01-30
C7221375,Christina,Bennett,1999-06-10,M,323-477-1780,mathewferrell@example.com,England,Lake Kelsey,16514,2022-02-06
C7798593,Aaron,Harris,1983-02-02,F,(279)740-5697,joseph89@example.net,GB,Sarahport,11930,2022-10-17
C2325667,Christina,Porter,1946-04-04,Other,(216)769-7533,bsingh@example.net,GB,North William,74271,2024-09-20
C6808116,Alfred,Salas,1945-01-07,M,280-590-8659x670,andrew39@example.net,United Kingdom,Port Douglas,77119,2022-12-18
C6357161,Nancy,Bailey,1962-12-03,NULL,382.316.7880x4907,christianthompson@example.com,GB,East Joseph,63330,2023-03-23
C3947346,Abigail,Watts,1973-10-07,M,(493)312-4814x2150,xpowell@example.org,U.K.,Port Toddfort,08433,2021-12-24
C9724903,Kimberly,Gomez,1978-06-16,F,513-718-8359x406,iharper@example.org,GB,Brianborough,85783,2023-01-02
C5698114,Tami,Harris,1973-07-17,NULL,(760)829-8639,elizabeth72@example.com,England,North David,89730,2025-06-01
C7225538,Jill,Robbins,1951-10-24,Other,789.482.8071x2379,deanna21@example.org,UK,Bellside,68742,2022-10-14
C5908010,Jeffrey,Stewart,1935-11-14,Other,+1-215-659-8602x2447,nrivera@example.com,U.K.,East Nathanmouth,99498,2023-10-17
C883032,Jillian,Porter,1991-05-19,NULL,286.616.7374,harrisjennifer@example.net,GB,South Danielle,64308,2025-04-04
C1938113,Janet,Morrison,1986-09-26,Other,(954)756-5863x777,briggsandrew@example.com,U.K.,Bennettfort,07632,2022-09-22
C5506202,Andrew,Lopez,1958-06-13,NULL,200.985.1116,pamela21@example.com,United Kingdom,Perryville,90008,2022-09-30
C7233649,Sydney,Jackson,01-27-1967,M,+1-317-521-5285,matthew84@example.net,England,Bowmanside,34532,Yesterday
C1635953,Susan,Flowers,1967-11-28,NULL,+1-204-686-0034,brendaross@example.com,GB,North Nicole,39455,2026-08-02
C6888863,Barbara,Calderon,1963-02-23,Other,282-425-9625,xsutton@example.org,GB,East Jenniferborough,45435,2025-08-04
C6251697,Christopher,NULL,2007-03-19,M,805.806.8082,lisa45@example.org,UK,East Shawn,99875,11/11/2024
C2292403,Kelly,Young,660659797,Other,799-683-0328,burnsdaniel@example.net,England,East Valerietown,37534,20250817
C5264806,Vincent,Hogan,1955-01-28,F,645.212.5534,michael32@example.net,UK,Emilyland,78309,2022-09-22
C7570993,David,Bright,1979-06-25,M,001-732-738-9891x45305,kthornton@example.com,U.K.,South Sergioland,22779,2021-11-23
C3147574,Daniel,Myers,1967-03-01,NULL,293-730-1350x19683,deborah91@example.net,United Kingdom,Lake Sylviaborough,18993,2026-07-29
C5019787,Denise,Parker,1994-11-18,F,(760)618-4831x93893,terrijohnson@example.com,U.K.,Lake Williamberg,58221,2022-11-14
C3789652,Ann,Gonzalez,1961-02-16,M,821.280.7862x703,ycarter@example.con,U.K.,North Glenn,72608,2025-04-27
C6205809,Sarah,Hayes,779010973,M,(266)221-7156x1668,millersavannah@example.org,UK,North Joseph,82868,2024-02-25
C8808018,Amber,Blackwell,2008-06-19,M,+1-425-568-3026,kevin25@example.net,United Kingdom,Figueroamouth,30699,2022-06-07
C6918880,Stephanie,Mooney,1996-04-06,Other,+1-334-241-9555x6977,ijames@example.org,U.K.,Carolchester,83069,2022-04-12
C7907892,Thomas,Ford,1996-09-16,M,720-852-5367x1555,alejandro97@example.com,UK,Lynnbury,71016,2023-01-28
C991178,Jonathan,Garrett,2001-02-17,Other,+1-779-580-6870x63683,derekclayton@example.net,U.K.,North Ashleyfurt,73700,2022-05-31
C4914776,Jennifer,Carroll,1947-01-04,M,310-469-4154,nhernandez@example.org,GB,Evanport,96587,2021-12-10
C4907508,Charles,Diaz,02-10-2000,M,469-398-4416,jenniferlee@example.org,United Kingdom,Joneston,51149,2023-09-05
C3364283,Jonathan,Turner,1970-06-13,M,+1-322-387-3198x31802,joseph76@example.org,GB,Carlsonland,51600,2024-11-07
C6736064,Anthony,Hall,1978-07-13,Other,(303)525-8201x07034,santoseugene@example.com,United Kingdom,Abigailport,20316,2023-12-08
C8402876,Jennifer,Shepherd,1997-07-13,M,6614372735,samantha53@example.org,U.K.,North Matthewview,21992,2023-11-30
C9465107,Charles,Haynes,1972-09-29,Other,001-418-625-6335,fparsons@gmal.com,GB,Shafferfort,73093,2022-08-28
C8316761,Mary,Williams,1994-06-18,NULL,654.876.3661x76075,leachcatherine@example.net,United Kingdom,Lake Shanefort,82668,2022-07-27
C6433593,Travis,Lopez,1997-04-28,M,001-434-339-5130,carlsnyder@example.net,GB,West Daniel,01697,2025-07-03
C8880485,Raymond,Barber,1964-08-21,M,001-228-530-5148,matajenna@example.org,UK,Ariasmouth,70522,2026-05-17
C476810,Barbara,Hernandez,1955-08-30,Other,+1-705-927-6440,evelyn61@example.net,UK,Cherylchester,01992,2024-11-12
C9326468,Nathan,Villanueva,19360502,F,227.597.1994x62576,martinjonathan@example.net,England,Jenniferbury,08872,2025-10-12
C5947873,Antonio,Roberts,1949-08-26,M,(895)755-5071x684,willistyler@example.com,UK,North Nicoleburgh,37064,2021-11-27
C9460617,Catherine,Schmidt,1939-08-11,F,677.271.6920x397,jeffmartin@example.net,U.K.,New Patricia,50234,2023-09-05
C4499861,Mary,Waters,2000-11-04,NULL,866-447-2761,christy98@example.net,England,North Rebekah,82468,2024-01-25
C8749170,Alice,Hines,1976-09-26,F,281.683.4059,jon95@example.com,United Kingdom,South Garyton,06691,2022-09-19
C328323,Matthew,Stone,1969-12-14,NULL,(423)873-7094x8880,phernandez@example.net,United Kingdom,Joshuafort,37370,2023-08-23
C1168786,Kyle,Terry,1959-08-26,NULL,598.461.3655x389,jimmyschneider@example.net,UK,Codymouth,24719,2025-11-05
C3673452,Theresa,Garcia,1955-11-19,NULL,567.845.8747,zmcguire@example.com,U.K.,Jasmineside,67436,2022-04-15
C8190517,Diana,Adams,2004-07-26,NULL,+1-726-950-0174x6795,alvarezvanessa@example.org,England,Garciamouth,61083,2024-07-25
C592994,Brandy,Jones,1972-08-26,M,808.777.1087,pottsamy@example.org,GB,Desireestad,02048,2024-10-27
C2690247,Linda,Bell,1966-10-30,F,5118022119,sheilawatson@example.org,England,Lake Charles,75321,2023-11-23
C1688327,Kimberly,Williams,1983-01-30,Other,001-278-916-5810x63451,stevencallahan@example.net,United Kingdom,Nguyenfurt,75462,2021-11-10
C3314971,Travis,Young,1989-02-02,NULL,986.508.3783,georgechristopher@example.net,England,Debbieport,76670,2023-03-22
C4931415,Rachel,Ramirez,1938-06-24,M,4087749586,osmith@example.com,England,New Theresa,71376,2024-12-21
C3870639,Andrea,Bauer,1942-05-14,M,(443)576-0324x309,gina99@example.org,GB,Karentown,11704,2025-11-05
C3878349,Melissa,Nelson,1950-10-05,F,(693)271-0178x5504,uclarke@example.org,U.K.,New Ethan,60129,2024-04-21
C5019420,Elizabeth,Thornton,2003-07-02,F,(609)776-8573,yjones@example.net,UK,Peckborough,66764,2024-12-15
C3777681,Danielle,Rodriguez,1981-12-11,F,+1-967-425-3175x083,david91@example.com,U.K.,West Theresafurt,12684,2023-02-28
C2977673,Christopher,Baker,1944-06-29,Other,(667)353-0870x4085,joneselizabeth@example.org,United Kingdom,East Jennifer,27728,2025-06-09
C3680150,Angela,Olsen,1964-02-17,Other,701-804-3684x829,daniellemcintosh@example.net,GB,Edwinview,99818,2022-11-21
C7795320,Robert,Moore,1994-11-17,Other,343.211.1352x0557,reginald68@example.org,England,Lake Tracymouth,99623,2025-04-19
C3232286,Leah,Torres,1970-11-18,F,385.833.5340x966,jpeters@example.net,United Kingdom,New Matthewstad,17311,2022-02-16
C1308158,Stephanie,Thomas,1970-07-13,Other,Unknown,bradleymark@example.com,U.K.,South Cynthia,49653,2025-08-25
C7641324,Franklin,Fox,1978-09-24,F,6806980365,danielleperry@example.com,UK,Lake Paul,71940,2022-06-24
C2740783,Joe,Hall,1949-06-09,M,N/A,charlottegonzales@example.org,U.K.,Richstad,98571,2025-12-21
C2296390,Barbara,Herrera,1959-03-09,Other,,sromero@example.net,GB,Lunaport,00931,2025-04-16
C9779495,Lisa,Wilson,1960-03-01,M,(800)696-8910,angeladiaz@example.com,UK,Laurafort,57189,2026-06-03
C76557,Cynthia,Pacheco,1944-10-10,F,(598)475-0451x93060,robert70@example.net,United Kingdom,West Mariabury,94653,2022-07-11
C2898217,Nicole,Simon,1936-07-02,M,(780)580-6859x0869,adouglas@example.com,United Kingdom,North Felicia,08558,30/07/2024
C9396520,Mary,Young,1943-12-25,F,NULL,xware@example.org,United Kingdom,Melissastad,28365,2024-01-21
C4993490,Eric,Frank,1960-03-16,NULL,(990)966-9774x22791,suzannepalmer@example.org,GB,North Emilyburgh,44363,2021-10-15
C4563770,Cindy,Kim,08-30-1990,M,+1-985-429-3459x51589,josephmitchell@example.net,GB,North Terry,19601,2022-05-29
C8751385,Glenn,Byrd,02/06/1968,Other,987-302-8399x67145,farmstrong@example.org,UK,South Richard,89180,2024-09-14
C9266551,Chad,Shaffer,2004-11-01,M,365.385.1554,heatherberger@example.org,U.K.,West Scottview,12565,2026-07-19
C5133609,Jeff,White,1967-08-15,F,889-763-7150x5230,ortizeric@example.net,U.K.,Hinesberg,31722,2022-05-18
C2391907,Jesse,Watkins,1980-11-30,M,673.957.5573,michaelwall@example.org,United Kingdom,South Megan,88718,2022-03-15
C1918498,Christopher,Fleming,1944-08-22,M,386-616-5730x6605,barkerbrandi@example.com,GB,Port Katherinemouth,46053,2023-09-08
C6290053,Kevin,Silva,1960-07-20,F,651.460.1158x28709,pattersonjames@example.com,United Kingdom,Angelafurt,51821,2025-09-15
C6607000,Raymond,Lee,1946-05-24,Other,+1-330-879-8323,georgeramirez@example.net,U.K.,Summersfort,16943,2023-10-02
C4453473,James,Greer,1981-04-27,Other,891-816-3886,paul15@example.org,U.K.,East Nicholasville,76297,2024-06-24
C9918620,David,Johnson,1938-08-23,Other,639.853.4761,kristin12@example.net,United Kingdom,South Joshuafurt,47718,2022-07-19
C7633450,Christine,Wilson,1998-02-04,M,+1-407-345-6799x58698,diane14@example.net,UK,Port Daltonton,41821,2023-05-06
C3335833,Jessica,Cantu,1945-01-28,F,995.726.7189x19776,murphyshannon@example.net,GB,Brownfurt,57736,Tomorrow
C5067978,Bryce,Jones,1958-05-13,NULL,305-758-6929x9074,banksjennifer@example.net,GB,New Joyceton,56406,2022-04-21
C1150556,Joseph,Unknown,1989-06-07,M,822.353.7698x00310,kcox@example.org,GB,Kelseyfurt,59035,2026-04-03
C450607,Micheal,Harrell,1989-09-21,M,+1-592-673-9249x06557,yburton@example.com,England,Brittanybury,13405,2021-11-21
C3212997,Charles,Evans,1987-06-02,F,626-877-3955x05369,ashley25@example.net,GB,New Jennifer,14906,2024-05-17
C1086383,Matthew,Davis,1967-09-04,M,+1-456-295-0592x913,chasetaylor@example.org,U.K.,Port Robertberg,43542,2024-05-12
C7235772,Jacob,Davis,1997-05-24,NULL,(241)597-4473,timothyclark@example.net,England,South Stephanie,09902,Yesterday
C1482673,Holly,Chapman,19980711,F,719.410.0205,schultzsteven@example.org,England,New Craig,32256,2026-03-24
C5016965,Courtney,Pearson,1940-12-24,NULL,+1-238-316-3549x1591,jorobinson@example.net,U.K.,Colemanmouth,82510,2022-07-12
C6356745,Bradley,Wood,1962-05-22,F,+1-393-997-7949,gregory93@example.com,UK,Smithhaven,54211,2021-12-29
C3763726,Robert,Mora,1968-11-30,M,(262)485-8920,georgekaiser@example.com,GB,Port Lisaberg,37361,2023-03-20
C1981013,Emily,Davis,1949-08-21,M,NULL,doughertychristina@example.com,United Kingdom,West Kelly,14013,2025-08-03
C2690658,Michael,Patterson,01-03-1998,NULL,796.670.9098,natasha90@example.org,U.K.,Jorgeborough,98361,2026-03-15
C5591435,Michael,Unknown,1983-08-27,F,902.471.7368x714,dhansen@example.org,England,Kristenmouth,10911,2023-12-25
C7987688,Katherine,Johnson,1987-04-15,M,984-950-8391,ashleyhendrix@example.net,GB,New Jeremymouth,57965,Tomorrow
C2802269,Anthony,Stevenson,1973-09-17,F,373.411.7363x15211,espinozawhitney@example.net,U.K.,Lisahaven,89842,Yesterday
C3996433,Kimberly,Robles,2000-11-13,NULL,735.204.1830,ywilkins@example.org,GB,South Christopher,44824,2022-11-17
C7281629,Gary,Bailey,1936-12-20,NULL,932.651.0662,gzimmerman@example.org,GB,Port Darlene,00544,2026-01-08
C9556064,Kevin,Davis,1971-02-05,Other,2724692517,harristerri@example.net,GB,New Devinborough,37106,2025-10-04
C5038408,Gary,Mayer,1963-09-29,NULL,+1-607-298-3862x144,tarmstrong@example.com,UK,New Robertshire,82546,2026-03-15
C3610855,John,Bennett,1966-05-05,F,+1-465-625-1027x71461,patrick27@example.net,United Kingdom,Edwinmouth,06213,2022-07-25
C4266643,Brenda,Edwards,1982-04-26,F,658.572.9923,jamesrobinson@example.org,England,Butlerview,77591,2024-05-05
C8139249,Catherine,Lee,27/01/1936,NULL,646-636-7398,scott51@example.com,United Kingdom,South Jeffreyville,38660,2025-04-07
C8905402,Joe,Walker,1947-05-27,NULL,001-911-559-4504x554,laradavid@example.net,United Kingdom,Snydermouth,61738,2022-06-12
C5385516,Brian,Doyle,1943-07-04,NULL,792.522.0299x2329,nharrington@example.com,UK,West Debra,46610,2025-06-06
C4723714,Nathan,Sanchez,1971-03-29,NULL,684-580-0830,terrythomas@example.net,United Kingdom,Port John,73027,2023-07-06
C7231495,Pamela,Ross,1939-01-15,Other,621.234.8520x024,meyerssteven@example.net,UK,New Jaimeberg,85750,2025-12-08
C4579845,Alicia,Hebert,1985-02-21,NULL,+1-371-918-8303,webbcory@example.com,U.K.,Christopherburgh,52220,2026-04-16
C921315,Todd,Lane,1939-03-03,Other,886.667.0322x7798,lisadavis@example.org,UK,Victorshire,24086,2024-07-17
C2742254,Tara,Miller,1973-02-06,F,001-394-819-1123x837,anita06@example.org,UK,Hallfort,97835,2026-05-22
C7619517,Benjamin,Torres,1966-09-10,F,452.477.2035x863,alanvalentine@example.org,UK,Victoriafurt,14461,2021-08-30
C5578244,Anna,Chambers,1961-04-03,Other,(367)421-2262x5042,wlester@example.com,GB,Lake Allen,36807,2024-05-12
C6275781,Kendra,Humphrey,1983-01-21,M,953-619-0653,stran@example.com,GB,Hernandezville,49533,2023-12-30
C1759703,Sandra,Page,1989-09-22,M,+1-585-579-4782,dunnanthony@example.net,United Kingdom,New Jeffreytown,38547,01-23-2023
C8453558,Adam,Huff,2005-06-29,Other,+1-531-733-0444,joshuawilcox@example.org,U.K.,Lake Dustinland,80142,2023-12-30
C238991,Christine,Mccarty,1951-03-03,Other,315.854.2831x31543,bellison@example.com,United Kingdom,East Pamela,07414,2024-06-18
C2553328,April,Gay,1950-05-30,NULL,(942)626-4520x9012,tramirez@example.com,UK,Cooperborough,66452,2026-06-14
C7261076,Jonathan,Lutz,1973-03-28,M,465-497-1047x0201,amyjames@example.net,UK,Andreabury,94192,Tomorrow
C9936431,Cindy,Washington,2002-10-10,NULL,001-587-405-4170,lloydfrancisco@example.com,GB,Montgomeryburgh,80737,2023-10-25
C9155887,Karen,Evans,1989-03-09,F,,uhuff@example.com,UK,North Ryan,34316,2022-06-07
C2899657,Lauren,Robinson,1998-11-03,F,488.614.8601x8282,sean81@example.com,GB,North Brian,85090,2025-05-29
C154097,Katelyn,Alvarado,1944-07-14,F,383-533-6762x42644,karen62@example.net,U.K.,Thomasville,99815,2023-02-28
C9075240,Kyle,Saunders,28/09/2007,F,819-315-8850,grayloretta@example.net,GB,East Patrickburgh,44264,2022-09-17
C5926378,Larry,Gutierrez,2001-07-29,Other,+1-968-416-7002x3844,roger51@example.net,UK,Samuelport,23623,2026-02-18
C4801639,Chelsea,Kennedy,1995-06-10,M,272-215-6787x58910,james89@example.net,U.K.,South Wendyton,16780,2023-08-17
C1893198,Ann,Brewer,1992-11-15,NULL,001-226-203-9381x3374,reginawilliams@example.org,U.K.,Rogerton,83419,2022-05-22
C2872051,Howard,Ball,1979-08-18,NULL,(616)389-2017x85968,zjohnson@example.net,GB,Fieldsfort,47458,2023-02-06
C2644416,George,Martinez,1972-03-08,NULL,+1-826-619-5526x7809,bbeard@example.org,GB,South Davidfurt,37160,2025-10-17
C8837314,Jay,Vega,1983-07-29,F,001-412-217-5471x485,vicki15@example.net,United Kingdom,Riversfurt,32130,2022-05-19
C7542591,Stephanie,Tran,1935-12-08,Other,(928)976-4163x43650,kimberly05@example.net,UK,Cruzborough,20194,2022-05-30
C9702466,Lindsay,Jackson,2002-04-16,M,319.676.7056x20771,rrogers@example.org,U.K.,East Frederick,62180,2021-09-06
C7034676,Jason,Hernandez,1981-10-15,Other,(599)995-3195x85484,phodge@example.com,U.K.,Williamsstad,45570,2021-12-05
C8612922,Amber,Bush,1987-03-06,F,001-398-802-5401x295,matthewlin@example.org,United Kingdom,Christopherchester,91048,2023-02-10
C5315859,Nicholas,Perez,1957-11-12,F,602.968.5366,anthony22@example.net,United Kingdom,South Dawnport,35468,2024-11-27
C4794393,John,Sweeney,1963-01-06,F,560-675-2348x34495,bpacheco@example.net,U.K.,West Jordanside,48298,2023-07-16
C8377537,Shaun,-,1992-09-19,F,959.454.4677x210,garciamichelle@example.net,GB,South Shane,92702,2024-06-02
C8331725,Perry,Nash,1994-12-07,Other,+1-333-819-3138x911,robertwalker@example.com,GB,South Carol,40153,2025-08-23
C3487167,Lisa,Simpson,1995-04-11,M,6417338337,thorntonwilliam@example.org,GB,Tylershire,27704,2024-02-29
C8313351,Timothy,Garcia,1962-04-29,NULL,2803164370,iowens@example.net,GB,Port Brandon,57409,2022-10-24
C7900280,Chad,Lewis,1976-08-26,NULL,253-612-6099,katrina48@example.net,United Kingdom,Adamborough,57674,2026-03-16
C8315814,Andres,Ray,1956-11-26,NULL,001-683-628-9622,jonlong@example.org,England,Kristinland,12640,2025-01-27
C1657220,Albert,Thompson,1979-06-27,Other,824.593.3881,cohenbenjamin@example.org,England,North Brenda,52685,2025-10-14
C693630,Billy,Davis,1996-09-14,Other,469-577-2687,cbarnes@example.com,United Kingdom,North Amandaview,26554,2025-04-06
C569506,Brittany,Delacruz,1996-07-21,M,+1-345-964-2142x1990,tiffany79@example.net,England,West Michael,09442,2024-10-04
C9866159,Alyssa,Davis,1961-07-19,NULL,+1-443-859-8974,johnpayne@example.org,United Kingdom,East Brendachester,83412,2022-01-15
C3867122,Jamie,Waters,1977-11-12,Other,5856334541,ashley58@example.com,GB,West Kevinmouth,65095,2024-04-26
C6718864,Levi,Castillo,1988-06-10,NULL,(704)860-3900x300,qjackson@example.org,England,North Antonio,03652,2023-08-24
C4911494,Anna,Fields,1940-04-21,M,(425)511-7316x2673,kimdebra@example.com,UK,Jeromeshire,04985,2024-08-31
C5129523,Michael,Cherry,2007-09-25,Other,384-702-1497x284,montgomeryjohn@example.org,England,Danielletown,56822,2023-07-25
C7147696,Katherine,Barker,2006-04-23,F,611.389.9055x757,hallmichael@example.net,GB,Port Shellyhaven,61223,2023-02-03
C6700620,Roger,Soto,2001-09-12,Other,+1-284-233-4459x1172,lawrencechandler@example.net,U.K.,Jeffreystad,97528,2023-12-05
C7384638,Adam,Clark,1960-11-16,M,726.361.8282x625,xcurry@example.com,GB,North Joseph,96036,2026-04-22
C2819693,Stephen,Fischer,1952-03-08,NULL,+1-965-652-3897x125,jessica68@example.net,UK,New Christopher,43941,2023-04-27
C5744660,Jeremy,Barron,1938-07-28,F,798-344-6047x611,curtissteven@example.org,United Kingdom,Port Jenniferbury,52769,2023-08-27
C4079139,Anne,Gates,1990-05-19,M,001-288-613-5208x546,erojas@example.org,England,Beltranburgh,85329,2023-11-26
C8035772,Susan,Gardner,1949-07-30,M,001-631-526-2384x83665,aliciabooth@example.net,UK,Angelhaven,72987,2023-07-17
C3521160,Tyrone,Underwood,1936-11-15,F,(355)327-9107x64574,zsimmons@example.com,UK,New Patrick,37885,2025-12-13
C2066168,Maria,-,1998-06-11,NULL,314-877-2047,travis46@example.com,GB,Walkermouth,94948,2026-01-08
C6270593,Justin,Meyers,1971-04-22,M,217.648.3929,jenniferperez@example.net,UK,Cunninghamside,52794,2021-12-30
C910525,Raymond,Pruitt,1985-10-02,F,(930)476-8307,antonio67@example.net,U.K.,Port Amber,45364,2024-07-27
C8861444,Unknown,Fields,1989-08-22,NULL,646-241-8830x1380,dgilbert@example.com,GB,Port Christinastad,83151,2025-01-28
C4135388,Deborah,Collins,2001-04-30,F,(842)291-8046,erin34@example.com,England,Sharonview,21314,2024-08-04
C750424,Juan,Guerrero,1965-12-02,Other,522.840.3250x467,mwilliams@example.org,U.K.,North Charles,76584,2025-10-26
C7667876,Walter,Johnson,1977-01-02,NULL,+1-266-225-2820x3081,xmartin@example.net,UK,Thomasshire,59585,2025-04-12
C3775551,Madeline,Lopez,1996-11-03,M,7207564230,smithstephen@example.net,United Kingdom,Walshstad,76310,2024-10-16
C6936026,N/A,Cherry,1949-10-09,Other,6858357933,thomaselizabeth@example.net,United Kingdom,South Tony,72489,2024-02-26
C5766158,Bryan,Arnold,1975-02-12,Other,+1-749-440-3712x16917,bennettchristopher@example.net,U.K.,Maryfurt,05431,2022-02-06
C3901325,Linda,Martinez,1947-11-28,F,001-920-405-1146x78959,stephensthomas@example.net,U.K.,South Donald,56141,2022-08-26
C8649733,Michael,White,1960-12-29,M,598-331-7353x990,victoriaroberts@example.com,GB,Port Brittany,13104,2023-03-20
C5974272,Jason,Taylor,1956-08-14,M,385-734-7961x45836,simonjohn@example.org,United Kingdom,East Todd,42603,2026-06-27
C9352875,Janet,Scott,2003-07-15,M,N/A,smithmichael@example.com,U.K.,Port Anthonyfort,69139,2025-11-19
C8784354,Keith,Gonzalez,2003-01-23,F,001-382-557-5872x5391,dmedina@example.net,U.K.,Port Taylortown,54910,2023-02-18
C1780961,NULL,Johnson,1938-01-06,M,867-899-3005x6230,robert10@example.net,United Kingdom,South Georgestad,08230,2025-11-25
C4011687,David,Barnes,1949-08-29,Other,473-454-0430x34461,john01@example.org,U.K.,New Martinport,97890,2023-08-07
C3170637,Kimberly,Ortega,1940-04-18,M,795-937-4260x048,barbara43@example.com,U.K.,North Carla,56943,2023-09-13
C6212413,Amy,Hutchinson,1944-12-21,NULL,467-293-2303,ihiggins@example.net,GB,Reynoldsbury,93100,2024-06-17
C7629240,Peter,Paul,1964-09-09,F,(574)301-9332x317,philipdaniel@example.org,England,West Calvinborough,15004,2022-09-05
C922147,David,Moreno,1997-06-20,M,9027202693,arielhobbs@example.net,U.K.,South Jessicamouth,80739,2022-08-20
C7722978,Sandra,Tran,2002-10-09,NULL,266-333-0175x11735,oward@example.org,GB,Kristineton,46639,2024-02-26
C4886417,Laurie,Johnson,1976-12-08,Other,941.454.0556x89568,micheal63@example.org,GB,North Michelleland,44556,2021-11-08
C1709599,Melinda,Davidson,2001-06-03,M,431.772.3979x8343,dwaynesantiago@example.net,UK,Port Susan,34946,2023-10-08
C8132278,Susan,Santiago,1976-04-28,F,+1-331-788-5045,qowens@example.com,UK,Alyssamouth,08287,2022-02-03
C1750972,Allison,Mullins,1979-06-05,NULL,668.343.4045,gina21@example.net,UK,Kylehaven,37279,2025-03-14
C7399047,Michelle,Michael,1959-05-10,F,001-954-579-8278x142,jyork@example.org,United Kingdom,Port Stephanieshire,61314,971840345
C9363626,Alex,Johnson,2002-08-07,F,357-912-9181x51295,sierrawoodward@example.org,UK,Christophertown,11491,2023-09-24
C7896274,Laura,Hall,1979-09-27,M,N/A,chernandez@example.org,United Kingdom,Stoutmouth,90394,2026-07-19
C2449693,Michael,Salazar,1990-03-01,M,+1-576-265-2039x648,lindabrady@example.org,GB,North Jamesview,43115,2025-08-21
C4504019,Alexander,Cortez,1978-08-24,F,785.675.2888x007,rodney80@example.com,England,Murraystad,34126,2022-10-22
C7626059,Cheryl,Shaffer,1968-08-05,NULL,783-626-3409x82859,ljackson@example.net,U.K.,Port George,83392,2025-02-08
C5517105,Mary,Davidson,1945-07-04,M,001-668-562-4020x541,poncealicia@example.org,GB,Hallview,62639,2022-10-23
C3791184,Alicia,Ward,1950-12-17,M,401.822.8673x20047,erin13@example.org,U.K.,Victoriamouth,84891,2021-11-21
C9587601,Matthew,Harrell,1968-06-21,Other,001-855-964-5080,yhuynh@example.com,UK,North Monicabury,52853,2023-09-18
C3468730,Jasmine,Jones,1975-08-23,Other,(770)592-3374x644,stephenskelly@example.org,UK,West Justin,83104,2025-07-20
C3331372,Sean,Walker,1968-11-22,F,+1-360-902-1679x597,chad81@example.com,U.K.,Lake Margaret,84443,2023-02-08
C3370580,Jason,Donovan,1962-09-29,F,001-355-987-3880,anthonyhayes@example.net,England,Yvettemouth,14550,2025-11-27
C8965910,Carla,Mendez,1977-11-23,F,785.478.8698,smithelizabeth@example.com,United Kingdom,Smithstad,26223,2026-08-02
C2596853,Beth,Powell,1962-01-15,Other,+1-513-847-9963x00247,rebecca12@example.com,GB,Shannontown,65983,2024-03-25
C2626524,Patricia,Solis,1971-02-05,M,+1-368-201-1441,danielle19@example.org,UK,East Teresa,04271,2022-11-29
C7556090,Crystal,Morris,2001-06-18,F,+1-951-743-4440x156,christopher37@example.org,U.K.,Millerview,35130,2022-03-13
C5129921,David,Taylor,1955-09-11,M,395-770-2039,tlarson@example.org,United Kingdom,South Tiffany,43773,2022-08-21
C6201361,Lawrence,Jackson,1948-01-01,NULL,3742435746,singhrachel@example.com,U.K.,New David,98884,2022-02-27
C919215,Edwin,Stewart,1962-11-27,M,(780)330-8352x4716,crystalmartin@example.net,U.K.,Nathanbury,73026,2022-05-12
C7032055,Tyler,Baker,1944-09-12,Other,001-835-654-3325,bhunt@example.com,England,Coryfurt,93641,2025-03-15
C5573289,Jennifer,Parks,04-14-1954,NULL,(413)530-8377x50774,sarahmorgan@example.net,U.K.,Port Michaelville,28470,2024-06-07
C1947350,Aaron,Banks,1985-10-07,M,+1-835-950-8414x509,wvaughan@example.org,England,Weberburgh,24379,2023-05-21
C6882660,Sharon,English,1986-11-26,NULL,001-760-206-7337x89655,cameronchristopher@example.org,GB,Shawnstad,98106,2024-08-05
C4523550,Ann,Williams,1990-12-25,M,311.986.5416,hcarter@example.com,U.K.,Donnaview,35511,2021-12-11
C8646213,Natalie,Turner,1954-07-06,M,989-543-9638,vasquezkyle@example.net,UK,Brianland,02249,2023-07-18
C1299045,Kaitlyn,-,1974-10-23,NULL,(626)863-8804x47328,susan60@example.net,England,Port Samanthabury,07589,2024-02-18
C2070314,Stephen,Martinez,1973-04-05,F,658.884.4241,jonessarah@example.net,GB,Lake Yolanda,26768,2022-03-23
C2095617,Richard,Prince,1953-11-11,Other,650.833.0363x9340,martinjohn@example.org,England,South Darren,34393,2021-08-13
C4920171,Charles,Austin,1979-12-27,Other,728.827.2111x37047,tiffany02@example.net,England,North Leeport,47703,2024-09-02
C1836273,Marvin,Lambert,1992-07-13,Other,+1-813-649-7802x331,xsimmons@example.org,GB,Port Michael,45413,2024-10-12
C3863225,Tara,Harris,1993-04-01,M,+1-795-277-2788x44468,xhall@example.org,England,East Kendra,28129,2026-02-10
C5323785,Desiree,Hernandez,1979-04-26,NULL,(283)987-4595x811,scott78@example.com,England,Lake Russell,79522,2022-12-31
C7942466,Johnny,Silva,1947-04-25,F,299-804-4494x33205,sawyerpamela@example.com,U.K.,New Jordan,55058,2023-10-23
C3428094,Harry,Sosa,1961-04-02,F,496-319-7812,bradfordchad@example.net,U.K.,New Benjaminland,04751,2023-04-16
C6982650,Randall,Ingram,1969-03-18,M,(817)986-3949x2590,ybyrd@example.org,UK,Josephborough,43753,2025-06-15
C4351077,Dawn,Yates,1946-11-19,Other,+1-234-282-2299,zmoore@example.org,U.K.,East Josephchester,92420,2026-04-18
C6909453,Robert,Bradley,1980-11-18,NULL,N/A,maurice92@example.net,U.K.,Rodriguezbury,08301,2021-12-30
C1415420,Gerald,Nichols,1979-02-22,NULL,848-483-2613x00067,lucascheryl@example.com,UK,Marshallshire,02644,2024-07-15
C5431175,Carrie,Roberts,1988-01-26,Other,(655)236-4164x88543,jason08@example.com,U.K.,Port Paul,68130,2022-03-13
C7823545,Unknown,Newman,2001-10-19,NULL,+1-773-486-2230,thomasgilbert@example.org,UK,Susantown,23022,2026-06-09
C6914018,Wesley,Williams,1949-09-21,M,N/A,danielsrobin@example.com,England,South Denise,20434,2022-05-17
C5855163,Benjamin,Hernandez,1940-07-25,NULL,(737)409-1205x0735,rosstracy@example.com,U.K.,Brownberg,05351,2026-07-14
C4814498,Luis,Cross,Yesterday,Other,001-576-994-2991x8415,vmeyer@example.net,GB,North Juan,95922,2024-04-26
C1963537,James,Avila,1948-07-01,NULL,(212)921-9106x061,reginagutierrez@example.com,U.K.,Harrisstad,75110,2024-12-01
C2814774,Ashley,Brown,1949-05-19,NULL,416.319.0370x702,jlong@example.org,United Kingdom,Rodriguezland,36585,2024-08-01
C4754574,April,Hays,1989-08-16,F,329-240-2403x448,lucerochad@example.net,England,Lorraineside,02346,2026-07-21
C2695906,Douglas,Williams,1995-02-07,NULL,675-509-3485x711,gvincent@example.com,GB,Hollyhaven,02246,2021-09-30
C7895006,George,Thompson,1996-10-25,NULL,940.858.9611,swhite@example.net,UK,Sheenamouth,41462,2023-02-02
C6226249,David,Gomez,1937-12-07,M,+1-857-985-8198x802,amanda65@example.net,England,Wilsonbury,93818,2026-04-26
C8264569,Marissa,Friedman,1996-01-04,F,509.489.8878,josephherman@@example.net,England,Perezshire,77680,2023-11-10
C9543043,Alan,Stevenson,2004-12-17,Other,865-662-4576,kmeadows@example.net,England,Judithland,36063,2024-12-02
C8774094,Carla,Patterson,1951-08-04,M,001-864-974-9725x34408,cindy66@example.org,England,Cliffordfort,69752,2022-05-01
C3627423,Amy,Levy,1949-11-25,F,689.948.7973,brian64@example.net,U.K.,Lake Misty,04140,2023-05-29
C2074536,Stephen,Davis,2002-09-30,Other,224-891-4113,lisa15@example.net,U.K.,South Philliptown,27767,2023-06-24
C9729748,Karen,James,1967-08-31,F,001-694-709-3837x764,snowmartha@example.org,GB,South Tammy,94372,Yesterday
C4230713,Adam,Hall,1977-01-04,Other,+1-743-749-4926,kevinvelasquez@example.org,GB,Colleenmouth,17914,2025-10-17
C654464,Duane,Salas,1938-10-14,NULL,388-572-6112x238,kaylaperez@example.com,GB,Daymouth,69271,2025-12-27
C6174691,Kara,Kelley,2005-01-19,M,N/A,michellekoch@example.com,U.K.,South Emilychester,22215,2022-05-24
C6769243,Chelsea,Donovan,1979-06-05,Other,(875)663-1320x04710,kayla47@example.org,GB,Robertville,62052,2025-06-06
C2658949,Justin,Miller,1962-01-08,M,950.450.9220x8076,ibarrajames@example.net,United Kingdom,Millerland,80211,2023-05-27
C9803508,Paul,Davidson,1970-09-12,F,+1-893-797-7570x436,awells@example.org,U.K.,Michaelmouth,14252,2024-06-20
C116393,Courtney,Dixon,1964-07-24,M,286.572.7703x58786,smiller@example.net,UK,Russellberg,06935,2026-05-02
C6233512,Amy,Gould,1999-05-31,M,306-395-1637x332,andersonkathy@example.net,England,South Jennifer,15216,2022-07-14
C5680530,Martin,Marshall,1965-05-04,NULL,+1-523-620-5197,amber89@example.org,United Kingdom,West Josephmouth,88648,2023-11-18
C4570418,Christopher,Hendricks,1999-08-18,NULL,724.474.1429,seanpeterson@example.org,GB,Stephanieshire,71510,2025-07-11
C5546410,Gabrielle,Olson,1966-04-13,M,001-682-571-9918x3600,gmurray@example.net,UK,Courtneymouth,08949,2024-09-06
C25241,James,Phillips,1949-12-27,NULL,(220)526-5380,robinsonchase@example.net,GB,New Robertland,08951,2025-10-25
C2853905,Kelly,Curry,1963-09-28,Other,383.318.0983x6921,kathleenharrington@example.org,GB,Whitneyview,29891,2023-10-29
C643902,Nicholas,Everett,1965-04-25,M,NULL,george55@example.com,GB,North Kathleenfurt,79805,2025-08-09
C2749848,Kathleen,Walls,Yesterday,M,001-413-315-6277x938,xoliver@example.net,UK,Davisville,39511,2026-03-14
C198191,Katherine,Burgess,Tomorrow,M,704-315-9239,nancy21@example.net,U.K.,Smithview,63877,2026-02-02
C3746911,Tanner,Yang,1938-04-27,Other,657-690-3475x717,cynthia76@example.com,United Kingdom,New Nicholas,37505,2025-01-03
C855439,Theresa,Taylor,1947-04-01,M,(570)696-5235x827,jeffreybentley@gmal.com,GB,East Josephhaven,97302,2026-05-25
C2514733,Jill,Frazier,2001-01-19,Other,001-728-470-5415x596,kthomas@example.com,England,Lucasmouth,62184,2024-12-27
C2481977,Kirk,Chapman,1980-09-27,Other,(439)729-2719,bradleytom@example.net,United Kingdom,Joeborough,92525,2024-11-02
C8579114,Susan,Anderson,1938-01-30,Other,298.532.2908x700,brianadams@example.net,United Kingdom,Costashire,63269,2026-05-16
C2200895,Stephen,Turner,1995-02-21,Other,586.496.3013,andrew22@example.org,England,South Colleenbury,27925,2022-04-24
C289618,N/A,Rios,1957-06-18,M,647-703-6480,popejames@example.net,UK,North Beckytown,57337,2026-06-11
C3572877,Amber,Weber,1963-12-31,Other,+1-811-923-6166,williamsmatthew@example.org,GB,New Emilybury,67426,2025-08-17
C2086115,Evan,Torres,1942-01-29,Other,914.618.0037x9985,denise78@example.com,GB,West Cindybury,36764,2024-09-28
C1018381,John,Oneal,2007-09-02,NULL,933.440.1118,mariamiller@example.com,United Kingdom,West David,27614,2023-03-22
C134802,Kayla,Calderon,2005-08-26,NULL,001-213-250-7661x51871,kimberlycobb@example.org,UK,East Morgan,59159,2025-07-10
C5673886,Leah,Anderson,1995-03-08,M,929.358.5065x0054,robert64@example.org,England,South Meganview,46156,2024-05-18
C789163,Cheryl,Matthews,1958-08-21,F,001-847-226-4924x4548,kcarter@example.org,United Kingdom,Michelefurt,08394,2022-07-10
C1206009,Dawn,Henry,1948-04-08,M,782.721.8720x946,williamgilmore@example.com,United Kingdom,Josephfort,15341,2022-02-18
C87503,Jennifer,House,1954-10-07,F,6807268448,ashleyberg@example.com,GB,Melissamouth,54723,2025-04-02
C8058279,Jose,Peterson,1993-08-22,NULL,(822)392-2079,josephwright@example.org,UK,Weaverville,32571,2026-04-30
C9731216,Nicole,Lopez,1969-05-13,Other,899.970.6965,rfletcher@example.com,UK,South Alexander,25274,2023-01-07
C5830040,Joshua,Hayes,1935-12-12,F,(498)211-2548x563,johnbennett@example.com,United Kingdom,West Rachelport,87796,2024-01-19
C2004144,Tiffany,Nunez,1997-07-18,Other,(340)321-5124,ryanrandy@example.org,United Kingdom,South Mary,24329,2021-12-14
C3404723,Thomas,Tyler,1948-07-14,M,(404)516-1306x10756,ymoore@example.com,GB,Jeffreystad,19969,2021-11-04
C729449,Tina,Murray,1997-10-26,NULL,671.872.8330x696,stevenbraun@example.net,GB,Lake Steven,78946,2024-12-09
C6994559,Michael,Boyd,1962-06-05,NULL,750.537.1148x74544,paige37@example.com,U.K.,Robertsfort,90169,2022-01-12
C497988,Karen,Rodriguez,1968-06-16,Other,001-232-378-1753x0886,jeffreygomez@example.com,UK,Kellyland,75525,2022-12-08
C8200976,Alyssa,Kirk,1954-02-19,F,233-325-0512x219,kenneth06@example.org,U.K.,West Jennifer,48623,2023-07-12
C8484762,Megan,Rollins,1944-10-30,NULL,415-424-8090x040,jgriffin@example.net,England,North Geraldberg,87579,2025-02-24
C5186877,Rebecca,Mcdowell,1976-01-10,F,7596196173,hbrady@example.net,England,Sandersburgh,21655,2025-05-03
C3867705,David,Nicholson,1982-08-04,Other,001-637-393-2197x591,daniel56@example.org,UK,Johnnyfurt,73573,2022-02-23
C6427209,Nicholas,Reynolds,Yesterday,F,001-438-314-4113x87881,ericwilson@example.net,United Kingdom,Grayfurt,41150,2025-10-05
C5588396,Paul,Matthews,1951-12-29,Other,7763947821,adamlittle@example.com,U.K.,Lake Daniel,03755,2025-04-18
C4193740,Gina,Parker,1951-05-04,M,9075818272,ebony81@example.com,UK,Krystalmouth,45011,2024-05-21
C5035718,Amanda,Hicks,1955-09-06,NULL,399-619-5851x3634,david23@example.com,UK,Samanthaville,62665,2024-12-26
C3638377,Angela,Barnes,1936-06-25,F,001-608-619-5555x226,miguel16@example.net,England,Stewartfort,44526,2023-01-11
C7188407,Wesley,Weeks,2003-04-30,M,(678)421-0741x4549,cchapman@example.org,UK,Samanthatown,31552,2024-04-06
C2313997,John,Barr,1942-07-29,F,509-228-8873x4680,jennifernoble@example.org,UK,West Sethton,75014,2024-10-16
C5382199,Jonathan,Schmidt,11-13-1987,F,3898635158,lisamcdonald@example.org,United Kingdom,New Tammy,35092,Tomorrow
C5339472,Angelica,Davis,1992-08-30,F,(382)579-3907x4326,joanna81@example.com,GB,South Amanda,86868,2022-02-03
C845074,Nathan,NULL,1950-07-08,F,001-666-571-3053,flowerscory@example.com,U.K.,Aliceland,21550,2023-06-06
C7055335,Eric,Pearson,1955-08-24,F,001-528-749-9658x471,dennisjoseph@example.com,United Kingdom,Thomasmouth,77358,2024-06-23
C1267780,Douglas,Warren,1950-12-18,M,467-246-3480,christopheranderson@example.com,United Kingdom,Connerburgh,77637,2024-02-12
C6965702,Daniel,Martinez,2006-02-13,F,001-439-634-9205x840,lisa74@example.com,U.K.,Stephanieberg,18230,2023-02-12
C7582297,Raymond,Graves,1967-12-22,NULL,(956)909-1235,bradley98@example.net,U.K.,East Richard,82493,2026-06-14
C5255791,Michael,King,1954-10-20,M,+1-599-856-3023x7542,smithchristopher@example.net,United Kingdom,North Manuelland,29510,2024-06-01
C6981244,Laura,Fisher,1965-01-01,M,001-465-262-6367x304,mary65@example.org,England,Simmonsborough,38731,2022-10-07
C5923620,Sandra,Martinez,1974-07-31,Other,(462)833-7401x022,jordandavidson@example.net,England,Port Christina,11986,2025-10-27
C4791916,Bradley,Garcia,1958-07-05,F,+1-472-507-2463x9823,harrisjean@example.com,UK,Donnaberg,62654,2023-04-28
C690342,Joe,Jimenez,1970-10-04,Other,(611)911-0157,vbennett@example.net,GB,Mikaylaton,40606,2023-04-04
C9913178,Christopher,Rubio,1988-07-15,Other,+1-980-793-1657x44703,gonzalezeric@example.org,United Kingdom,Shieldsville,70321,2026-01-06
C7699201,Michael,,2004-03-03,NULL,727-770-7261x8777,lindseymeyers@example.net,UK,Devonborough,24661,2026-02-18
C4458287,Unknown,Lamb,1962-03-07,M,001-649-739-7187x65006,fmoore@example.net,U.K.,Lake Tinamouth,23277,2026-08-01
C3509784,Kelly,Morse,1977-04-25,Other,859.412.8827,lmiller@example.com,England,Hamiltonchester,42756,2024-03-29
C841956,Cynthia,Daniel,1987-01-13,F,4538553558,schaefermichael@example.org,United Kingdom,Shortton,51534,2025-08-30
C7366855,Sharon,Calderon,1987-04-16,F,681-869-9851x2591,vdodson@example.com,GB,Lake Nancy,29256,2024-09-21
C3131094,Alexandria,Ross,2002-11-24,Other,+1-909-952-2973,kevin31@example.org,UK,South Michael,64941,2025-12-06
C6992909,Amber,Johnson,02-03-1970,Other,932.740.7129,cvalentine@example.net,UK,Port Williamside,63679,2022-09-09
C7066932,David,Meyer,1988-10-24,NULL,001-726-918-1048,penningtonlydia@example.org,United Kingdom,East Kyle,82074,2026-07-21
C8543500,Taylor,,1959-02-19,M,(677)967-4317,wsharp@example.net,United Kingdom,Milesland,19907,2025-03-08
C4762754,Adam,Castillo,1961-03-27,NULL,+1-537-959-8846x938,richard11@example.org,U.K.,New Jessicamouth,88245,2022-11-12
C3881261,Ashley,Wade,1957-11-18,NULL,(395)998-6466x0438,xrogers@example.com,U.K.,West Sonya,02756,2025-11-24
C6998347,Lindsey,Lawson,1992-04-23,NULL,+1-717-657-4936x75569,elizabethdennis@example.com,GB,South Larryport,03144,2021-08-22
C6950116,Jenna,Rodriguez,1937-08-25,F,(374)991-8481,cooperemma@example.net,UK,East John,44183,2026-02-11
C3218242,Katie,Moore,1988-03-04,NULL,304.422.7999x18020,hernandezjennifer@example.com,UK,Ryanburgh,49968,2026-05-20
C7826161,Nathan,Wilson,2006-09-27,F,+1-424-539-7721,hubbardhoward@example.net,United Kingdom,Wandachester,71528,2025-02-11
C9292699,N/A,Freeman,2002-08-12,F,+1-504-885-2986x040,helenbarnes@example.com,UK,North Craig,99499,2022-06-06
C397094,Carolyn,Peck,1943-04-01,M,001-249-568-5278x65850,michaelharris@example.org,England,North Taylorshire,46616,2023-04-30
C4516461,Kimberly,Keller,1953-04-07,F,444.813.1964x099,wellsjesse@example.net,GB,East Heidiberg,91829,2026-04-05
C9224897,Gerald,Aguilar,1970-06-17,Other,001-583-310-3097,mark54@example.net,GB,North Richardview,13314,2025-04-28
C4086278,Melissa,Harris,1989-07-13,NULL,544-344-9641x78223,laura02@example.net,U.K.,Eddieville,01610,2025-06-09
C3568089,Kevin,Williams,1947-03-05,M,(549)384-4359x29684,khall@example.com,UK,South Michaelshire,74167,2022-04-20
C4126764,Charles,Chung,1948-10-27,F,+1-377-210-2245x38982,scottjustin@example.org,United Kingdom,Tiffanybury,72157,2023-03-28
C7506824,Nancy,Gutierrez,1944-04-06,M,602.475.8310,mark18@example.org,England,Jacobborough,84561,2022-04-12
C8126881,Andrew,Taylor,1967-11-13,NULL,001-418-719-6466x55373,brandonburton@example.com,England,New Rick,64721,2023-07-13
C1448591,Ana,Mills,1972-04-18,NULL,001-444-393-9063,paulfernandez@example.net,England,Robertsonmouth,44742,2025-06-14
C56554,Joanne,Stevens,1947-08-27,M,001-249-354-0443x27637,anngordon@example.net,U.K.,Port Zoefurt,80310,2024-06-03
C6282524,Louis,Waters,1983-06-19,F,+1-443-732-0243x8919,thomas79@example.com,U.K.,West Kathryn,70776,2024-07-16
C7319227,Amy,Perez,1999-03-04,M,+1-204-243-4504x670,samuel86@example.net,UK,Dustinberg,54656,2025-10-22
C2473413,Michael,Solis,1980-12-26,F,717.311.1145x6467,castrothomas@example.net,England,Maldonadohaven,84223,2023-09-01
C5522232,Zachary,Nelson,1997-02-05,F,(673)618-6923x706,joanna24@example.org,U.K.,North Christopher,53317,2024-02-15
C4801423,Paul,Lozano,1977-08-27,Other,+1-966-425-1652x43926,shepardaaron@example.org,United Kingdom,New Lisa,02758,2025-03-09
C4354777,Timothy,Simpson,2007-09-02,NULL,945.608.6818,mark08@example.org,England,Mooretown,51993,2023-05-08
C3324580,Michael,Perez,1998-03-28,Other,(986)290-4783x4977,vasquezmark@example.net,UK,Cohenshire,27132,2023-01-31
C2526779,Donald,Hardy,1999-11-16,M,786.474.1265x34247,coreymcclain@example.com,GB,Middletonfort,36457,2025-03-21
C704051,Caleb,Benson,101505454,Other,9179752616,tmiller@example.net,U.K.,Elliottmouth,87857,2022-04-26
C9663845,Kenneth,Mcgee,Yesterday,M,+1-405-712-9758x9101,katelyn05@example.org,UK,East Leslie,53307,2023-09-23
C7442484,Kristin,Webb,2007-06-15,Other,782-694-3909x2853,dramirez@example.com,U.K.,East Sara,39591,2022-03-19
C1380560,Julie,Parker,1974-12-12,Other,(919)521-5162,pricedouglas@example.org,England,Bettytown,25732,2023-11-02
C1845458,Kathy,Cruz,28/11/1971,Other,9936971368,adamsjames@gmal.com,UK,Lake Matthewmouth,80479,2021-09-07
C3978600,Steven,Jimenez,1986-10-02,M,725-986-1892x598,sextonkimberly@example.com,UK,Wrightchester,51055,2026-04-04
C3195017,Vincent,Sanchez,2007-01-17,NULL,001-629-902-5079x635,teresa65@example.org,U.K.,West Jonathan,46390,2021-09-12
C7779606,Gary,Mcneil,1986-05-11,Other,001-817-809-9578x7867,francisco58@example.net,U.K.,Joshuaburgh,59369,2021-09-15
C8584004,Lisa,Jones,1985-02-26,M,+1-816-930-4441,pbaker@example.org,U.K.,Lake Kathymouth,69977,2022-07-01
C4820916,Alisha,Rice,1987-11-02,Other,001-678-592-0290x04439,marisaingram@example.org,U.K.,West Mirandabury,32429,2021-11-17
C564008,Joseph,Carr,1944-11-01,Other,581.878.6488x052,tammy13@example.com,UK,North Matthew,13619,2023-10-24
C6354735,Jason,Ray,1973-11-03,M,N/A,nicolemason@example.org,UK,Shanemouth,73894,162082685
C4837006,Joseph,Schneider,1996-01-15,NULL,+1-866-416-3653x417,abigail56@example.com,GB,Perezshire,67484,2023-06-04
C99551,Scott,Palmer,1997-01-19,NULL,001-636-278-6348,mboyle@example.com,UK,New Robin,93730,2024-04-03
C714982,Kristen,Green,1944-06-03,M,7084227202,johnrodriguez@example.com,UK,East John,59972,2025-06-18
C425182,Tiffany,Meadows,1983-08-06,NULL,+1-754-485-2436x292,danielmoore@example.com,United Kingdom,Susanport,65043,2024-12-20
C5152166,Rachel,Salinas,1985-02-28,Other,+1-410-959-0743,bishoperic@example.net,UK,Jodishire,07623,2026-01-23
C5631868,James,Wang,1960-08-10,NULL,(643)455-7239x83759,hpatterson@example.org,United Kingdom,Andrewberg,86467,20240317
C2825434,Alyssa,Schmitt,1988-11-29,F,6628533083,kgreen@example.net,UK,East Jeremyfort,95282,2023-05-18
C3309231,Victoria,Ruiz,2007-12-05,F,466.701.9225x541,lawrencewalker@example.org,United Kingdom,Thomasstad,06959,2023-08-20
C4802220,Ashley,Gordon,Yesterday,Other,(996)443-2957x45228,uperez@example.net,UK,Port Emilyport,85272,2024-11-26
C3146702,Jeffery,Walls,2004-03-10,M,464-536-5287,caitlinsmith@example.net,UK,North Melissaville,50435,2025-05-02
C9110974,Kyle,Patel,1990-03-30,M,(623)865-1936,blevinssara@example.com,England,New Stephanieport,48935,2024-08-10
C7787068,Bradley,Thompson,1942-01-06,F,(412)832-6962,stephaniebell@example.org,England,Browntown,09156,2025-05-05
C2356207,Craig,Avery,1998-04-13,Other,472.370.3651x0892,lwatson@example.net,UK,East Evanfort,42319,2025-10-18
C5296029,Andrew,Krause,2005-04-30,F,001-317-287-5894x40073,jenniferwilliams@example.org,England,North Julieside,52322,2024-09-09
C764609,Kimberly,Williams,776138104,Other,721.949.5150x0255,ericelliott@example.org,United Kingdom,South Johnside,88296,2021-12-21
C4013725,Sara,Cooper,1989-09-30,M,+1-682-236-9781x99170,rhonda34@example.org,UK,East Riley,47083,2023-10-19
C2264195,Kelsey,Williams,1958-02-25,NULL,(498)845-0663,lindsey23@example.com,GB,Toddchester,81795,2023-10-09
C4855578,Penny,Mora,1940-07-08,F,843.357.9336x1232,rlivingston@example.net,England,North Jamie,36227,2026-05-05
C702876,Shannon,Howard,1983-01-02,Other,001-844-347-6245x5469,bmyers@example.org,UK,Millsview,22473,2021-09-18
C549583,Aaron,Bird,1974-02-18,Other,321.757.1587x68339,ivan93@example.org,UK,Chelseashire,77729,2025-11-07
C152152,Latoya,Patrick,1971-11-26,NULL,001-671-832-6451x80151,alexander06@example.net,U.K.,Bradleyberg,02615,2022-10-31
C1991422,Kara,Butler,1966-10-28,F,7279764865,bonniecunningham@example.com,United Kingdom,Millerfort,37001,2024-09-28
C5593048,Teresa,Wiggins,1994-08-17,NULL,(396)903-7904x05815,sabrinarubio@example.org,England,North Audreyfurt,18447,2026-04-02
C6397784,Clarence,Ferrell,1969-03-18,NULL,(923)607-9540x343,englishbrandon@example.com,GB,Port Johnshire,25565,2025-01-25
C2469176,Daniel,Johnson,1993-05-07,F,001-836-625-8490x54617,millertiffany@example.com,England,West Tonyhaven,46941,2026-05-09
C7438864,Kelly,Adams,1940-01-14,Other,(624)472-8006,pbrown@example.org,United Kingdom,Sanchezshire,37689,2026-02-07
C7518777,Robert,White,1937-12-20,M,+1-499-916-0620,randallandersen@example.net,UK,Mccoyborough,31828,2024-06-01
C6919031,Kaitlyn,Moore,1959-07-25,NULL,(962)695-5123x156,ygarrett@example.org,United Kingdom,North Jessica,06064,2021-10-01
C1221260,NULL,Jones,1990-08-29,Other,7966165898,matthew93@example.net,GB,Parkerburgh,18789,2026-04-07
C9148327,Steven,Nichols,1975-12-25,NULL,494-200-8066x237,gperez@example.com,GB,West Dylanmouth,20541,2025-10-09
C3975367,Michael,Knight,1955-12-10,NULL,585.512.4130x9402,robert59@example.net,GB,New Patrickstad,49227,2026-04-27
C9537502,Shannon,Henderson,1958-02-21,NULL,001-980-520-2295,powelltimothy@example.com,GB,Nelsonview,10495,70431777
C7608210,Melissa,Martin,1937-04-19,M,(473)515-1839,evanspatricia@example.net,United Kingdom,Port Trevor,80536,2023-01-05
C1414910,Shannon,Hawkins,1969-02-08,NULL,307-504-3679x4276,kenneth37@example.net,U.K.,South Jenny,22971,10-27-2021
C6511677,Joseph,Nunez,1937-09-29,F,686-515-3461x2285,robert54@example.org,U.K.,Matthewville,82690,2024-12-09
C9448168,Jennifer,Thomas,1937-05-29,Other,5223390205,vcollins@example.org,England,Lake Michael,36952,2023-12-28
C2399568,Tamara,Lucas,1999-03-02,NULL,(905)973-6692,lhughes@example.org,United Kingdom,Jenniferville,51796,2023-03-01
C4005614,Joshua,Lambert,1939-08-17,Other,(708)581-2324x026,ellisonpaul@example.org,UK,New Anthony,25823,2021-12-02
C3127009,Anthony,Baker,1971-09-06,Other,+1-607-584-4418x4706,alexiscampbell@example.org,UK,Cynthiaville,78036,2024-09-12
C3344519,Stephanie,Cameron,2001-03-01,NULL,(413)504-2585,zlester@example.com,UK,Lake Jenniferview,28421,2026-03-13
C9553040,Kenneth,Watson,1936-07-14,F,376.672.9494,ztaylor@example.com,GB,South Christianberg,29020,2025-04-05
C9526748,Nancy,Murray,644531656,M,2173486137,lparks@example.org,England,Vanessachester,90942,2026-06-12
C4007778,David,Rivas,2008-01-20,F,7698408259,snyderwilliam@example.org,U.K.,New Richardland,93016,2022-01-09
C5539319,Karen,Hall,1988-09-12,NULL,(714)402-4456,johnsonjeremy@example.org,United Kingdom,Port Cynthia,41559,2022-03-13
C7725571,Cheryl,Soto,1950-08-21,NULL,(855)705-9591,raymondwest@example.net,England,Lake Peterstad,62989,2021-08-27
C7372162,Adriana,Perry,1952-09-10,F,+1-865-754-9440x42031,perryzoe@example.net,England,East Victor,48873,2025-12-02
C6110844,Karen,Sanders,1971-06-02,Other,973-537-6287,christophersilva@example.com,UK,South Gregory,94693,03-11-2025
C9320764,Karen,Smith,1959-07-01,Other,745.609.4836,caitlin46@example.com,England,Lake Benjaminmouth,57456,2024-02-23
C6522780,Ann,Taylor,1958-06-17,NULL,+1-418-426-1535,franciscorobinson@example.org,GB,South Harry,80816,2022-12-20
C6008938,Kevin,Steele,1996-05-20,Other,001-430-582-8481,nathan63@example.net,GB,Dawnmouth,07828,2023-01-29
C6688706,Robert,Lewis,1993-03-07,M,5573316814,rodgersisaiah@example.org,England,Kevintown,48278,2026-06-09
C7328124,William,Rose,1988-06-07,NULL,856-463-2170x0276,psingh@example.net,England,West Michaeltown,77008,2023-02-14
C7980999,Alexandra,Cruz,1943-05-21,F,001-593-935-2117x35457,vcruz@example.org,England,Roberttown,75649,Yesterday
C6889682,Leah,Quinn,1975-05-10,NULL,243-584-2693x786,jonathan85@example.org,U.K.,Foxtown,66244,2023-01-26
C8805720,Rebecca,Davis,1954-04-07,F,(863)838-5725x0868,phillipsdavid@example.org,UK,Phillipstad,29294,2024-09-13
C7379402,Joseph,Smith,1964-08-24,Other,+1-484-953-6631x57359,shawn30@example.net,United Kingdom,West Tanya,22241,2023-01-07
C4643365,Ashley,Cruz,1948-10-17,F,001-594-424-8628x173,kjohnson@example.net,England,East Andrew,37676,2026-03-23
C8575993,Sarah,Gibson,1978-02-28,F,555.963.4290x17286,bruceaaron@example.net,United Kingdom,Port Brooke,41957,2023-02-20
C5264729,Timothy,Mitchell,2003-08-02,NULL,(682)780-9343x512,aevans@example.org,England,Deniseville,64424,2026-06-05
C6570792,Candace,Montes,1945-05-21,F,+1-768-539-2325x579,jeffreyjohnson@example.net,United Kingdom,New Audreytown,22711,2023-08-14
C9956344,Kevin,Clark,1972-09-10,NULL,394.531.1002x1305,snelson@example.net,UK,Jamesburgh,84419,2023-01-26
C5046617,Michael,Estrada,1951-11-05,Other,529-781-3094,april80@example.net,UK,Traceyberg,22405,2024-05-28
C2502631,William,Holloway,1979-05-31,M,001-430-650-8195x1285,hamptonteresa@example.com,England,West Cynthia,74764,2022-06-21
C665077,Todd,Nunez,1942-10-16,M,(394)920-5077x51815,summersjoshua@example.org,United Kingdom,West Dawnport,08289,2025-05-28
C1428021,Jeffrey,Edwards,2000-10-06,Other,(209)552-2985,kevin87@example.com,UK,New Amberchester,81458,2026-05-22
C3210865,Emily,Snyder,1948-09-10,NULL,(218)472-9947x94349,john10@example.net,U.K.,Anthonychester,48966,2022-08-26
C4368279,Adam,Keith,2002-09-09,Other,771.599.9485x124,yateskelly@example.org,U.K.,Lake Marilynside,89131,2025-07-08
C9973789,Shelby,Jones,1968-10-10,M,(602)888-6151,NULL,U.K.,Dianeland,01136,2025-10-14
C9163990,Jimmy,Turner,04-14-1971,F,001-409-312-1596x128,nwoods@example.org,England,Port Jasonhaven,11720,2025-10-18
C1483395,Lisa,Harper,1981-05-23,F,3592494868,amber51@example.net,England,Ashleystad,19445,2025-03-10
C7446909,Michelle,Jackson,1939-08-01,NULL,(286)656-5829x03485,ruizkatie@example.org,England,Milesburgh,31831,2024-07-30
C7299803,David,Ryan,1970-04-10,F,544-950-0778x737,barajasrobert@example.com,UK,Port Christine,25456,2025-09-14
C2789393,Kelli,Norris,1939-03-24,M,+1-480-606-1471,mooreamanda@example.org,England,Port Dennis,71486,2021-08-24
C5694601,Samuel,Sosa,1956-08-06,F,723-407-1575x13578,millerjonathan@example.org,GB,Raymondshire,40847,2022-05-04
C1789966,Deborah,Lee,12/06/1972,NULL,235.314.4943,michael18@example.com,GB,Leehaven,78603,2024-11-29
C651682,Robert,Miller,1982-09-21,F,+1-396-419-8274,carsonsarah@example.net,UK,Nicholasmouth,31748,2025-05-18
C8477798,Angela,Wright,2005-12-10,NULL,259-652-1106x110,tracyjohnson@example.com,UK,Port Lindaburgh,20204,2024-12-23
C4463435,Michelle,Osborne,1957-07-09,M,643.908.2445x278,ashleybutler@example.org,United Kingdom,Fernandezport,08497,2023-12-06
C4234490,Donald,Allen,1953-11-12,Other,599.281.5403x427,meganburgess@example.org,United Kingdom,Atkinsshire,73602,2023-05-16
C6515454,Bobby,Garcia,1987-09-26,Other,481.597.8511x2657,reedkevin@example.com,United Kingdom,North Reginaldberg,57694,2024-07-18
C6788902,Christopher,Thompson,1985-11-16,F,475.313.2627x6216,josephwilliams@example.com,U.K.,Wellston,45288,2022-09-20
C4349411,Andrea,Casey,2001-04-03,F,+1-624-928-0326x17410,tbowman@example.org,United Kingdom,Lake Linda,18302,2024-07-14
C3395781,Madeline,Mcdonald,619609588,Other,987.786.5091,megan46@example.org,England,South Matthew,68293,2024-05-11
C4626592,Daniel,Walker,1972-04-16,M,5553809548,jackie52@example.com,U.K.,New Ryan,74221,2022-08-27
C2147461,April,Hunt,1971-04-27,M,(700)729-5021x7205,david46@example.org,U.K.,Colleenbury,19310,2024-10-06
C3153614,Christina,Ayala,1965-04-04,NULL,+1-458-748-6152x81382,troy03@example.org,England,Port Dawn,79230,2025-08-04
C5455067,Michael,Gregory,2006-01-26,M,+1-960-535-6219x475,luisellison@example.net,England,North Toddberg,17835,2024-06-02
C7800295,Stephen,Warner,1999-02-16,F,510.968.6076x46544,qwatson@example.com,England,Christinafort,03610,2022-05-24
C7844344,Robert,Horton,1992-11-06,F,470.913.3112x435,ashleylawrence@example.com,UK,New Jessicaburgh,55724,2021-10-08
C4193681,Amanda,-,1994-09-30,Other,(219)218-8095,ronnie73@example.net,England,Rickystad,76448,2022-08-18
C1618082,Allison,Walker,1953-06-15,M,854.889.0982x277,zmoreno@example.org,England,South Jamesborough,60984,2022-10-02
C3958965,Joseph,Hicks,1983-10-21,NULL,(544)354-7567x02705,tristan19@example.net,U.K.,Katherinehaven,69116,2023-04-22
C7388117,Unknown,Sims,1952-02-11,F,575.691.5338x9988,williamskathleen@example.com,United Kingdom,Port Erik,11947,2021-10-01
C9275159,Alicia,Navarro,1994-12-15,NULL,+1-277-207-0953x82846,kenneth51@example.com,U.K.,West Valerie,06805,2021-09-22
C7583876,Fred,Rodriguez,1957-06-08,M,800.534.4398x48047,jeremy06@example.net,United Kingdom,Roberttown,32884,2022-06-30
C5752313,John,Williams,1991-07-04,M,(514)207-5469,martintodd@example.com,United Kingdom,Jacksonville,84321,2024-04-30
C8767606,Alexandria,Phillips,2002-05-16,Other,2783672078,robertscody@example.com,England,Port Kellyfurt,11661,2025-05-10
C9065239,Michael,Morales,2002-01-08,F,+1-303-302-6066x2158,agriffin@example.org,United Kingdom,Parkerbury,95747,2021-09-16
C3103797,Brenda,Wood,1949-02-06,M,(920)200-2912x3456,ksingh@example.com,GB,East Heatherstad,43030,2021-12-27
C6263728,NULL,Cortez,2007-02-03,M,+1-294-883-7777,matthew07@@example.net,GB,Port Rachel,27118,2026-02-14
C7072976,Wendy,Schwartz,1956-06-29,M,(909)523-6985,jennifer58@example.com,UK,Ryanhaven,93901,2022-01-06
C3282534,Linda,Owens,1992-07-17,NULL,,joseph62@example.com,England,Kevinburgh,86804,2024-08-17
C5367970,Thomas,Green,Tomorrow,Other,001-527-626-9236x0524,andersonchris@example.com,England,Lindseymouth,66088,2025-02-21
C1955957,Corey,Shaw,1983-10-22,M,001-636-640-0626x0814,shawndelgado@example.com,United Kingdom,New Wendy,38665,2022-08-23
C7145824,Unknown,Allen,1983-10-25,F,+1-833-279-2566,lucasmarvin@example.org,U.K.,Port Thomasbury,09438,Tomorrow
C2785845,Amy,Cuevas,1997-03-17,Other,(537)416-9743x7497,sullivannicole@example.com,U.K.,New Stanley,09249,2022-02-06
C7122494,Jay,Padilla,1972-03-17,M,9689871525,gregoryshort@example.com,UK,Lake Kevinmouth,21431,2024-05-16
C6434479,Aaron,Huang,1944-05-01,M,+1-757-783-0910x24254,ccurry@example.com,GB,South Deanna,17832,2024-07-18
C9026915,Kimberly,Johnson,29/05/1937,Other,440-472-4859,gcole@example.org,England,Julieborough,78220,2023-04-01
C1636543,Carmen,Massey,19681218,F,-,william51@example.com,United Kingdom,East Frank,26608,2022-08-30
C5233816,-,Page,1989-07-25,F,001-273-544-1404,henryjacobs@example.org,U.K.,Michaelchester,80600,2024-07-09
C4873436,-,Wolf,1957-01-20,M,(258)586-6043x209,rubiodaniel@example.net,England,Carpentertown,11674,2024-03-28
C3615900,Cynthia,Holmes,2001-05-03,NULL,001-219-324-4129x20750,matthewrivera@example.org,England,New Kristinton,00526,2025-05-29
C494100,Cory,Thomas,1940-11-14,NULL,753-907-5888x451,ballamy@example.com,UK,North Kimberlystad,44808,2023-07-01
C6904631,Sandy,Schroeder,1955-03-13,NULL,767.653.7421x350,terry53@example.net,U.K.,Elliottborough,89233,20231020
C7838729,Mackenzie,Williams,15/05/1957,NULL,868.967.1515x8064,obarrera@example.com,GB,Ashleyfurt,11931,2022-05-06
C7972106,Hannah,Ramos,1966-04-05,F,(822)814-5329,halldouglas@example.com,United Kingdom,Averyberg,58903,2024-11-19
C8573513,Melissa,Rodriguez,1956-05-18,Other,429.397.4785x443,stodd@example.com,United Kingdom,East Tara,53153,2025-04-13
C5655972,Thomas,NULL,1985-09-04,NULL,+1-640-293-2352,brianlopez@example.org,United Kingdom,West Kathleenchester,98602,Tomorrow
C9662997,Justin,Hayes,1991-11-11,NULL,(433)328-8552,bonnie79@example.org,U.K.,Chavezland,80258,2025-01-06
C8339121,Stephanie,Guerrero,1997-08-17,NULL,294-411-6064,NULL,U.K.,Aguilarmouth,59016,2026-01-22
C2123817,Melvin,Jackson,2006-09-20,NULL,209-305-0188x5788,joseph57@example.org,United Kingdom,Port Amanda,20265,2021-09-17
C6077487,Martha,Carter,1991-12-25,M,756.288.9727x4115,hendricksjeffrey@example.com,UK,Dianashire,98741,2026-04-17
C6260395,Jessica,Snow,1995-09-25,NULL,910-972-9569x56297,lwheeler@example.org,United Kingdom,Lake Laura,58470,2021-12-27
C3891928,Michael,Sanchez,1947-08-24,Other,+1-351-736-9201,gibsonkaren@example.com,United Kingdom,Rodgersbury,89934,2022-11-26
C7729815,Danielle,Decker,1945-02-10,M,604-977-6111x410,ramosmichelle@example.org,GB,West Anthony,17987,2025-01-16
C3159099,Sarah,Walters,1949-08-07,NULL,652.512.4906x9224,cookcheryl@example.org,England,South Matthew,77879,2024-01-01
C3687028,Antonio,Ibarra,2007-12-15,F,+1-409-906-7221x10743,elizabethgill@example.org,GB,New Anitafurt,80768,2026-04-05
C3079068,Karen,Lamb,2006-11-08,M,+1-368-901-8373x86950,phamilton@example.com,England,Lake Michaelport,30420,2023-10-22
C6976998,Unknown,Jones,1981-07-03,Other,570.271.9758x8358,jmack@example.com,U.K.,Paulburgh,46545,2026-05-17
C3291527,David,Greer,1992-05-20,F,NULL,michael30@example.org,U.K.,New Rhondachester,04193,07-08-2024
C5971078,Kristi,Edwards,1998-09-24,F,9845834349,guerrerocaroline@example.org,England,East Allison,43373,2024-12-17
C2439539,Ashley,Burnett,1972-01-19,Other,(913)654-8182,michelle15@example.net,United Kingdom,New Michael,26331,2023-10-17
C5162792,Thomas,Cisneros,2004-09-08,M,001-850-987-9039x8296,xandrews@example.net,U.K.,South Michael,20752,2022-11-08
C2083727,Vincent,Jenkins,1980-07-10,M,+1-329-934-4581x2935,nguyenjamie@example.org,UK,Clarkhaven,19727,2025-02-22
C3241070,N/A,Sims,2000-12-14,NULL,+1-238-690-0741x165,kristen36@example.com,GB,Lopezbury,69799,2023-03-06
C9581319,Stephanie,Andrews,1992-06-14,Other,9016519102,vincentwilliams@example.org,GB,Bryanburgh,65114,2024-02-17
C6804674,Adam,Oliver,1973-12-07,Other,452.982.7497,ashleymoore@example.org,U.K.,New Randy,30324,2024-07-06
C9943947,Frances,Lee,1946-02-23,Other,(986)955-3923,cwood@example.com,England,Michelleland,97128,2022-03-22
C3038702,Zachary,Jensen,1959-07-24,M,3596553301,samuel00@example.org,United Kingdom,Anthonyton,66188,2021-09-30
C3004837,Michele,Unknown,1993-12-23,M,+1-960-967-0920x68317,justin79@example.org,United Kingdom,Codyview,96315,Yesterday
C6756356,Mary,Crawford,1968-06-12,F,841.664.5404,gonzalezdaniel@example.org,UK,Michellehaven,98882,2023-05-18
C3009781,Robert,Jimenez,Yesterday,F,441-414-2934x98467,floresjoseph@example.com,GB,East Kristin,92304,2026-07-11
C9566314,Rodney,Floyd,1990-02-28,Other,891-861-5809,blairamanda@example.com,U.K.,Kathleenport,86564,2024-04-08
C1176437,Nicole,Ferguson,1957-04-02,NULL,681.253.1855x98918,ucox@example.com,GB,Richardport,05044,20230505
C8186440,Jerry,Hanna,1987-05-07,NULL,349-721-2764,nicholas77@example.org,United Kingdom,Delgadoside,69195,2022-05-12
C4485331,Kevin,Black,1978-10-23,F,968.555.5156,jeffreymeyer@example.net,UK,Port Bryan,54046,2022-04-08
C455108,Tina,Thompson,1979-06-18,NULL,(528)369-6396,klopez@example.com,GB,New Jacobburgh,19919,2021-08-12
C1660855,Michael,Anderson,1969-11-21,Other,+1-673-323-5205x602,kim41@example.org,U.K.,Walkerfort,50621,2022-04-10
C5411814,Pam,Crawford,19681112,Other,960-839-7181x266,joshua45@example.net,United Kingdom,North Lisaborough,08199,2023-01-01
C2997439,Amber,Marshall,1955-11-19,F,993-830-0754x13996,ramirezsarah@example.org,U.K.,South Kyle,64989,2025-11-30
C4131884,Kathryn,Allen,1942-06-19,F,001-301-647-0711,carlos21@example.net,England,Hartchester,76779,2024-03-16
C7426976,Pam,Padilla,1936-06-15,Other,001-359-486-7371x46730,walkersheryl@example.com,United Kingdom,New Cynthialand,92574,2022-10-25
C7902729,James,Flores,2000-06-08,Other,5525460098,garciaryan@example.org,United Kingdom,Durhamborough,16101,2023-02-12
C7142969,Jerome,Arnold,1965-09-17,Other,+1-366-817-4848x934,deborahspencer@example.net,GB,East Christineside,95521,2023-03-15
C7174631,Gina,Gutierrez,1974-11-05,M,346.566.9956x46484,mjohnson@example.org,England,Joeport,09503,2021-12-05
C9460689,Kimberly,Hurst,1957-09-17,F,515-345-3678,courtneypreston@example.com,U.K.,Anthonyshire,14799,2024-06-20
C4856790,Thomas,Kirk,2005-09-29,M,536.647.7188x887,brianpeterson@example.net,U.K.,Tamarafort,45387,2021-08-30
C1134420,Cathy,Garcia,1985-09-19,F,NULL,myersmary@example.net,England,Rothmouth,61276,2025-09-05
C4000868,Jamie,Booth,1994-08-07,NULL,295-732-4769x964,molly17@example.com,GB,Gonzalezfort,83727,2026-05-29
C7251930,Joshua,Diaz,1953-10-14,F,(708)740-5446,muellerchristopher@example.com,GB,Oneillside,00847,2025-12-21
C6976079,Amber,Smith,1948-11-22,F,518.235.0063x903,alexis47@example.org,U.K.,South Wendytown,25986,2025-03-13
C2026060,N/A,Gardner,2003-05-15,NULL,(289)745-9127x1035,benjaminrichardson@example.net,U.K.,Christophermouth,01198,2022-04-27
C1403343,Jacqueline,Lee,1949-06-20,NULL,+1-438-672-5527x97029,bernardjoseph@example.com,England,Masonland,56591,2025-05-22
C518960,Jennifer,Ross,1971-11-26,NULL,+1-288-564-8733x07600,christophercase@example.org,UK,West Scott,41674,2026-01-19
C8562003,Daniel,Colon,1995-08-05,Other,(742)651-1722x390,michaelnelson@example.com,U.K.,West Troyport,92598,2024-03-04
C7254542,Christina,Turner,1971-10-17,F,NULL,melissa30@example.com,United Kingdom,Sarahberg,38915,2023-11-14
C8349382,Brian,Jones,1963-09-06,M,001-832-634-9505x0567,ncarey@example.net,GB,Josephchester,49963,2025-08-18
C4187933,Kyle,Porter,1968-09-05,Other,5295617816,brownheather@example.org,GB,Ronaldshire,41384,2022-07-20
C5227316,Christine,Lewis,1992-09-29,Other,+1-701-879-0383x76961,vazquezwillie@example.net,England,Manningville,15800,2024-12-16
C6177374,Stacy,Barron,1936-06-14,Other,(311)513-9954,hawkinscharles@example.com,England,West Paige,82247,2024-08-07
C8000747,Amanda,Garcia,16/07/1981,M,(853)584-0507x8166,shane90@example.net,United Kingdom,New Janiceborough,14156,2025-01-15
C2764527,Tracy,Guzman,1959-03-12,NULL,(867)515-7876x861,jennifermurray@example.net,U.K.,Amandahaven,22577,2025-04-08
C3319913,Diane,Berg,1961-12-09,Other,5675463428,jeffreyvargas@example.net,GB,Port Johnny,51505,2022-09-20
C4723620,John,Todd,1944-08-10,F,3918066233,kelsey98@example.net,U.K.,East Michelleborough,83670,2023-06-19
C14633,Michael,Moore,1965-06-08,NULL,304-270-3648x60172,usantos@example.org,U.K.,New Kelly,93319,2023-01-13
C389126,Heather,Hall,1960-01-18,M,(716)408-1965x29108,rossanthony@example.net,GB,Watkinsfurt,93819,2023-10-19
C8809850,Angela,Unknown,1988-03-04,Other,(504)786-6069x4982,dalton02@example.net,United Kingdom,Juanland,24017,2023-05-08
C2252090,Gregory,Smith,1995-04-10,M,NULL,brittanyfrost@example.com,England,New Kevin,55306,2025-01-26
C1433355,Darryl,Jensen,1970-09-13,NULL,454.570.6644,stevenbrown@example.net,U.K.,West James,13138,2025-05-22
C8621552,NULL,Cooke,2001-10-16,NULL,983-969-9868x741,jimeneztracy@example.net,England,Oliviafort,43993,2025-07-19
C2541152,Adam,Morales,1969-02-21,F,6768260487,donnalove@example.com,U.K.,North Anthony,50480,2023-03-29
C187720,Haley,Hernandez,1998-12-20,Other,(878)643-8529x3674,awise@example.com,GB,Sandraside,83242,2022-05-22
C3927934,Rebecca,Caldwell,2003-01-15,F,(268)519-3259x7074,melissavazquez@example.org,GB,Port Julie,35398,2024-11-16
C8773210,Ashley,Stanley,2002-03-13,Other,(236)724-0423x0281,rachael16@example.org,GB,New Karentown,82580,2024-06-15
C3821367,William,Morgan,1962-01-13,F,+1-992-907-5404x7143,joseph26@example.org,England,Georgeborough,60568,2021-10-15
C7656572,Karen,Caldwell,1976-04-01,Other,(339)552-4524x23409,melissasantiago@example.com,England,Brewerchester,95347,2022-07-03
C9694366,Kimberly,Rose,1970-11-18,NULL,001-352-241-9710x237,cooperdaniel@example.org,England,Castillotown,50978,2026-06-15
C8970978,Brittany,Austin,1996-09-29,M,749.418.0357x223,sarahsexton@example.org,UK,Johnsonhaven,09845,2021-10-27
C7467851,Joseph,Johnson,1954-06-18,F,852.551.4718x15193,fraziertyler@example.net,England,West Melissa,01588,2026-01-18
C6609283,Christopher,Sanchez,1969-06-26,NULL,(693)550-3106x5208,qlee@example.net,England,New Jacqueline,64596,2022-01-03
C8319700,James,Warren,1960-10-26,NULL,+1-286-437-7441,keith35@example.net,UK,East Jennifertown,64322,2025-07-10
C9500950,Susan,Morales,1957-01-19,Other,517.287.3886,adaniels@example.net,England,West Tammy,10605,2025-10-22
C1903604,Tiffany,Bass,1993-03-11,F,(204)322-9438x1305,melinda84@example.com,England,Edwardsmouth,06978,2022-12-26
C5112272,Jill,Martinez,35683322,M,(792)920-0781x94654,ydavid@example.org,England,Gibsonborough,58405,2025-07-14
C7065052,Jennifer,Hooper,1958-08-11,NULL,+1-966-627-3924,youngjames@example.net,U.K.,Cooperhaven,14342,2024-12-25
C6691277,William,Vazquez,1971-07-17,M,+1-201-654-8018,shermanjoy@example.com,GB,Port Lydia,38903,2022-03-24
C8210284,Barbara,Burgess,1941-02-27,NULL,995-899-3848x05843,garciaspencer@example.org,UK,Ramosfurt,19297,2024-06-29
C8922417,-,Wagner,1954-08-07,NULL,001-588-648-6820x311,terrencestone@example.com,United Kingdom,New Kyle,83555,2024-07-06
C6435722,Melanie,Miles,1970-02-23,M,(728)714-4630,ztaylor@example.com,GB,New Dustinside,70719,2025-03-01
C1409738,Anthony,Washington,1954-01-02,Other,(480)840-4816,josephowens@example.net,England,Williamsview,22886,2024-04-04
C1446030,Bruce,Wright,2002-12-19,F,991.800.0433x230,aaronking@example.com,U.K.,Davischester,83407,2024-09-09
C6812254,Cynthia,Smith,1938-01-27,Other,(549)597-4393,nalexander@example.com,England,Lake Nicholas,15096,2022-05-12
C8441159,Nicholas,Roman,1960-12-16,M,+1-215-377-9709x11809,cooleynicole@example.com,U.K.,Cassandrafurt,58418,2022-01-02
C8882285,Jennifer,Hansen,1988-07-10,NULL,(447)863-4150x7610,jack15@example.net,United Kingdom,Alexandrachester,10963,2025-01-19
C3105252,Andrew,Taylor,1984-03-15,M,879.437.3854x738,leelouis@example.net,United Kingdom,South Savannah,27607,2023-12-04
C5499031,Amy,Stephens,1961-09-01,NULL,001-337-672-3370,kaitlyn50@example.org,U.K.,West Danielview,51842,2026-01-14
C8817279,William,Castillo,2007-01-26,NULL,001-668-638-2255,martinbishop@example.org,GB,Tylerchester,72181,2025-04-23
C9630659,Laura,Adams,1964-10-10,M,001-991-503-2242x5942,jonathan12@example.com,GB,Johnsonton,89051,2026-06-10
C8077633,-,Ray,1963-01-12,M,939.426.0929x7336,devinmorris@example.org,GB,South Mark,43618,2022-07-12
C3008056,Paul,Hicks,1972-05-09,NULL,+1-630-362-1751x57966,lnelson@example.com,GB,Port Carrieton,05487,2022-12-11
C8077069,Isaiah,Hall,1988-04-15,NULL,694.709.9604x467,mariataylor@example.net,GB,Millermouth,52033,2026-03-24
C9042502,Randall,Miller,1977-12-26,M,(865)506-9446,ashleymartin@example.net,GB,Joshuaberg,11777,2025-10-17
C3474637,Edward,Boyle,1989-09-29,Other,4368891304,nicholas68@example.org,United Kingdom,New Melindahaven,47673,2023-05-14
C6119524,Katelyn,Simmons,2003-05-15,F,890-276-7363x4771,christine41@example.org,England,Bakerborough,55852,Tomorrow
C8959937,Linda,Bradley,1944-11-15,Other,(802)782-8388,uwu@example.com,United Kingdom,Christinatown,87447,2022-10-23
C9396901,April,Turner,2005-10-12,F,838-539-9634x4348,reynoldsaaron@example.org,GB,West Timside,45249,2022-10-25
C1629511,Anthony,Garcia,1954-09-29,Other,440.220.3352,stephanie80@example.net,UK,West Mary,32078,2022-05-25
C6227089,Steven,Garcia,1952-04-01,Other,001-771-994-3321x050,mariamelendez@example.org,UK,West Austin,44205,2023-04-12
C1514894,Gloria,Hernandez,2002-07-10,M,001-219-771-5675x118,zphelps@example.com,United Kingdom,North Whitney,47905,2026-05-17
C8391540,Regina,Lambert,1950-04-10,M,829.529.3991x6627,christina21@example.net,England,Batesstad,69713,2024-02-19
C4905382,Mallory,Jennings,12-24-2001,M,(525)392-9572x094,debrayoung@example.org,UK,Brookemouth,53311,2023-11-20
C1823082,Wesley,Foster,1976-08-24,F,001-585-551-3048x09235,jerry04@example.net,GB,Armstrongfort,83885,2025-05-12
C2265069,David,Pierce,2004-04-20,NULL,001-306-894-1804x33111,christopherbanks@example.com,United Kingdom,East Mallorystad,17124,2022-03-19
C6342387,Sarah,Crawford,1960-06-15,Other,,anthonyclayton@example.com,UK,West Jeremy,65076,2021-09-05
C218029,Olivia,Rich,2005-09-03,Other,419.228.7462,dorseynancy@example.com,U.K.,Laurenburgh,79151,2022-10-06
C4632582,Dennis,Smith,1961-08-30,Other,NULL,slewis@example.org,England,East Allison,98354,2023-10-21
C3667886,Brian,Ortiz,1969-02-11,F,827.304.0549x390,jgarcia@example.com,United Kingdom,Sheltonport,91489,2024-01-11
C6039671,Brittany,Lowery,1947-09-28,Other,+1-313-679-3080,karen91@example.org,UK,Port Tracy,56964,2022-10-01
C5998262,Erica,Long,1964-10-11,NULL,307-783-9016x26812,brittney04@example.com,United Kingdom,Sarahchester,48483,2025-02-22
C5612183,Kim,Marks,1983-01-19,NULL,2795907149,renee07@example.com,GB,East Shelby,11043,2025-10-05
C9333643,Jennifer,Drake,1948-07-21,F,+1-781-532-1929x99787,john77@example.com,U.K.,Nicholsborough,48368,2021-08-20
C2914982,-,Pratt,1960-11-04,M,(414)224-2651,mfisher@example.net,UK,New Christyside,86519,2025-04-22
C3502113,Theresa,Johnson,1942-04-15,Other,737.673.4674x87532,juliedavis@example.com,U.K.,Michaelstad,87175,2023-01-10
C8168990,David,Lewis,1979-10-26,NULL,+1-258-659-2927,toddtucker@example.com,GB,Port Tonyafort,71768,2024-04-17
C1192739,Paul,Wong,1944-09-06,Other,Unknown,shawn65@example.net,U.K.,Port Melissa,07701,2024-03-31
C6253143,Johnathan,Mahoney,1973-08-28,M,001-735-771-7176,atorres@example.net,United Kingdom,South Jonathan,45518,2023-06-16
C2417172,Madison,Richardson,1984-09-16,NULL,+1-407-224-8263x0106,victoriamiller@example.net,U.K.,West Carlyshire,94150,2025-10-17
C9733357,Christian,Reynolds,1946-05-06,Other,737.813.2287,jessica86@example.com,United Kingdom,Mortonmouth,09362,2023-05-24
C5149621,Kenneth,Williams,414473809,Other,001-635-844-1054x7795,fscott@example.com,UK,Masonview,28327,2023-12-22
C7642019,Maurice,Knapp,1997-11-26,M,567-308-3279,lori29@example.org,U.K.,West Sarah,15226,2026-04-30
C2656267,John,Hernandez,2005-04-07,NULL,(254)287-6118x1351,joan50@example.com,U.K.,New Joshuaville,77815,2022-03-06
C2498483,Margaret,Brown,1941-12-12,NULL,284-660-7617,dmassey@example.org,U.K.,Gabrielhaven,33263,2025-08-29
C207684,Rebecca,Orr,1943-03-09,NULL,6509400643,mckayrichard@example.net,GB,Kimberlytown,30020,2022-11-20
C8611087,Maria,Burke,1951-06-13,NULL,001-737-400-7491x0877,ygarcia@example.org,UK,South Connorbury,29095,2022-04-20
C7526746,Courtney,Berry,1999-05-11,Other,(588)598-4748x91698,robert19@example.net,United Kingdom,Boydport,66034,2022-01-25
C2049815,Lisa,Gonzalez,1949-02-16,Other,+1-401-400-0550x24131,sharonperez@example.net,England,Shelbyborough,01555,2023-09-12
C6563350,Donald,Roman,1987-10-25,Other,276.666.8090x63415,nicholas97@example.net,UK,Port Michael,56063,2022-04-05
C8103719,Lisa,Jackson,1994-09-02,NULL,621-690-4503x8807,xrichardson@example.com,England,North Jamesfurt,92794,2024-05-29
C362453,Courtney,Daniels,1953-07-14,M,615.387.4092x3936,oscarmartinez@example.con,England,East Amanda,38528,2024-10-25
C5880774,Michelle,Osborn,1950-11-10,F,492.324.0675x7316,emorton@example.com,England,West Jamesborough,89301,2025-11-13
C4710013,Steven,Williams,1999-11-11,NULL,001-546-882-0899x72773,terri32@example.net,U.K.,Simonmouth,68772,2026-07-15
C9864430,Christine,Boyer,1973-03-06,M,+1-528-648-7149x30381,djoyce@example.net,UK,Kyleberg,44646,2024-09-26
C3409312,John,Schaefer,1954-03-18,F,(631)509-8043,renee17@example.org,UK,Josephberg,01283,2021-08-20
C2716590,Paul,Baldwin,1967-04-26,F,8318574693,cramsey@example.net,England,Wolfefurt,81816,2026-05-20
C8753295,Daniel,Burch,Tomorrow,M,(815)821-5536,gatkins@@example.com,UK,Edwardsbury,27191,2023-03-25
C9878062,Kristin,Flores,1988-05-12,F,001-706-473-0455,jcruz@example.net,U.K.,Adamsview,45105,2022-06-20
C412660,Miguel,Shaffer,1997-07-10,Other,001-324-990-9702x4046,phillipknight@example.net,United Kingdom,East Ashleymouth,16646,2025-09-17
C4951158,Danielle,Moore,2008-03-04,M,301-646-0171x042,mallorymoreno@example.org,UK,South Franklin,82444,2024-10-19
C665856,Phillip,Turner,1960-02-27,F,001-260-855-4734x322,josemueller@example.org,England,Lisafort,72154,2026-03-01
C3471008,David,Perez,1950-01-09,Other,(441)980-0984,natalieyoung@example.com,United Kingdom,South Pamelaside,67668,2023-03-17
C2997376,Thomas,Mitchell,1945-04-02,Other,883-984-2285x168,edward96@example.com,England,Conradborough,69518,2023-08-31
C4904491,Chelsea,Ali,1950-04-04,Other,+1-221-806-7803x39586,alexandriamurphy@example.org,UK,Lake Deannachester,90049,2026-06-29
C6980363,Sharon,Miller,1981-07-16,NULL,238-285-9678,brownheather@example.org,GB,Lake Keith,45570,2025-08-13
C6500618,Donna,Blanchard,1978-07-08,M,+1-733-460-0745x3087,dorothysanders@example.org,UK,East Krystal,28675,2026-02-17
C2517081,Phillip,Reed,1944-06-10,F,(530)930-0748x25376,twelch@example.org,United Kingdom,West Jill,09234,2025-06-13
C5027113,John,Harrell,1970-05-15,NULL,3937301750,veronicawilliams@example.net,U.K.,South Susantown,36842,2025-01-21
C2719338,Linda,Walker,1942-12-23,Other,5908057981,renee60@example.net,United Kingdom,North Thomas,08508,2022-11-24
C9421089,Jessica,Reynolds,1955-07-25,NULL,674-380-1889x79243,laurashaw@example.org,U.K.,Morristown,92404,2024-03-13
C629148,Steven,Wallace,1942-08-21,NULL,001-299-389-5062x24005,josephbradford@example.com,England,Lake Julia,92634,2022-04-15
C4730448,Gary,Holt,1970-01-19,M,+1-371-238-7233x95166,cmartinez@example.net,U.K.,Lake Christina,02978,2022-02-13
C8342580,Mary,Garcia,1987-06-25,F,7644934622,timothymitchell@example.net,U.K.,East Melissastad,52243,2022-07-23
C6561656,Diane,Murphy,2006-01-08,NULL,598.999.8572x693,hhill@example.com,GB,North Christopher,28836,2024-11-12
C1661185,Frank,Hebert,1964-05-26,NULL,720-776-3722,shermandaniel@example.org,GB,Richardsfurt,13831,2023-05-26
C3216834,Angela,Howard,2003-01-16,Other,391.327.6262,mary18@example.com,UK,New Kathryn,40070,2021-12-30
C8291290,Andrew,Flynn,2004-09-30,F,001-678-214-5282x27878,mercedes63@example.org,GB,Robertsland,35901,2022-08-30
C7690822,Nathan,Bryant,1947-11-02,M,647-542-8196x146,kellyroberts@example.org,England,Davidbury,23966,2023-04-07
C5999333,David,Booker,1942-09-22,Other,3775600988,thomas71@example.com,GB,West Andrew,96186,2025-06-22
C700188,Brandon,NULL,1964-05-07,M,(871)562-0107,joseph78@example.org,England,West Brucefurt,70344,2024-04-11
C5092573,Robert,Holloway,1968-04-04,NULL,(707)621-9115x6114,tanya57@example.com,United Kingdom,East Krystal,99080,2026-06-05
C8575066,Derek,Rios,1978-04-18,NULL,001-311-572-7303,jeremyarnold@example.org,UK,Donaldsontown,02220,2022-11-23
C8277362,,Nguyen,1965-08-01,M,747-923-1129,mackallen@example.org,UK,Patelmouth,10201,2025-09-10
C5192417,Pamela,Harrison,1948-09-02,F,6488407575,kodonnell@example.net,GB,Paulaside,90128,2022-06-28
C6000515,Kristen,Schwartz,1967-06-22,F,+1-560-878-0497x417,stephenhale@example.org,U.K.,Hansonport,24218,2024-11-02
C6329096,Patrick,Mccoy,1971-06-27,F,001-847-242-7497,moorehunter@example.org,U.K.,West Jose,80723,2025-07-11
C7515493,April,Brown,1985-01-17,F,001-723-558-8409x7604,kdennis@example.com,GB,Lisachester,63776,2021-10-04
C4314949,Eddie,Smith,1980-09-06,M,(954)728-2241,kristopher04@example.com,U.K.,Adamborough,22641,2026-01-11
C4997603,Joseph,Jackson,1941-06-27,M,+1-264-942-5368,ann52@example.com,UK,Harrisberg,38868,2024-08-25
C1758540,Antonio,Harris,1965-11-15,NULL,607.469.1039x341,maxgonzales@example.com,UK,East Elijahberg,82452,2025-01-09
C2864374,Raymond,Rice,1994-08-12,NULL,852-862-6189x66538,elizabeth56@example.com,UK,East Brianmouth,06747,2025-04-01
C7495879,Travis,Meyer,1997-08-08,Other,691.674.2673x92817,imontgomery@example.net,GB,Lake Karen,24551,2023-07-15
C125771,Jessica,Kane,1998-06-25,NULL,8974039148,sarah93@example.org,UK,Richardstown,37217,2023-06-08
C178005,Steven,Eaton,1937-06-03,NULL,001-820-572-2766x294,jonesjames@example.com,United Kingdom,New Jameschester,11672,2021-10-07
C1641576,Howard,Davis,1999-06-07,NULL,378.397.4424x40444,santanatammy@example.net,United Kingdom,Port Nathan,14111,2026-05-25
C4710936,NULL,Shaffer,1999-02-24,Other,8704630473,williamwilson@example.org,England,East Valerietown,44814,Yesterday
C3702704,Brittany,Rodriguez,1957-10-23,NULL,001-224-720-8515,laura93@example.net,UK,West Angelamouth,80385,2024-11-11
C4389350,Jennifer,Swanson,1943-05-09,NULL,263.872.0805,otran@example.com,U.K.,North Richardfurt,95053,2022-03-10
C7229003,Michelle,Ramirez,2005-11-20,M,(479)488-1533x071,hendersonmaria@example.org,U.K.,East Amanda,23037,2024-09-23
C1987972,Amanda,Gross,1990-04-18,F,(829)487-2648x7488,tammy85@example.com,GB,Jorgeside,87578,2025-11-26
C2658700,Calvin,Hardy,1941-09-30,NULL,+1-554-261-2433x992,goodwinjean@example.com,GB,Annaton,88748,2022-03-27
C5698707,Christopher,Dawson,19750410,F,7483131607,leeryan@example.com,United Kingdom,East Rachel,30364,2026-03-04
C7950751,John,Smith,1988-12-18,Other,+1-609-840-7460x3931,smithscott@example.net,U.K.,South Johntown,42186,2022-12-23
C8702699,Ann,Williams,1947-11-25,M,(388)656-7912x313,powersmaria@example.com,United Kingdom,Mckinneymouth,35378,06/11/2025
C3386892,Stephanie,Leonard,1978-07-01,F,001-620-553-2382x67129,jbrown@example.net,UK,Ashleytown,59245,2025-06-13
C2134332,Peter,Cruz,1986-11-27,M,(944)902-3687,garciabilly@example.net,England,South Eric,28589,2023-07-19
C8024642,Amy,Murphy,1956-08-13,Other,(672)910-8115x609,fisherchristopher@example.net,UK,Carterport,47810,2025-06-27
C490767,Samantha,Clark,1976-11-15,NULL,670.818.9755x2578,colenicholas@example.org,United Kingdom,North Carloshaven,30456,2023-05-03
C6348959,Craig,Harris,1996-10-23,NULL,+1-379-636-0800x0972,benjamin93@example.org,U.K.,South Susan,92036,2021-08-28
C812670,Brenda,Hill,2000-12-03,Other,(939)779-4125x143,phillipjohnson@example.org,United Kingdom,South Patrickstad,20587,2024-06-13
C5689004,David,Holloway,1987-01-25,M,(571)288-6580x144,robertsrebecca@example.org,United Kingdom,Joshuatown,59620,2024-06-05
C6468380,Ashley,Richards,1957-09-27,Other,001-893-300-1006x55546,kbradley@example.net,United Kingdom,Williamsside,02092,2025-06-02
C5554312,Michael,Chandler,1989-04-24,Other,372.544.1166x430,ybush@example.org,United Kingdom,New Pamelafurt,97215,2024-04-06
C4513180,Natalie,Mercado,2007-10-26,F,+1-202-505-0522,claytonkimberly@example.com,U.K.,Yatesborough,43805,2026-03-06
C4241681,Unknown,Williams,1977-08-17,Other,001-431-976-4473x9162,rachelhuynh@example.org,GB,North Kimberlyhaven,24437,2025-10-01
C9918758,Curtis,Day,2004-12-19,F,001-715-505-1122,vandrade@example.com,United Kingdom,Pamelaburgh,08466,2023-08-29
C7315627,Tiffany,Gutierrez,1998-04-14,Other,688-336-7828x61301,josephbrown@example.com,UK,South Victoria,64215,2025-03-08
C2006802,Robert,Vargas,1979-12-28,Other,+1-490-739-7526x85946,doylenicholas@example.org,United Kingdom,South Alicia,31565,2023-02-24
C3339988,Brenda,Collins,1944-03-13,M,6527154498,millerlaura@example.org,U.K.,Charlesshire,69741,2026-04-05
C7230577,Maria,Frey,1955-11-06,F,610-942-8923x30963,mhenry@example.net,United Kingdom,East Nicole,03117,2025-03-16
C639192,Stacie,Martinez,1938-02-28,NULL,943-392-0889x995,hawkinsangel@example.com,GB,New Kimberlyshire,50926,2023-09-13
C386528,Christopher,Allen,1967-11-07,Other,8419589391,manuelhobbs@example.net,United Kingdom,Jeffreyville,82721,2021-12-05
C9177902,Tracey,Horn,2001-05-22,M,7099140672,woodwardjames@example.org,GB,Stonechester,90824,2025-06-03
C7673519,Andrew,Allison,2003-05-08,F,331.674.6406,lwright@example.com,United Kingdom,Erichaven,63820,2022-06-06
C1900076,Elizabeth,Moreno,2003-10-09,M,603-592-1269x254,samantha80@example.net,U.K.,Pachecobury,88910,2023-05-30
C8925172,NULL,Bowman,1951-03-05,Other,790.809.8510x55315,matthew82@example.org,United Kingdom,Tracyland,22759,2025-11-09
C9443521,Jimmy,Smith,1961-10-05,F,001-464-204-3311,allenlaura@example.com,UK,Port Ashleechester,54267,2024-06-26
C4309206,William,Moore,1941-11-01,F,965-853-7081x095,keithcox@example.com,England,Wardville,47441,2023-12-18
C928720,Walter,Rogers,1968-07-31,Other,312.696.3146x192,martinchelsea@example.net,UK,West Juliaberg,06345,2024-10-15
C7630992,Caleb,Crosby,2005-12-12,F,211.962.4094x7973,vicki61@example.org,United Kingdom,New Angelaport,07207,2022-05-22
C5850408,Antonio,Burton,1972-03-28,M,3996457547,morgan81@example.com,United Kingdom,Tammymouth,03810,2023-08-20
C5021128,Kimberly,Hughes,1944-12-31,M,(672)704-7164,kyle94@example.com,United Kingdom,Carterview,41446,2023-01-13
C5846693,Brenda,Scott,1939-07-31,M,745-843-1680,jerryquinn@example.net,United Kingdom,Wolfeside,40712,2026-03-28
C5626554,Michael,Kane,1973-03-19,NULL,+1-937-940-2231x8183,qsmith@example.org,England,East Benjaminfort,96701,2022-01-31
C4770205,Hannah,Phillips,04-15-1936,F,+1-674-955-6208x712,victor62@example.net,UK,Dawnland,79717,2024-10-22
C7412695,Maria,Martin,09/03/1950,NULL,(778)274-2903x50206,seansnyder@@example.com,UK,New Gracemouth,88845,2026-04-11
C9245589,Gary,Marshall,1975-05-31,NULL,001-597-721-1479x641,wrightsamuel@example.org,England,Oliverside,77755,2021-11-30
C8605267,Bradley,Brewer,1943-02-09,F,(630)462-0163,richard65@example.net,UK,West Alexville,30004,2022-01-18
C8703215,Margaret,Hernandez,1936-09-28,NULL,256-741-3496x32958,jreid@example.org,UK,New Catherineborough,90843,2023-12-26
C5711790,Tracy,Beck,1963-08-26,F,9739483128,ycook@example.com,GB,Watkinschester,23362,2026-06-27
C4094353,Jamie,Wells,1976-02-11,F,6807669528,davidsavage@example.net,United Kingdom,Ethanview,67840,2025-12-12
C9421901,Lynn,,1982-10-01,M,294.650.3902,mendozanathan@example.com,GB,West Jimmy,89599,Tomorrow
C3536772,Madison,Nelson,1972-03-22,Other,697.573.0278x1248,wendyjohnson@example.com,United Kingdom,Santosville,71940,2026-07-14
C1755062,Lisa,Walsh,1988-08-25,M,6959807778,lancegonzalez@example.net,UK,Ramirezbury,13907,2021-11-07
C4031330,Michael,NULL,1964-09-29,Other,6452896285,morenolisa@example.com,UK,North Kelli,51795,2025-11-08
C9422526,Michael,Frederick,1957-07-10,Other,(546)359-9572x9098,kingaustin@example.net,U.K.,New Danielburgh,03847,2023-06-22
C5008867,David,Kelly,1982-11-23,Other,302-297-4628,mathistara@example.com,GB,Lake Jamesside,39150,2026-06-19
C6760218,Darren,Ruiz,1949-05-09,NULL,001-913-538-7775,reneerobinson@example.org,United Kingdom,West Maria,66028,2024-05-30
C3661448,Lindsay,Franklin,2004-10-12,Other,315.940.2930x3941,davenportsabrina@example.com,GB,Allenville,58378,2025-03-11
C9925347,Raymond,Morrison,2004-04-22,M,(812)229-0554,jared44@example.org,United Kingdom,Mccormickchester,49886,2024-09-18
C4744810,Monique,Allen,1945-05-08,NULL,840.622.2923x922,christopherramirez@example.net,GB,New Kaylafort,13899,2024-05-04
C5718092,Dawn,Ramos,1979-10-31,M,+1-791-774-9890x916,martinezjohn@example.com,United Kingdom,Schwartzbury,10635,2023-05-09
C6929107,Jessica,Dawson,1943-07-07,Other,001-599-483-8641x83393,ericsmith@example.org,UK,Port Donnaberg,88120,2022-07-21
C5859410,Dustin,,2002-03-17,Other,807-931-6454x4554,zimmermanaaron@example.com,GB,South Marie,17843,2024-08-11
C2647160,Angela,Gonzalez,1984-08-31,Other,001-782-392-3821x5729,qpowers@example.net,U.K.,Danastad,57369,2022-12-30
C920679,Melanie,Jackson,1996-09-06,NULL,629.948.3013x85583,julie13@example.net,GB,Port Christian,14607,2024-05-21
C7589794,Melinda,Pearson,16/01/2008,Other,590-638-7753,dcarroll@example.org,U.K.,Jameston,90664,2023-05-09
C8722745,Aaron,Nguyen,1941-08-23,F,N/A,dturner@example.com,England,Joseburgh,17796,2021-12-21
C3859738,Ashley,Cook,1939-07-23,Other,001-234-280-5483,tammylewis@example.com,GB,Moranville,69710,2024-07-20
C7702097,Tommy,Morgan,1975-04-27,M,827-949-7109x21045,megan93@example.com,England,Lake Johnathanburgh,12707,2022-07-04
C8849888,Jordan,Lopez,1980-11-25,F,482.632.5178x159,triggs@example.org,U.K.,Johnsonstad,17179,2024-11-09
C2996545,Gina,Potter,1994-10-20,Other,312.233.4651x0094,anna68@example.org,GB,Michaelmouth,43212,2022-05-04
C3301038,Christopher,Washington,1956-10-22,NULL,4166681999,hwoods@example.org,England,Estesmouth,41075,2021-08-25
C4990224,Karen,Kennedy,1955-11-01,F,728-540-4651,ruizkevin@example.net,U.K.,North Patricia,67244,2022-02-26
C3555053,Brittany,Benton,1980-04-20,Other,+1-621-954-6883x70550,catherinewilliams@example.org,UK,Wilsonview,04314,2024-08-09
C4858773,Robert,-,2008-07-27,M,8662978494,mclaughlinwilliam@example.com,England,North Jose,38588,2022-01-24
C2557467,Jerry,Andersen,1999-04-13,NULL,957-243-4469x922,millerernest@example.net,UK,New Bradstad,50362,2026-06-12
C2900560,Nicholas,Stewart,1949-07-04,Other,433-262-1726x724,williamwang@example.com,United Kingdom,Lake Jessica,96951,2023-12-29
C4381342,Robert,Potts,1997-10-03,Other,203.353.3627x66597,nancywilliams@example.com,GB,Robertsport,30333,2022-09-15
C7265633,Courtney,Evans,1945-05-22,M,(668)866-0471x305,ryan28@example.org,GB,Marcusmouth,72351,2024-08-19
C9567254,Matthew,Young,1993-09-26,NULL,(335)725-3537x12802,heather32@example.net,England,East Micheleton,82992,2024-04-28
C3425685,Jimmy,Newton,1989-05-20,F,478.983.2116x510,ajohnson@example.org,UK,East Joshua,15337,2024-04-14
C5628138,Jeffrey,-,2006-09-29,F,995-805-6482,zwalker@example.org,England,East Cindy,47835,2023-02-22
C4958859,Vincent,Johnston,1952-09-03,M,+1-862-950-4324,jennifersmith@example.org,United Kingdom,West Bobby,51168,2026-07-16
C232158,Shelby,Mcclain,1970-10-09,F,895.627.4404x206,robertfranklin@example.com,England,Bakerchester,61176,2026-03-31
C4313024,Brittany,Stewart,1939-06-12,F,206-723-0808,gibsondavid@example.net,United Kingdom,West Rebekahfurt,20558,2023-04-12
C9108953,Angela,Clark,1950-07-19,NULL,N/A,andrew91@example.net,GB,Port David,64746,09/12/2025
C105806,Elizabeth,Hayes,1982-09-04,F,336.458.6738x19033,cervanteschristopher@example.net,U.K.,Lake Marc,21378,11/07/2025
C5229789,Kristy,Baker,1971-10-29,M,379-712-5863,williamrodriguez@example.net,U.K.,North Dawnchester,43545,2025-11-22
C5329411,David,Burnett,1979-11-02,M,282.629.8602,kara34@example.org,GB,Russellfurt,09016,Tomorrow
C9955719,Julie,Casey,Tomorrow,Other,441.251.2388x304,olsentabitha@example.net,GB,Sullivanfort,99065,2026-07-10
C3275665,-,Ford,2005-07-02,NULL,+1-556-571-9408x2155,amandaspears@example.com,England,Kevinborough,05563,2024-10-19
C7040099,Walter,Hawkins,1989-06-03,M,(333)862-8674,nicholas29@example.com,UK,Port Dawnview,88871,2025-05-22
C7082281,Angela,Mcintosh,1968-03-25,F,5922079791,robert11@example.org,GB,Stoneport,13401,2022-10-22
C2101822,Steven,Rice,1977-11-30,M,680.401.4223,yyang@example.net,England,Mcdonaldburgh,15075,2021-10-19
C6953427,Andrew,Reyes,1976-12-20,NULL,376.293.0621,elizabethwhitehead@example.com,United Kingdom,Port Kathleenberg,97353,2025-05-14
C5255140,Henry,Smith,1955-06-21,Other,555.991.6210x536,ngreen@example.com,GB,North Amandaport,27093,Yesterday
C7034577,Jessica,Kane,1981-09-18,M,3947500498,gdean@example.org,U.K.,Lake Brandon,86832,2022-02-12
C5296042,Jacqueline,-,1964-10-03,F,463-388-7567x425,brownnancy@example.net,UK,New Gregory,09888,2025-06-04
C9280907,John,Thomas,1994-01-15,Other,(378)719-0629x053,dking@example.org,U.K.,Leeport,44282,Yesterday
C3438814,Brian,Mckee,1943-11-28,Other,716.631.3172x84217,fhowe@example.com,UK,South Benjaminborough,10728,2023-03-27
C2170288,Matthew,Rodriguez,2006-09-28,Other,+1-644-574-8349x65477,angel77@example.com,GB,Nicholsport,55627,2026-04-24
C732632,Jason,Phillips,1987-08-16,Other,+1-812-909-0259,oowens@example.net,United Kingdom,Port Jesseville,34034,2021-12-30
C9166060,Julie,Gomez,1983-01-24,Other,+1-758-352-0512x806,toni86@example.com,United Kingdom,Port Jameschester,76406,2023-01-03
C7316719,Mark,Marquez,1958-11-18,M,9958053502,kmorris@example.net,England,East Erikaside,82515,2023-06-06
C4825029,Luis,Martinez,1963-06-02,Other,001-753-802-7148x46404,alisonvillanueva@example.org,England,Patricialand,87525,Tomorrow
C7905136,Stacey,Wheeler,1984-11-24,M,995-706-0793,arellanodaniel@example.net,GB,Lambertfurt,39203,2024-02-11
C1480338,Brian,Taylor,1943-08-20,F,+1-250-737-3602x809,adam57@example.net,GB,Annefurt,05168,2026-06-13
C5798781,Megan,Morris,1950-11-22,M,792.663.4689,cunninghamkelly@example.org,England,North Jacobstad,40803,2021-12-26
C2797769,Susan,Herring,1935-08-08,F,2772078261,belljose@example.com,United Kingdom,Port Rachaelmouth,27058,2023-07-04
C4307516,Michael,Martin,1979-12-26,NULL,Unknown,millermegan@example.net,GB,Amyburgh,64268,2024-02-28
C5211433,Shane,Jensen,1977-06-19,NULL,+1-908-204-1431x784,ibradley@example.net,GB,North Sherry,17486,2022-01-19
C5438203,Jeff,Johnson,1980-12-31,F,001-269-250-4968x26833,lesliechen@example.org,U.K.,Kennethfurt,45833,2023-01-06
C1947455,Donald,Martinez,1991-11-03,NULL,805.675.3055,don96@example.net,GB,Arnoldstad,51183,Yesterday
C2873121,Kelsey,Miller,2005-05-10,M,+1-701-808-6588,rachael52@example.com,UK,Grahammouth,81433,04/05/2025
C6779707,Adam,Sullivan,1974-08-04,F,6233451218,smithjuan@example.org,UK,Andersonside,87912,2025-11-27
C9804681,Debbie,Andrews,2001-03-19,F,+1-585-989-9180,laurengilbert@example.com,United Kingdom,North Robertmouth,29640,2024-07-15
C6557082,Timothy,Gray,1974-07-03,M,+1-226-728-3388x761,teresa32@example.com,United Kingdom,South Dennis,76392,2025-01-18
C4145418,Brian,Allison,2003-08-05,M,(885)529-4910,gallagherpamela@example.com,GB,Camposbury,90144,2024-01-21
C9592126,Kenneth,Green,1961-10-13,NULL,897.503.6012x9289,sharris@example.net,United Kingdom,Lake Samanthaborough,40392,2025-06-30
C6948081,Patricia,Fletcher,1944-01-11,F,433.827.1013x276,hdiaz@example.com,UK,Scottside,43786,2025-05-22
C5977847,Natalie,Aguilar,1938-06-28,F,9473131631,oconnorrebecca@example.net,United Kingdom,Port Jeremyland,10872,2026-02-01
C7934367,James,Atkinson,1941-11-15,M,863.930.4034x0556,mcdonaldjennifer@example.org,United Kingdom,New Karenborough,30088,2021-08-29
C6999970,Julia,Moody,2002-03-06,NULL,(976)316-6562x613,lthomas@example.org,U.K.,Dunnchester,93601,2021-08-30
C1434141,Julia,Martinez,1983-02-13,NULL,(731)831-7273x673,jennifermorales@example.net,England,East Joshua,00962,2023-12-13
C9046846,Christopher,Schmidt,1942-11-04,NULL,202-354-2089,melody73@example.net,United Kingdom,West Nathanielmouth,19768,2022-02-07
C8040560,Stacy,Smith,1941-10-04,F,+1-964-505-0863x2339,krista56@example.com,United Kingdom,West Kathryn,76386,2023-09-08
C4557697,Matthew,Summers,1962-08-31,Other,001-445-555-6422x508,vperry@example.com,UK,Hawkinstown,19371,2021-11-11
C9108124,Jose,Bauer,1998-09-23,NULL,+1-388-760-9529x18996,palmertanya@example.net,U.K.,Westland,60928,2024-03-10
C3222219,Mary,Smith,1968-01-05,Other,440-254-1801x3375,victoria14@example.com,U.K.,Roweport,16814,2024-02-18
C6888112,Tiffany,Hill,1946-06-10,M,989.700.0215,tinasmith@example.org,England,Laurastad,26855,2023-03-21
C7084461,Michael,Roberts,1971-08-14,NULL,981-451-4991x710,muellercharles@example.org,UK,East Jay,62258,2024-03-01
C1010084,Grant,Rangel,1953-03-01,Other,(697)973-9445,pcunningham@example.net,England,Donaldton,92968,2021-08-16
C2688781,Jason,Anderson,1943-03-14,Other,+1-257-786-7627x793,rodriguezjaime@example.org,England,Smithstad,80922,2023-12-01
C435660,Tyler,Hernandez,1980-12-28,F,(464)790-9162x47890,jeffreyzamora@example.net,GB,Mirandaville,99276,2024-04-19
C5646862,Elizabeth,Bailey,1983-02-13,F,+1-264-957-7666x448,newtonmichael@example.com,England,Hodgefurt,78542,2026-01-19
C8062005,Tim,Zimmerman,1994-10-11,M,735-214-9840,rhonda70@example.com,United Kingdom,Port Sierra,27411,2022-09-09
C5372698,Stephen,Young,1953-07-14,Other,9893424485,gregory09@example.net,GB,Baileyfurt,61292,Yesterday
C6230881,Brianna,Alvarez,1951-10-12,Other,(316)760-5611,abarr@example.net,United Kingdom,Lake Lukeport,61707,2025-09-21
C1397006,Joseph,Harvey,1985-07-21,NULL,585.855.2024x552,qtorres@example.net,United Kingdom,Bellchester,80310,2026-07-15
C8450033,Robert,Vasquez,1973-12-05,Other,(329)344-4324x9615,michael91@example.org,U.K.,Josephport,62061,2023-05-12
C7301834,Dawn,Bennett,1967-04-16,M,(355)442-3157x73110,mmay@example.org,U.K.,East Sarahfort,51363,2023-04-16
C5059481,Jacob,Guzman,1983-06-28,Other,(607)652-1471x38548,johnsonjennifer@example.net,UK,West Lancemouth,92286,2023-09-28
C5901942,Lynn,Yu,1990-12-28,NULL,(968)255-4159x1679,patricia51@example.org,United Kingdom,North Gabrielburgh,06604,2021-09-10
C8286886,Kevin,Beltran,1937-05-21,NULL,+1-736-522-6512x482,ana97@example.net,United Kingdom,Lake Jonathanstad,89437,2025-09-08
C9662436,Thomas,Evans,1995-05-18,F,+1-394-201-9192x509,eatonrita@example.org,U.K.,East Timothytown,66199,2024-01-16
C9769574,Courtney,Williamson,1960-03-16,M,+1-870-347-6712,dschneider@example.com,U.K.,Chadhaven,86830,2023-02-12
C8162540,Jeffrey,Gonzales,1967-12-11,F,249-298-8248,lfields@example.org,UK,North Sheila,44947,2026-05-28
C1875887,Diana,Garcia,1981-05-30,NULL,+1-342-333-9312,htorres@example.com,GB,Port Kimberlybury,70232,2026-01-03
C6650491,Melanie,Vaughn,1943-09-04,M,203.965.1866x7865,barnesjulie@example.org,UK,North Ashleyshire,44933,2026-03-17
C6417497,Michelle,Adams,1967-10-11,NULL,521-614-2596x0070,robert04@example.org,United Kingdom,New Karen,87875,2026-07-10
C1563280,Bradley,Castaneda,1969-09-12,M,001-470-538-3998x13388,kroberts@example.net,UK,Alyssahaven,00773,2021-08-09
C1678179,Mary,Bryant,1965-12-17,Other,+1-893-621-3887x782,cgarcia@example.com,England,Hutchinsonville,32667,2024-10-17
C4983673,Ashley,Escobar,1955-12-17,Other,(553)882-2148x277,coltoncruz@example.com,GB,Port Jonathan,54569,2025-04-16
C552153,Ashley,Unknown,1989-11-20,F,(428)438-2826x90455,wsmith@example.con,United Kingdom,Robertsonton,65444,2026-08-05
C1514111,Melanie,Brandt,1939-06-08,NULL,844-391-3249x70508,NULL,United Kingdom,Kingstad,63132,2023-12-01
C1146192,Morgan,Rowe,1950-01-10,NULL,808.608.5596x695,jmanning@example.net,United Kingdom,Port Edward,13965,2025-08-03
C6778880,Deanna,Johnson,1956-11-13,Other,850.285.4091,michael98@example.org,UK,Lewismouth,95139,2024-04-11
C4434318,Adrian,N/A,1940-06-03,NULL,(574)909-7456x95265,jerrystephens@example.org,U.K.,West Peterburgh,91633,2025-10-17
C5170685,Bradley,Martin,1956-04-03,M,(706)472-4708x5015,jessicajackson@@example.com,England,South Natashaville,51385,2023-03-13
C2805767,Micheal,Evans,1966-11-24,NULL,246-894-0754,carterdavid@example.com,England,Beverlytown,69125,2025-04-24
C7071400,Dylan,Ruiz,1942-11-01,M,001-323-698-5343x72936,sharonburns@example.com,UK,Reedshire,78005,2022-08-07
C1572008,Matthew,Byrd,1969-07-22,Other,517-877-1139x3040,garciaabigail@example.net,U.K.,Ruizport,66413,2021-11-06
C836576,Joseph,Sampson,1953-12-28,M,(737)903-7476x5804,bennettkaren@example.com,U.K.,East Aaron,75374,2022-09-26
C8470895,Melanie,Mcknight,1948-02-23,NULL,511.859.2863x37433,anthonywood@example.com,UK,Michaelstad,72181,2023-05-05
C1875340,Ashley,Taylor,1976-02-17,F,(570)704-1748x639,michelegardner@example.com,UK,Irwinmouth,93837,2022-04-09
C3300757,Kimberly,Robinson,1962-12-27,F,(518)329-9835,jeremy65@example.net,United Kingdom,Callahanstad,32495,2023-10-07
C4915050,Daniel,Stokes,12/10/1954,NULL,6807586930,gonzalesmark@example.com,England,Lake Andreaview,80830,2025-05-26
C1225515,Brianna,Burgess,1981-12-29,Other,(757)411-4025,ypeterson@example.net,U.K.,Jeffreymouth,93290,2022-07-03
C2905582,Marisa,Mitchell,1969-01-24,NULL,001-485-677-8827x716,deanna48@example.net,England,West Ryanborough,60495,2024-08-31
C2140229,Sarah,Harmon,1992-01-19,Other,929.701.0020,randycunningham@example.org,U.K.,Andersonburgh,68768,2022-02-18
C3185632,Victoria,Dixon,1997-12-23,F,652-926-3027x824,guzmanjennifer@example.com,United Kingdom,Hartmanshire,41088,2022-09-11
C19316,Robert,Brooks,1972-02-20,NULL,(364)748-6002,sferguson@example.org,GB,Port Kevin,51598,2025-01-28
C5616706,Nicholas,Lee,2002-12-17,M,(549)512-0445x33474,fwagner@example.net,United Kingdom,Lake Erinside,04281,2023-11-13
C8684178,Anna,Watts,1970-10-11,Other,001-980-285-4145x5890,briansanchez@example.com,UK,Port Zoe,63875,2021-12-23
C7947486,Brian,Hanson,1966-01-02,M,861-659-5108x55415,cjohnson@example.com,England,South Jody,73552,2025-04-12
C6545859,Anthony,Watson,1993-12-08,F,869.613.1763x500,xlewis@example.com,U.K.,Rhondastad,97501,2025-04-17
C8680868,Samuel,Park,2001-02-27,F,9203324626,kelly22@example.net,U.K.,South Joseph,73378,2026-07-13
C3347323,Dylan,Mckenzie,1941-07-26,NULL,(479)304-3606x9264,sdelacruz@example.net,GB,New Jeanbury,75376,2024-10-23
C6188617,Mike,Garner,1989-04-30,Other,+1-813-496-5248x417,john39@example.net,United Kingdom,Michaelberg,33588,2021-12-02
C3387142,Ashley,Ryan,16/04/1955,F,957.336.0310x7569,odomjonathan@example.org,England,Cynthialand,29888,2024-07-24
C6388912,Kimberly,Delgado,1980-07-03,NULL,(815)310-2458,bishopsamantha@example.net,United Kingdom,Hatfieldmouth,12165,2024-06-28
C3224683,Jose,Meyer,1981-03-06,Other,(763)751-7270,atkinsashley@example.com,UK,Arnoldland,25099,2023-12-20
C6130629,Vicki,Rodriguez,1973-03-01,M,340.638.5432x5694,stephanie67@example.org,U.K.,Johnsonbury,63945,2025-02-03
C3994415,Francis,Lopez,1982-08-22,F,774-892-5066x03355,michaelbreanna@example.net,England,West Elizabeth,43974,2026-02-05
C3886389,Amber,Porter,1995-11-24,F,346-822-9627,riveraashley@example.com,U.K.,North Jennifer,86501,2023-01-19
C618919,Stephen,Nguyen,2006-10-06,M,001-980-861-9334x33360,cathy11@@example.net,GB,West William,66293,2023-04-03
C9775534,Laura,Ross,2004-12-07,NULL,399-899-8309,vblankenship@example.com,United Kingdom,Lucasmouth,58224,2021-10-14
C1065248,Leslie,-,2007-10-10,Other,+1-943-617-8414x935,harmonjonathan@example.org,UK,Port Darin,40684,2024-01-04
C7994880,Ronald,,2000-06-20,NULL,(452)871-4126x3434,victordixon@example.org,England,Robertsburgh,40963,2025-03-03
C2414934,Leslie,Flores,1950-07-13,F,782.902.5168x8840,rali@example.org,England,Lake Elizabeth,66902,2026-02-04
C6265146,Hunter,Garcia,1979-11-21,NULL,(246)614-1511,allisonchristopher@example.com,GB,Vickieland,20327,2023-07-18
C4359439,Richard,Morris,1942-04-10,Other,001-391-537-0156,wsimmons@example.com,UK,Justinmouth,92722,2025-06-18
C456296,Lisa,Munoz,1953-05-21,NULL,708-644-5106x5497,jessica13@example.org,United Kingdom,East Stephanie,23510,2022-06-14
C354951,Mitchell,Olson,1975-02-26,M,+1-926-910-1295x4363,scampbell@example.org,UK,East Donna,91463,2026-01-29
C4776731,Joel,King,1951-11-11,M,(304)634-3476x15076,stantonvernon@example.com,United Kingdom,Port Nathanland,03478,2023-03-25
C9233161,Scott,Terry,14/12/1959,M,891-553-0216,hwilliams@example.net,UK,Gamblefort,65992,2022-12-25
C9006124,Christopher,Peterson,1964-10-16,M,001-337-299-0496x62333,victor91@example.net,England,Port Jacob,54584,2023-05-28
C6566234,Cynthia,Turner,1973-04-10,F,582-842-3376,tcain@example.com,GB,Lake Stephanieburgh,61301,2022-01-16
C9877821,John,Burton,1996-01-05,F,-,erinsoto@example.net,United Kingdom,Emilyview,26045,2023-02-08
C2843212,Maria,Watkins,1936-08-10,NULL,878-306-2867x87313,tbailey@example.net,United Kingdom,Port Katherinehaven,71724,2025-10-08
C1750662,Robert,Davis,1976-04-08,Other,483-325-1799,ggray@example.org,UK,Port Jonathanburgh,55336,2023-03-14
C5358652,Brooke,Gibson,1956-02-08,F,001-833-920-5966x7930,nsmith@example.com,United Kingdom,Hollybury,93169,10-16-2023
C152770,Tina,Allen,1977-07-21,NULL,(623)465-0617,ronniecole@example.com,U.K.,Mackville,89262,2023-04-12
C7710320,Melinda,Mcdonald,1974-08-25,M,882-624-8451x67752,npage@example.com,England,South April,27929,2021-12-13
C3223263,Nichole,Burke,1990-02-05,NULL,+1-621-912-9970x058,cindyduncan@example.org,U.K.,South Tiffanyfurt,84491,2026-03-23
C1509395,Robert,Hinton,Tomorrow,F,(445)561-2866x25016,rodney32@example.com,U.K.,Williammouth,09216,2025-10-20
C3320451,Jennifer,Best,1974-05-16,F,+1-530-705-1151,rmccann@example.net,U.K.,Jamesbury,79435,2025-11-24
C271073,Frederick,Morrison,1964-05-28,Other,337-367-3138x730,james26@example.net,GB,Loweshire,06633,2024-04-24
C6955530,Laurie,Brown,1976-06-23,F,(370)690-7904,NULL,United Kingdom,Wrightborough,20594,2021-12-19
C5846597,Kristen,Nguyen,1957-07-17,Other,+1-372-973-8711x22422,edwin87@example.net,England,Williamsfurt,43345,2022-11-18
C1058214,Bryan,Joyce,Yesterday,NULL,3982978202,morannatalie@example.com,England,Watsonbury,25433,2023-06-01
C6318008,John,Kerr,2007-12-06,NULL,406-295-7433x49906,paul00@example.net,U.K.,South Theresatown,67551,2026-01-01
C4596724,Zachary,Mooney,1995-02-05,Other,848-761-5500,ian08@example.org,England,New Richard,64293,2025-03-22
C6491929,Jessica,Schultz,1999-04-25,NULL,(301)491-2463,david14@example.org,U.K.,Lewisbury,40689,2024-02-08
C4739807,Dylan,Murphy,1942-11-17,NULL,(962)304-4460,natasha34@example.com,UK,Rachelchester,47781,2025-08-14
C7199468,Kevin,Johnson,Yesterday,M,461.980.5626x85965,maryvaldez@example.com,UK,Barryfort,50646,2025-04-17
C1652864,Jonathan,Gould,1997-07-23,Other,626-592-9938x0797,colemannicole@example.com,U.K.,New Morganmouth,47789,2024-07-10
C1662491,Annette,Young,1963-08-20,NULL,782-377-2756,andersonamanda@example.org,United Kingdom,Cynthiafort,51401,2025-02-16
C7681297,Gary,Stephens,1975-11-14,NULL,821.565.6698x7491,rioskristen@example.org,UK,Victorfurt,08350,2025-01-24
C9125675,Seth,Perez,1955-12-30,Other,777-268-9049,daniel76@example.net,U.K.,Lake Amandaport,62359,2022-12-27
C1198291,Larry,Carroll,1955-04-10,Other,313-496-9558x706,kevinbentley@example.org,U.K.,South Amyfurt,36458,2025-10-20
C4729053,Donna,Huber,1990-03-21,F,001-268-712-0646,anthonywest@example.org,U.K.,New Ryanmouth,48209,2026-05-19
C3487053,Jeremy,Noble,1960-08-19,NULL,826-339-5287,nhoward@example.com,GB,New Jessica,25436,2021-09-19
C4950472,Jose,Medina,2000-11-08,NULL,(686)727-7459,sellerslisa@example.net,GB,Shawnhaven,56997,2025-04-16
C4916733,Matthew,Brown,Tomorrow,F,3569795638,elizabethstuart@example.com,United Kingdom,Ashleyberg,68157,2024-03-26
C6259957,Nathan,Perry,Yesterday,F,+1-960-901-9722x057,kprice@example.net,UK,Taylorhaven,87587,2023-09-13
C5301431,Christina,Martinez,2005-01-06,NULL,5326584363,jamesmiddleton@example.com,UK,West Georgestad,02219,2023-04-14
C8749986,Cynthia,Oneal,2000-01-27,Other,557.335.0075x1746,latoya35@example.org,UK,South Andrewport,11994,2022-10-13
C2563196,Teresa,Stewart,1997-09-17,F,811-907-7016x482,orrandre@example.org,UK,New Cody,73237,2022-06-18
C1792210,Brandon,Ellison,1947-09-10,M,254.318.7823,poolecrystal@example.net,UK,North Dawn,00560,2024-06-22
C8516215,Elizabeth,Noble,Yesterday,Other,+1-593-852-4771x41851,michael00@example.net,United Kingdom,New Rayland,02678,2022-07-27
C2873228,John,Davis,1961-12-07,NULL,323.513.1898,kimberlynewman@example.org,UK,Port Joseph,12027,2024-09-16
C2744261,Karen,Nelson,1955-05-12,NULL,(885)623-7900,oshelton@example.com,United Kingdom,West Kenneth,22655,2025-03-18
C3203714,Michael,Moore,1991-06-12,NULL,001-863-567-1269x32445,keith11@example.net,UK,Davidtown,56471,2022-08-28
C812832,Rebecca,Walsh,1956-08-10,NULL,700-750-8908x1968,joe64@example.net,UK,Cookside,38786,2025-06-20
C8027907,Breanna,Powell,1975-07-24,NULL,+1-529-641-2914,vburgess@example.org,United Kingdom,Michellemouth,41475,2022-07-14
C9786447,Zachary,Warren,1962-04-02,NULL,001-644-586-7127x38618,zgonzales@example.org,United Kingdom,Kristinehaven,63487,2026-01-30
C5617560,Kaitlyn,Shelton,1947-02-08,F,001-959-817-0242x2559,westwilliam@example.org,U.K.,Blackhaven,69957,2025-11-09
C988164,Luke,Dawson,1936-11-06,M,(481)383-4194,christopher99@example.org,GB,Ryantown,73819,2023-07-19
C1434487,Blake,Fisher,1963-05-08,NULL,357.575.3454x4272,vroberts@example.net,UK,West Christine,55115,2023-05-13
C9833913,N/A,Vargas,1998-05-05,M,215-811-1343x578,alexisfoley@example.org,England,Lichester,61944,2024-11-02
C2843781,David,Carrillo,1958-11-29,NULL,960.279.8758x387,lawsonjoseph@example.org,U.K.,South Tylerfort,30999,2026-04-12
C3202043,Erika,Norton,1945-11-03,F,001-796-807-9261x05687,jesse69@example.org,United Kingdom,Charleshaven,56873,2022-11-21
C4973468,Patricia,Johnson,1963-09-08,Other,(794)543-0717x504,lori12@example.org,England,Gregoryton,17806,2024-01-07
C2827866,Michael,Tucker,1972-09-18,F,269.779.0221x078,jesus46@example.net,UK,Lake Tiffany,82569,2026-07-28
C5927539,Sandra,Dixon,2003-04-08,Other,+1-678-212-0211x23917,mark05@example.net,GB,East Mark,03558,2026-01-10
C6022488,Victoria,Moyer,1965-02-15,NULL,001-882-414-4822x53204,NULL,GB,Amytown,31571,492789156
C954426,Angela,Davis,1948-12-01,F,001-349-584-4810x61587,vbell@example.com,England,South Elizabethshire,22569,2023-09-04
C1577218,Jill,Hill,1951-07-20,M,709-223-9221,ebarry@example.org,England,Port Jeremyport,13350,2026-05-23
C8266137,Miranda,Simmons,1961-02-19,Other,3797092412,webbangela@@example.org,GB,Williamsmouth,50328,2022-06-08
C8690609,Brian,Moore,1947-06-22,Other,001-673-640-2883x310,morrisalexandra@example.net,GB,South Cynthiaville,84873,2026-02-23
C6721818,Darlene,Frazier,1974-07-13,Other,584.267.0922x00250,whitemark@example.org,United Kingdom,New Tim,31605,2022-06-23
C2907483,Charles,Gregory,1974-07-06,NULL,979-590-9360,emoore@example.com,England,Perezshire,18063,2025-09-10
C2092059,Adam,Wilkerson,1977-08-14,NULL,7923480975,stricklandamanda@example.com,England,Lake Laceytown,08128,2021-08-14
C3206400,Joshua,Schneider,1936-09-08,NULL,4523150281,ggonzalez@example.com,U.K.,Silvaview,34516,2023-12-17
C2145916,Austin,Larsen,45154580,Other,(763)349-3887,deanmelissa@example.net,GB,New Dianaland,95047,2026-02-10
C4619052,Justin,Kennedy,2002-03-27,NULL,(703)989-7254,collinskathryn@example.org,UK,Lake Jennifer,34215,2026-05-16
C6344927,Morgan,Parks,1997-06-16,Other,813-418-9725x311,landerson@@example.org,UK,South Desiree,06706,2026-05-07
C8441562,Vincent,Scott,1966-04-12,Other,459-692-1990x1609,gregorywilliams@example.net,UK,Tracyton,88790,20260304
C3423591,Julie,Adams,1954-05-21,M,+1-310-210-1459x0761,markhuff@example.net,England,North Theresa,01414,2022-08-08
C6368042,William,Johnson,1955-07-27,F,+1-834-679-2487x214,cortezcharles@example.org,United Kingdom,Port Josephburgh,15363,2023-08-28
C5795436,Dustin,Williamson,2004-11-27,NULL,(679)311-2272x5327,wesley82@example.net,U.K.,Jenniferchester,44641,2025-07-02
C7443272,Richard,Dunn,1969-04-06,Other,440.224.5410x1298,gwarren@example.com,England,Caseyberg,54592,2021-12-21
C7007633,Brittany,Palmer,1944-08-29,M,+1-666-923-3345x645,jchan@example.net,GB,New William,44491,2023-08-04
C1921016,Javier,Glass,1959-11-13,M,6099441611,greencrystal@example.com,UK,West Jesseberg,12785,2022-05-12
C84409,Travis,Johnson,1953-11-17,F,257-908-6857x2640,johnsonbrian@example.com,United Kingdom,New John,60447,2024-11-30
C2029852,Courtney,Holland,1972-11-18,Other,644-528-9255x31632,martin52@example.net,United Kingdom,Dianeburgh,07876,2025-03-08
C1955295,Mary,Walton,1955-11-19,Other,(345)226-6908,tglenn@example.net,GB,South Jeanetteborough,99775,2022-09-18
C7263474,Natalie,Rosales,1951-04-12,M,(513)449-6569x5679,bdougherty@example.net,UK,Lake Bryanfort,18058,2026-02-16
C3305450,Teresa,Oconnor,1958-11-15,NULL,+1-804-804-4538x9975,oconnelllaura@example.net,England,Sanchezbury,06975,2022-06-10
C3207036,Richard,Richardson,1984-03-14,Other,621-945-3992x4452,maystony@example.com,GB,Campbellview,81245,2023-10-26
C5995709,James,Lawrence,1972-06-28,NULL,+1-702-461-0372x06817,jensencharles@example.com,U.K.,West Mary,07430,Yesterday
C4141129,Michelle,Hall,1967-05-07,M,+1-732-864-4271x3205,qscott@example.net,England,New Troy,66025,2026-07-14
C2686440,Rebecca,Miller,1967-07-15,M,613-218-6342x16291,kristinabowers@example.net,U.K.,Bassfort,43542,2025-03-05
C7803403,Michael,Johnson,1953-12-10,Other,001-409-305-3842x043,ingramluis@example.net,England,Port Derekbury,18727,2024-03-03
C9031793,Mary,Collins,1946-07-25,Other,(949)637-0480x70588,hannah91@example.org,United Kingdom,East Katherine,36870,2022-01-24
C3727760,Andrew,Mitchell,1948-03-11,Other,347-288-5859,wallacekimberly@example.net,GB,West Laurieville,16948,2026-03-27
C277088,Brittany,Black,1959-02-25,Other,+1-481-770-5408,tony23@example.net,United Kingdom,Anthonyhaven,53033,2022-03-07
C4112749,Carly,Garcia,1981-03-06,NULL,(998)642-2564x29770,lewisrebecca@example.com,United Kingdom,New Candice,89405,2022-09-06
C5063513,Ashley,Parker,2002-02-02,Other,344.438.1178,millscassandra@example.net,U.K.,New Matthew,41641,20230207
C696975,Derek,Morton,1989-03-25,M,626-644-1271,mark20@example.org,UK,Bartlettville,12508,2024-09-16
C1102439,Kenneth,Mcclure,2002-12-26,NULL,(504)570-6081,agrant@example.com,GB,Leahland,74682,2024-12-18
C5971745,Lindsey,Coleman,1965-03-11,Other,Unknown,stacybrown@example.com,GB,Reginahaven,18748,2024-01-20
C1769813,Brandon,Brown,1940-02-06,NULL,252-218-0040x97824,ospence@gmal.com,GB,Lake Amber,65986,2024-02-25
C6176068,Edward,Hogan,1983-10-05,M,(546)696-6881x180,kflynn@example.net,UK,Lake Jodychester,12324,2022-12-14
C8945162,Thomas,N/A,1950-11-25,M,001-795-282-5034x1097,jacob65@example.org,UK,New Jimmy,36307,2023-07-26
C8658186,John,Hill,1941-03-31,M,001-203-876-3052,stricklandjohn@example.org,United Kingdom,Bradfordborough,88989,2026-06-30
C9528782,Stacey,Turner,1971-05-01,F,404.508.0841x357,jessica16@example.com,United Kingdom,Danielborough,02279,2025-12-19
C4675089,Charles,Lloyd,1947-02-08,F,7114921593,rebecca49@example.net,England,Melvinshire,47278,2022-03-21
C8700263,Kathryn,Hall,1985-01-09,NULL,6284953768,cbrooks@example.org,GB,Joelberg,90321,2022-06-17
C6766067,Michael,Estes,1938-01-11,Other,001-818-801-1175x86564,gordonolson@example.net,GB,North Sarah,76331,2024-06-06
C7784578,Jesse,Mcdaniel,2006-06-27,NULL,559.877.4021,edwardsmith@example.net,UK,Priceland,36594,2023-09-14
C4139467,Christopher,Aguilar,1952-11-07,M,(984)350-3102x79548,jmorris@example.com,GB,Robertland,94241,2025-03-27
C1090964,Duane,Butler,Yesterday,F,226-928-2357x9702,cervantescory@example.com,U.K.,Lake Shirley,49138,2022-09-16
C9542101,Terri,Mullins,2006-07-24,M,302-500-3522,donna38@example.net,GB,Huntertown,63240,2024-04-07
C2879264,Teresa,Robinson,1978-06-22,F,(588)502-5019,derrickreid@example.org,UK,Greenton,37919,2024-07-28
C1122167,Jennifer,Mendoza,2003-10-18,F,701.539.7479x10314,stephenlawson@example.net,England,West Seanmouth,98942,2026-07-14
C4347191,Brandon,Wallace,1982-10-22,NULL,267-331-5986,kelly08@example.org,GB,North Sandramouth,17115,2023-03-20
C4739176,Brandon,Murphy,1981-12-26,M,+1-660-316-5780,thomas15@example.org,U.K.,South Joe,50793,2024-10-08
C6575036,Debbie,Brown,1944-01-27,F,255.534.5779x9316,evanssarah@example.com,United Kingdom,New Alishamouth,14664,2021-11-27
C3622655,Heather,Jackson,1974-03-15,M,001-509-667-8381x34143,william62@example.com,GB,Amandaland,66288,2025-01-02
C1692675,Robert,Watkins,2005-09-07,M,469-425-4305,ffrancis@example.org,United Kingdom,South Brittany,64649,2026-03-13
C5455715,N/A,Gomez,1962-10-17,F,(901)291-5457,lorraine01@example.com,United Kingdom,Bakermouth,08689,2021-10-27
C8583861,Michael,Freeman,1937-09-17,F,210.438.9753x5638,mooremichelle@example.net,UK,Douglasburgh,49125,2025-08-07
C7479139,Ryan,Johnson,1957-08-26,NULL,+1-297-815-7300x93617,adamscristian@example.com,United Kingdom,Glendaburgh,49039,2025-02-22
C4427576,Breanna,Sharp,1964-10-17,Other,436.662.2243x35790,adamconley@example.org,United Kingdom,West Jeffrey,97345,2022-01-10
C5819978,Sarah,Lopez,1997-06-24,F,001-509-333-0178x84864,bburns@example.net,England,Jamesburgh,59746,2024-07-02
C1956750,Amy,Brewer,19570715,Other,553.710.0033,ashleybarrett@example.net,UK,West Antonio,84956,2026-05-13
C4120989,Chad,Hawkins,1966-07-11,F,001-203-694-3278x6562,lisa91@example.com,UK,Harveyshire,97136,2023-04-20
C2359502,Jennifer,Green,1997-10-15,NULL,+1-335-756-6382x85786,kproctor@example.com,GB,East Zachary,50220,2022-04-19
C6156063,Vanessa,Hall,1948-08-20,M,692-565-9868,jocelynellis@example.com,UK,Alexborough,49943,2023-09-08
C2899656,Glenn,Myers,1993-04-16,F,001-635-441-4673,sullivanpeter@example.net,U.K.,Millschester,25836,2024-07-22
C5633462,Courtney,Mullins,1944-07-29,Other,(878)829-9729,vhale@example.com,U.K.,Conleymouth,46093,2024-11-11
C9762762,Jennifer,Faulkner,1955-03-24,NULL,(997)987-5122,farrellvictoria@example.com,GB,Castilloside,69193,2025-06-29
C900791,Brad,Brandt,1990-09-11,Other,+1-323-523-5462,rguerra@example.net,England,Wandabury,28498,2024-11-26
C3074213,Zachary,Brady,1944-09-18,M,001-244-844-3776x832,andersonsteven@example.net,U.K.,Hamiltonville,99454,2024-10-02
C2304976,Jenna,Mcguire,1952-08-31,Other,431-481-7434x51424,williamsbrett@example.com,U.K.,Mccarthyview,41955,2025-12-10
C2016476,Stephanie,Flynn,1936-08-24,Other,001-626-788-2651x34031,stacy18@example.com,England,Coleborough,02774,24/08/2022
C3533140,Tracy,Perez,1985-07-09,NULL,480-610-4219x046,jamie17@example.com,United Kingdom,Ponceburgh,92492,2023-04-05
C1299720,Joel,Hamilton,1959-09-01,NULL,(518)799-6802x008,simmonsthomas@example.org,United Kingdom,Stevenchester,41760,2021-10-27
C2575320,Cindy,Hammond,1951-11-01,NULL,(920)311-2928x3677,bryanvance@example.com,GB,Williamsfurt,36051,2022-03-31
C8264143,Erin,Flores,1955-04-13,F,001-929-476-1577x998,nicholas53@example.com,GB,Omarmouth,13151,2024-10-03
C4059440,Ryan,Austin,1997-05-06,F,600.824.2019,melissaochoa@example.net,United Kingdom,Port Denise,54104,2022-09-29
C9465308,Diana,Robinson,1979-10-20,F,(658)485-6869x4313,tonyapatterson@example.org,England,East Emilyfurt,18620,2024-10-25
C9110365,Timothy,Tucker,1939-10-13,Other,+1-557-668-4334x199,castillojohn@example.net,GB,Jerryburgh,26134,2022-02-13
C8866642,Jill,Lloyd,1976-01-18,Other,(713)572-5338x6289,fosterdanielle@example.com,GB,Breannaport,70410,2025-05-08
C7695108,Christopher,Gregory,2000-06-23,F,001-715-375-5265x81065,gentrydana@example.net,UK,South Robert,84295,2023-07-08
C4782689,Philip,Steele,1980-08-23,NULL,+1-420-267-3230,michelle42@example.net,GB,Murphyview,38741,2024-02-18
C1903030,Kristen,Flores,1961-05-10,NULL,(648)680-9388x6372,cookeconnie@example.com,England,Nicolefurt,21274,2023-02-17
C1148988,Jennifer,Hart,1977-08-25,NULL,464-451-7088,wendyfranklin@example.org,United Kingdom,Port Abigail,52017,2024-11-08
C7658635,Jeff,Chen,2003-06-13,M,531-689-7952x4136,brian03@example.com,United Kingdom,Allisonberg,86986,Tomorrow
C1128457,Stephen,Dillon,1945-09-04,NULL,+1-863-357-8312,changwendy@example.com,United Kingdom,Lake Crystal,23412,2021-10-30
C6263929,Chad,Morrison,1938-04-14,F,647-388-7410,arthurjohnson@example.net,England,Bradfordstad,43454,20220114
C7412822,Joshua,NULL,1939-10-07,Other,+1-231-544-8478,andrew12@example.net,UK,New Paigeport,96044,2023-04-03
C516182,Justin,Gordon,2002-12-01,Other,817.935.5806,wpratt@example.com,GB,Melanieton,28675,2023-11-13
C6585870,Stephen,Smith,1936-09-25,M,971-500-5758x8719,reynoldsbrian@example.com,GB,Port Derekville,97766,2024-08-19
C1554120,Michelle,Gordon,1957-12-31,F,+1-915-414-9629,kayla31@example.net,GB,Keithhaven,74058,2022-12-13
C9882110,Stacey,Moss,1992-04-06,F,(816)678-8192x8278,ccampbell@example.net,UK,Morenoland,74675,2023-12-14
C1660108,Nathan,Alexander,1992-12-22,F,001-514-609-7394,reedjeff@example.org,UK,West Crystal,75111,2023-09-15
C4011902,Jon,Jones,1984-06-15,F,571.601.3274,aaronball@example.com,England,South Rachel,60726,2022-07-23
C4631687,Gregory,Sanchez,1961-11-12,M,001-808-946-5394x9321,tthompson@example.com,England,Kristenton,63978,2025-05-19
C1836697,Tanya,Stanley,1949-09-17,Other,(591)329-2189,katie11@example.org,UK,Kristenfurt,31316,2025-10-06
C4081220,Cynthia,Morris,1978-01-22,NULL,7296805251,ssnyder@example.net,UK,Greenchester,40076,2021-11-19
C5264455,Jennifer,Marshall,1988-09-29,M,778-604-0054x67027,james28@example.com,U.K.,Tinaport,50755,2024-01-24
C8336581,Timothy,Unknown,1973-05-17,NULL,+1-516-305-1665,jodi71@example.net,United Kingdom,West Anthony,08983,2023-12-17
C7436062,Alexandria,Hickman,1979-04-26,NULL,(583)385-9849x3328,zerickson@example.net,U.K.,Lake Kimberlyfort,35220,2022-11-25
C8700435,Zachary,Paul,2001-02-18,Other,(769)964-2303x655,NULL,GB,North Brandishire,05825,2022-01-12
C7024769,Crystal,Greer,1980-04-19,F,869-303-9551,natalie27@example.net,UK,Harrishaven,72868,2024-04-07
C1216109,John,Wood,2008-06-20,M,001-518-430-4792x20282,smithdebra@example.com,United Kingdom,Fitzgeraldview,36725,2022-12-16
C2654657,Brittney,Thompson,1980-10-28,F,408.726.0844x546,robert07@example.net,U.K.,Davidfurt,21068,2023-05-28
C6214396,Cynthia,Richard,1955-03-13,Other,620.752.5465,barroyo@example.net,GB,New Nathanport,91532,2023-09-11
C6756974,Michael,Dalton,1963-12-31,NULL,001-258-614-0499x1730,andrewwoods@example.org,UK,South Ashleystad,89215,2025-02-22
C7910350,Jay,N/A,1980-02-22,NULL,(335)284-5412x157,laurasmith@example.net,UK,Wilkinsonside,05068,2021-11-04
C8878664,Daniel,Barr,2007-10-04,Other,2266834204,zcunningham@example.net,UK,South Craigport,78024,2022-10-09
C8900872,Eugene,Choi,1973-09-02,Other,573.263.0693,qpatton@example.com,United Kingdom,Campbellside,66894,2023-04-13
C5737457,Rebecca,Thompson,1961-08-02,Other,+1-858-477-6213x075,maryhampton@example.net,U.K.,Port Jay,37042,2025-03-25
C8095554,Joseph,,1994-01-15,F,001-729-379-9734x603,frosales@example.org,GB,North Wesley,83494,2024-07-07
C438830,Laura,Smith,1967-11-09,F,3336218709,muellerjoshua@example.net,United Kingdom,Toddfurt,56842,2024-08-29
C3314446,Candace,Henry,1995-06-21,Other,698-946-3583,taylorkeith@example.net,UK,Marvinchester,67164,2023-05-26
C3440778,Unknown,Harvey,1971-02-02,M,849.966.0970x831,clarkjennifer@example.org,UK,West Jamesside,52627,2023-10-16
C2081153,Cameron,Walker,1940-06-03,F,001-668-779-4667x4492,stevenpeck@example.com,U.K.,Davidland,87547,2025-06-14
C9045428,Craig,Chavez,1967-09-25,M,(494)416-2228x18253,michael35@example.com,England,Williamside,67186,2023-11-12
C989268,Anna,Long,1958-08-06,M,(413)997-7264,lewisvirginia@example.net,United Kingdom,East Michaelfort,44567,2021-09-10
C4077644,Austin,Bean,1954-09-03,Other,677-614-3420x711,adamsdavid@example.org,United Kingdom,Cassandraton,12651,2025-08-09
C942273,Tricia,Miller,1949-04-06,M,N/A,carneybrianna@example.net,U.K.,East Stephaniemouth,04328,2025-07-24
C6273590,Gabriel,Lee,1984-04-21,Other,331.421.6962x640,ginajohnson@example.com,United Kingdom,Lake John,63953,2021-12-19
C3414850,Patricia,Ryan,1961-12-04,Other,001-423-530-5347x5629,michaelfranco@example.com,U.K.,Alexanderport,67814,2025-06-19
C5044835,Allison,Newton,1957-08-08,F,001-685-675-8059x333,edward04@example.org,England,Whiteborough,15626,2023-12-01
C5126819,Jeffrey,Watson,1973-01-23,M,662-746-0185,NULL,GB,Piercebury,80903,2022-11-06
C6753939,David,Brown,1963-06-02,Other,614.204.9954,jenniferlee@example.net,England,West Michaelland,86680,2026-07-30
C4643619,Jon,Carter,2003-11-15,NULL,574.812.6788x10569,ewright@example.com,GB,Matthewmouth,57609,2022-02-12
C4407554,Raymond,Hood,1942-05-02,Other,001-894-974-2250,laura23@example.net,GB,Tammyville,11507,2024-02-09
C5133411,Nicholas,Miller,1953-02-07,F,+1-487-813-9599x39625,janice02@example.com,GB,New Briana,43952,2024-09-20
C3331016,Mary,Avila,1992-09-23,F,667-411-6828x16298,vjordan@example.net,England,North Kennethborough,10109,2023-05-16
C8725323,Lisa,Nelson,1949-03-03,M,+1-409-220-1667,kgibson@example.org,United Kingdom,North Christine,15976,2022-12-09
C4705920,-,Preston,1997-10-25,Other,(403)368-0213x72751,pauljones@example.net,UK,New Diana,89514,2023-10-01
C5229349,David,Cervantes,1980-12-18,NULL,001-435-914-8016x106,regina60@example.org,U.K.,Debbieberg,80440,2022-05-12
C98362,Hannah,Grant,1977-01-07,F,364-252-3959,alexis72@example.com,GB,Port Loriport,05702,2022-06-06
C3590603,Sandra,Ellis,1965-10-18,F,9707294505,tstokes@example.org,England,Donnaburgh,22374,2023-03-23
C6562103,Desiree,Anderson,1965-04-05,NULL,6754460891,ianscott@example.com,UK,West Georgeside,65575,2025-05-14
C6186734,Riley,Tucker,1956-09-02,M,968.462.4989,andersonjennifer@example.org,UK,New Kevin,30774,2022-01-25
C7639174,David,Kent,2004-04-09,F,4622756538,williamsrachel@example.com,United Kingdom,Hendersonview,45276,2024-03-11
C8968880,Gordon,Williams,1984-09-08,M,-,mlynn@example.org,GB,Lake Edwardville,37606,2024-10-01
C5560262,John,Mcpherson,1935-10-02,NULL,446.841.2251,zachary65@example.com,GB,Petersonburgh,79717,2025-09-27
C288731,Amy,Le,1975-02-14,F,410-561-3242,haydencolon@example.com,U.K.,Angelaville,42904,2025-04-07
C8399937,NULL,Thompson,1941-11-28,Other,704.712.1975,rpeters@example.net,England,South Olivia,86961,2023-12-17
C5309234,William,Guzman,1998-07-23,Other,,zlewis@example.org,UK,Lake Michelleville,52527,2024-05-26
C1249208,Mark,Wilson,1993-09-16,M,+1-782-501-5749,jeremyolson@example.net,UK,New Denise,42251,2022-03-30
C3585709,Rebecca,Zimmerman,1981-06-26,NULL,(930)260-6811,christopherking@example.net,GB,Port Johnmouth,71355,2026-01-07
C3606004,Krystal,Collins,1967-04-12,M,001-215-871-9261x310,ericmaldonado@example.org,U.K.,Lisaland,39545,2021-08-13
C7704710,David,Scott,2001-10-06,M,(808)705-1239,omorse@example.net,UK,Goldenhaven,26746,2022-01-20
C5045020,Susan,Ross,1992-02-05,NULL,403.727.9189x744,cnovak@example.net,U.K.,Melissaborough,48063,2022-05-11
C5882777,Erik,Taylor,2006-09-24,Other,+1-758-540-6617x7729,miadeleon@example.org,U.K.,North Katelynview,72513,2024-04-23
C978709,Angela,Mcclain,1991-01-26,F,693-427-8618x02221,anita30@example.org,United Kingdom,West Priscillastad,32174,2026-03-02
C5708480,Robert,Holt,1968-09-17,Other,+1-573-849-5329x78880,jeremiahgarza@example.org,GB,Morrisbury,00982,2022-02-09
C3991291,,Smith,1946-11-30,F,001-483-730-7465x86177,pbond@example.com,England,Rebeccahaven,46348,2023-04-08
C2218591,Jennifer,Conley,1972-12-07,F,(278)815-9124,desireejones@example.net,U.K.,Adammouth,83760,2023-03-18
C7822220,Maria,Love,Tomorrow,Other,001-356-650-5207x936,znichols@example.org,England,Deniseborough,12561,2025-03-21
C5726993,Shelly,Taylor,1937-06-19,F,401.268.7632,henrysusan@example.com,UK,Port Debbie,91310,2024-12-06
C6531644,Nancy,Brown,1970-11-15,Other,8515219311,dmoore@example.com,GB,Hallfurt,88948,2024-06-01
C1494556,Gabriel,Vazquez,1982-01-10,NULL,(709)593-0091,sandrabanks@example.net,U.K.,Hooperhaven,23821,2025-05-10
C4401765,Carl,Jones,1973-04-06,Other,3215665848,ltate@example.net,United Kingdom,Port Sheilaberg,05911,2026-04-27
C8251137,Lindsey,Pierce,2002-08-05,M,351.590.5065x743,davisdavid@example.org,United Kingdom,Teresaberg,15346,26/01/2024
C9291215,Austin,Soto,1940-02-05,Other,936.303.3670x65014,ybyrd@example.org,UK,North Jackie,73121,2025-12-24
C5959653,Thomas,Simmons,1981-06-02,NULL,759.832.0047,myersgeorge@example.com,GB,North Tonyview,94278,2022-01-03
C7560869,Steven,Smith,2007-07-17,F,+1-500-344-5905x3609,heatherbrowning@example.org,United Kingdom,South Ryan,93070,2026-05-06
C803628,Mary,Williams,1981-05-12,Other,001-978-228-7673x21304,kboyd@example.net,UK,New Amber,83890,2024-01-13
C4772317,Julie,Davies,1972-09-01,F,6515779030,briancline@example.org,GB,Lake Amyport,13428,2022-01-08
C5274341,Matthew,Unknown,1975-07-02,M,781-518-1211x5991,mary41@example.org,GB,Brandybury,56987,2021-09-22
C443712,Scott,Tate,1951-04-07,NULL,573.497.4794x28660,dorothyodom@example.net,U.K.,Moralesland,93541,2026-02-01
C4081854,Lisa,Murphy,1980-06-04,Other,(553)409-1438x8275,qkelly@example.net,UK,North Johnborough,91315,2022-10-16
C3034212,Elizabeth,Davis,1968-07-15,NULL,001-565-694-8341x408,vmitchell@example.org,United Kingdom,Reneemouth,01612,2025-06-12
C5258321,Jonathan,Wilson,1959-07-23,Other,689.291.7724x1814,terri75@example.org,UK,East Andrewfort,92741,2025-03-26
C40084,Joseph,Coleman,1950-06-12,NULL,001-977-236-9678,barronsandra@example.net,United Kingdom,South Saraton,76891,2022-12-13
C5693041,Crystal,Joseph,1975-10-26,Other,(253)565-8564,evanslori@example.com,U.K.,Port Jenniferport,95213,2022-05-13
C3417847,Michael,Wang,1940-09-27,M,285-280-0207x1181,millerdonna@example.com,U.K.,Baileystad,13665,2025-09-23
C8719050,Michael,Walker,1950-05-22,M,(762)734-2929,qthompson@example.net,United Kingdom,Lake Christophermouth,67646,2026-04-03
C663666,Dylan,Merritt,1971-11-30,NULL,702-616-1131x965,phillipsdylan@example.org,UK,Deanton,96091,2025-09-05
C9113970,Joseph,Olson,1945-03-09,NULL,459-444-5175x37676,kathleen02@example.net,United Kingdom,Andrewland,55184,2021-08-14
C5463170,Michael,Small,1975-01-11,M,295-230-1607,ewang@example.com,UK,South Anthony,72296,2023-08-14
C4335788,Mark,Sims,1983-02-07,F,395-676-1715x201,mark88@example.com,United Kingdom,Pamelachester,26143,2022-04-20
C3988798,Kyle,Kemp,2000-08-13,NULL,(389)228-5269,joanne79@example.net,UK,Williamberg,90335,2024-07-27
C6087828,Karla,Krause,1962-03-25,F,+1-483-447-3908x04788,steven11@example.org,GB,Port Richard,89823,2025-04-30
C1776757,Jeffrey,Henry,1953-07-04,NULL,507-758-0784x887,kennethsmith@example.com,U.K.,North Jean,60554,2024-10-12
C9785749,Tina,Byrd,1989-08-24,F,(975)418-1000,eric85@example.com,GB,Erinshire,97261,2021-08-18
C5262826,Cristian,Mccarty,1989-04-05,Other,001-484-912-1108x2728,christophercarpenter@example.org,England,Brandonville,74518,2024-07-23
C6216645,Rodney,Jones,1994-11-28,Other,001-435-505-0331x046,bethconrad@example.org,UK,Jonesside,37158,2025-06-19
C6928557,Lisa,Nolan,1940-04-18,M,451-775-6077x53623,sanchezmichael@example.net,England,North Jayburgh,20038,2025-10-30
C7773437,Gary,Harrell,1992-06-30,NULL,(606)222-0884x7333,zhines@example.org,UK,Hoganside,14243,2026-05-15
C8364425,Christian,Wright,1940-02-13,F,+1-733-576-1371x427,palmerkimberly@example.com,UK,Madisonton,86394,2026-03-07
C3890687,Angela,Smith,1990-01-03,F,001-334-599-2371x100,susan29@example.net,United Kingdom,West Michael,06814,2022-07-01
C4969739,Arthur,Ali,1979-07-12,M,(807)790-4354,miagriffin@example.org,England,New Heatherton,32592,2024-09-16
C9526045,Raymond,Davis,1943-10-03,M,603-733-6504x1247,hillamanda@example.com,England,Whiteberg,37741,2023-02-21
C778067,Tina,Smith,2000-12-22,F,001-655-969-3796x9799,friedmancolleen@example.net,GB,Cherylmouth,80131,2025-09-28
C6663685,Sandra,Kim,1951-07-12,NULL,+1-896-342-7372x1890,juanlee@gmal.com,U.K.,New Jamesburgh,89482,2026-07-02
C3495638,David,Brewer,1998-08-07,Other,+1-480-624-1550x964,bkelly@example.org,England,Ronaldville,10417,2022-04-02
C3281381,Mary,Cook,28/05/1973,F,2258791085,hartcassandra@example.com,U.K.,North Jason,65776,2022-03-01
C4984554,Joseph,Hood,1936-07-15,NULL,9059419541,jonesjack@example.org,UK,Patriciachester,59937,2025-06-01
C1060839,Shawn,Oconnell,1943-12-18,F,(930)390-6486x2418,anthonyturner@example.com,U.K.,Port Jimmyfort,80566,2021-09-18
C1298440,Diana,Payne,1988-05-11,M,686.631.6502x822,richardsonsarah@example.com,United Kingdom,North Curtis,05443,20260801
C8618393,James,Barber,1972-04-02,M,4253822889,rsalazar@example.com,England,South Anthony,35925,2023-06-20
C7883340,Christopher,Anderson,1954-12-06,NULL,+1-766-835-1892x2684,williamherrera@example.net,UK,New Joseph,49354,2022-07-24
C7086865,David,Barber,2007-01-30,Other,+1-564-620-3271,tiffanymacdonald@example.net,GB,East Garyview,20690,2026-07-05
C721700,Scott,Knapp,Tomorrow,NULL,399-650-0653,jeffrey23@example.com,U.K.,Michaelport,65538,2026-03-09
C694560,Bill,Khan,1952-08-22,NULL,392-813-9037,carrillosandra@example.org,U.K.,Brianmouth,95139,2022-04-12
C2066412,Andrew,Adams,1958-02-02,F,(340)928-8405x83509,aaron40@example.net,UK,Moorechester,83834,2021-11-13
C8615134,Dave,Smith,1939-01-12,NULL,001-843-504-5379x6009,rebeccayates@example.org,United Kingdom,Justinfort,32133,2022-11-11
C431797,Ruth,Thomas,1981-01-13,Other,(901)527-8112,matthew41@example.org,U.K.,New Sharonside,10643,2023-10-11
C3497405,Melissa,Taylor,318527613,M,290-818-3285,sara26@example.com,UK,Caseyhaven,05864,2024-10-30
C3478144,Amber,Lowe,2003-02-06,NULL,8389770836,gregorymegan@example.org,England,Sarahhaven,56374,Tomorrow
C4455473,John,Martinez,1957-10-25,F,912.254.4872x3645,eoconnor@example.org,U.K.,Timothyshire,60960,2022-06-17
C7973353,Alec,Baker,1962-01-23,NULL,(777)705-0441x0744,brittneyfoster@example.net,GB,Lake Ericburgh,02686,2023-02-25
C2158271,Ashley,Brown,1948-03-29,Other,458-249-9622x634,morrisgrant@example.com,United Kingdom,Pagemouth,96226,2022-06-24
C6404827,Chad,Garcia,1955-09-21,NULL,825.819.6404x888,wprice@example.net,England,Josephmouth,28171,2024-12-24
C3257908,Jason,Stewart,1984-01-20,F,345.281.8112,michael48@example.net,U.K.,Sanchezmouth,71204,2026-02-19
C553058,Melissa,Morgan,1947-02-16,Other,434.557.9545x270,frosttracy@example.net,GB,Debramouth,81258,2023-08-28
C7017862,Samuel,Franco,Tomorrow,Other,(229)825-3238x873,lwilliams@example.net,U.K.,Santiagotown,21982,2023-01-09
C9337897,Kimberly,Brown,1997-01-28,NULL,354-420-1418x20284,lisa99@example.org,England,Warrenville,80142,2026-06-21
C2012428,Sharon,Curtis,2003-03-14,Other,816.975.0861,oburke@example.net,UK,Atkinsonfurt,36410,2023-11-07
C8293608,George,Douglas,1978-05-26,M,904.287.9879x923,radams@example.org,United Kingdom,New Paulmouth,22282,2026-06-09
C3078648,Timothy,Howe,1968-07-10,M,(621)408-8649,hubbardkelly@example.net,U.K.,Susanbury,52290,2025-04-19
C990355,James,Richardson,1960-10-23,M,(274)898-1329,hailey04@example.net,GB,Port Christina,56681,2024-06-15
C1973802,Nicholas,Burns,1956-01-29,NULL,734-803-7264,foleycrystal@example.com,UK,East Nicole,16195,2023-05-13
C7568922,Katie,Greene,1992-01-14,M,639.741.2978,brownjason@example.com,GB,Turnertown,10227,2024-06-04
C7903611,Gabriel,Smith,1985-12-02,NULL,361.403.1618x314,ibarrastanley@example.net,GB,Lake Annette,01843,2023-07-11
C2280652,Matthew,Collins,2006-07-25,F,(260)660-4540,jacob22@example.net,U.K.,Port Tyler,94804,2022-03-04
C3448477,Zachary,Hill,1957-04-21,F,NULL,martinbaldwin@example.com,GB,North Gregory,63515,2024-01-26
C2868834,Donna,Rodriguez,1968-05-18,F,(546)358-0762x22416,kimberlyboyer@example.org,U.K.,Garciaview,49232,2022-05-04
C645646,NULL,Choi,1976-12-13,NULL,861-925-3855,william83@example.net,United Kingdom,New Maryland,73617,2026-02-06
C4625988,Barbara,Vargas,1975-04-10,NULL,761-498-4085x491,terri72@example.net,United Kingdom,Hallton,79295,2023-10-15
C619619,,Williams,1960-06-28,Other,(874)267-3050x398,brandon32@example.com,UK,Alexandrastad,71279,2026-03-27
C4963054,Andrew,Mcconnell,1937-09-28,M,(665)500-4149x477,atkinsondana@example.org,United Kingdom,East Dianachester,69877,2025-12-07
C9207722,Paul,Kramer,1978-01-23,F,599-217-1050x07222,johnwest@example.net,UK,Lake Julia,57600,2025-06-17
C6771566,Debra,Mcdonald,1945-05-24,NULL,6049991249,gmata@example.net,England,North Vanessahaven,41204,2026-03-30
C7615567,Brian,Nelson,1946-11-28,Other,(788)737-7685,gomezpamela@example.net,United Kingdom,Port Donaldmouth,86828,2024-10-21
C1871820,Melissa,Mcdonald,1960-12-30,F,(720)390-0092x882,glenn18@example.com,United Kingdom,Shafferchester,02092,2023-03-19
C3971341,Michael,Jensen,2001-07-30,NULL,988-738-0901x364,armstrongjulie@example.com,England,New Shanehaven,53366,2024-01-23
C5581365,Darius,,1950-10-28,NULL,391.995.2006x019,russell21@example.com,United Kingdom,Michaelmouth,38552,2025-07-20
C2753443,Linda,Duncan,1956-12-09,NULL,(908)738-1763,lmyers@example.net,UK,Allenhaven,79277,2023-07-14
C6301317,Kayla,Smith,1952-01-26,F,974.650.3663,allenguerrero@example.com,U.K.,South Williamton,56019,2025-12-04
C8312156,Stephen,Melton,2003-04-01,F,+1-983-611-8604,lawsonmichael@example.net,U.K.,Hendersonshire,83766,2023-12-29
C7518500,Nicholas,Unknown,1980-12-24,F,001-734-622-2250x70031,matthew28@example.org,UK,Chaseton,53527,2022-10-20
C8337372,Cheryl,Moore,1984-02-11,NULL,001-606-760-4521x6784,shelbyyoung@example.com,UK,East Mark,86828,2022-12-26
C8703077,Jennifer,Morales,1991-01-04,NULL,001-590-661-1713x40572,hayskevin@example.net,GB,Georgeshire,71731,2024-06-26
C351757,Unknown,Little,2008-01-01,M,001-250-888-6081x24739,janice59@example.net,U.K.,Gillburgh,52488,2022-09-18
C2004609,Emma,Cain,1980-11-15,NULL,621-331-6348x827,melissabennett@example.com,England,Lewisstad,95799,2024-03-14
C9429223,Kari,Powell,1954-04-16,NULL,+1-627-519-6641x5036,cooperjeremy@example.com,GB,Jayborough,10798,2026-05-28
C2921992,Janet,-,1971-09-09,M,600-215-3746x1981,orose@example.org,U.K.,Rodriguezbury,40234,2025-10-09
C7228203,John,Gonzalez,1947-04-24,Other,001-990-698-7879x736,randolphsamantha@example.net,England,Mistyberg,37527,2025-06-25
C7832131,Tonya,Morrison,2000-08-02,F,(302)422-3084x030,nperry@example.net,United Kingdom,Danielletown,97055,2026-07-05
C6068942,Jon,Pace,1987-02-26,F,929-487-9007x70763,tammy40@example.org,GB,Leechester,51140,2023-09-16
C1399269,Jim,Howell,1950-03-01,F,+1-314-211-5216x52442,krausescott@example.com,United Kingdom,Lake Phillip,01813,2025-05-09
C640208,Ryan,Carey,1965-07-12,M,+1-783-518-1597x18232,john36@example.org,United Kingdom,East Rebecca,21262,2023-11-12
C5361865,Daniel,Brown,1969-05-30,M,001-447-937-7077x4217,adrianmathews@example.com,GB,South Stephanie,67716,2024-12-12
C3324584,Judy,Mccann,1951-05-20,NULL,001-676-856-3307,blankenshipmark@example.org,U.K.,Christopherborough,61605,2023-12-18
C3019749,Austin,Osborne,1994-02-01,F,(318)431-1205x89406,kirbybenjamin@example.com,GB,Millsborough,12438,2021-12-03
C1645319,William,White,1958-06-02,NULL,824.809.4060x22751,barryromero@example.net,United Kingdom,East Molly,86002,2022-10-26
C3181821,Megan,Shelton,2006-03-14,NULL,(477)942-4007,chandlermatthew@example.com,U.K.,Lake Samuelfort,60211,2021-11-30
C8693615,Tammy,Walker,1995-11-12,Other,363.955.2673x81081,mooresteven@example.org,England,Parkermouth,51342,2023-03-22
C4903767,Kayla,Miller,1964-10-27,NULL,001-738-552-2404x93022,estradaerin@example.org,UK,New Steven,63934,2025-12-30
C8580470,Kathy,Morgan,1982-09-19,Other,001-397-704-7412,jlopez@example.org,GB,South Jonathanmouth,45915,2024-02-12
C9572036,Ruth,Khan,1959-09-10,M,+1-517-620-3959,kjackson@example.com,GB,North William,35628,2023-06-16
C37460,Kaitlyn,Guzman,1947-12-14,NULL,+1-966-592-2637x340,david78@example.net,England,North Joetown,98000,2021-08-09
C102467,Robert,Taylor,1942-11-26,NULL,544-731-4763x69561,david80@example.com,UK,Sandrafort,56235,2025-03-13
C530552,Michael,Bird,1984-02-21,F,5009297869,cindy92@example.com,England,West Charlesview,05630,2023-08-21
C7785843,Sean,White,2007-03-20,F,+1-230-586-4749x0299,taylorchristian@example.net,England,Dianaberg,41920,2025-02-20
C3384676,Julia,Murphy,1937-10-03,Other,+1-575-775-2462,greenebrooke@example.com,U.K.,New Stephaniehaven,26003,2022-10-05
C3681917,Brian,Williams,1939-04-28,NULL,001-818-268-6207x579,derekross@example.net,U.K.,Jonchester,55792,2024-03-02
C5265790,Erika,Green,1966-12-22,F,461.353.0029,kfrench@example.org,UK,Port Janicetown,86319,2022-12-09
C1385665,Tracy,Weiss,1970-07-22,M,987.799.4429,watsonmatthew@example.com,U.K.,Davisfurt,43949,2022-09-05
C2514734,Victoria,Barnes,1963-03-12,F,337-591-7294x35785,ericafrancis@example.com,United Kingdom,Kramerchester,38542,2026-07-15
C9069131,Corey,Kelly,1966-02-18,M,(865)846-1128x328,flowersdiana@example.net,England,Port Madeline,24189,2025-03-07
C7345651,Anna,Walsh,1998-06-12,F,740-471-1977,matthew98@example.org,United Kingdom,Cherylstad,80087,2024-04-12
C7969910,Marie,Anderson,1965-12-05,M,635.592.1096,meadowschristopher@example.net,United Kingdom,South Danielhaven,80664,2023-09-17
C2927177,Susan,Castillo,1957-07-10,M,+1-261-707-0020,benjaminbryant@example.org,GB,New Kathyton,98961,2023-12-29
C8718412,Gabriel,Castaneda,1937-11-10,NULL,518-461-3174x584,vsaunders@example.org,U.K.,Port Alyssaton,97458,2022-08-05
C3518366,Evan,Mckinney,1943-01-25,M,+1-959-448-8156x8688,pattersonchristina@example.org,United Kingdom,Susanport,89116,2026-03-21
C5233982,Susan,Martin,1983-09-16,M,495-722-8492x19141,owenerica@example.org,United Kingdom,East Kelseyland,53726,2025-05-10
C2111704,William,Lewis,2004-12-26,M,(671)283-0691,lmyers@example.org,GB,East Cynthia,48700,2026-03-26
C2784015,John,Rosales,1971-05-06,M,762.432.3517,fowen@example.org,UK,East Dwayne,28196,2022-01-14
C3349467,Andrea,Brown,1993-12-23,NULL,715-619-5227,xduarte@example.net,GB,Sarahberg,93374,2023-02-27
C118343,Tiffany,Ford,1966-06-24,F,001-728-612-4122x359,hamiltontammy@example.net,U.K.,Lake Samanthaton,83335,2021-09-24
C441813,Jeremiah,Kelly,1949-12-03,M,+1-433-586-6187x809,michael76@example.org,England,Desireebury,54162,2023-11-09
C7029244,Cody,Robinson,Yesterday,Other,(203)679-0072x778,cruzedward@example.com,GB,Taylormouth,78017,2025-12-18
C787641,Juan,NULL,1949-05-10,NULL,685-409-4971x871,agonzalez@example.net,United Kingdom,Romeroview,45527,2026-07-11
C1035249,Melvin,Mejia,1944-06-05,M,426-519-5634,kdean@example.com,United Kingdom,South Megan,54391,2021-08-16
C5996723,Karen,Anderson,1970-12-06,F,001-456-399-8907x7862,alisha62@example.net,GB,Liuport,38393,2024-06-01
C7628909,Drew,Nelson,1988-02-15,Other,(256)401-7755,jamesortiz@example.org,UK,Lake Eric,23210,2022-05-27
C4797500,Jonathan,Smith,1977-03-09,F,N/A,ltucker@example.org,UK,East Jeremyport,78685,2022-04-24
C8100062,Stephen,Walsh,1981-02-06,M,7642009622,emily55@example.org,England,Lisastad,81091,2022-02-18
C1954734,Marcus,Smith,1943-12-28,F,+1-938-827-3212,lbright@example.org,UK,Tylerport,09821,2025-11-24
C303916,Warren,Murray,1982-07-16,NULL,001-910-733-0566x963,monica25@example.net,United Kingdom,Sandersland,20091,2024-01-26
C5642130,Joseph,Taylor,1991-10-21,NULL,928-929-1295,michael88@example.org,United Kingdom,Robinmouth,96681,2025-10-05
C7900855,Tracy,Alvarado,1983-02-28,Other,4346611355,moyermichelle@example.org,United Kingdom,West Deborah,01483,2025-01-19
C3009780,Gregory,Ortiz,1992-09-16,Other,(467)511-5126,hgaines@example.com,GB,Josephhaven,08254,2024-02-19
C410557,Amanda,Sherman,1960-04-24,NULL,+1-267-426-9276x82918,kaylafrancis@example.net,UK,Mitchellchester,23463,2022-11-11
C8763192,Tiffany,,1994-03-10,NULL,(881)498-1985x975,quinntimothy@example.net,United Kingdom,East Crystal,78366,2022-11-08
C9932588,Dawn,Phillips,1998-06-23,NULL,001-679-252-3925x7739,burgessmarcus@example.com,UK,Huntport,02123,2023-11-10
C4278146,Timothy,Collins,1986-09-25,F,961-227-9226x5633,stewartjohn@example.net,GB,New Stephanie,81794,2024-01-02
C231482,Kelly,Green,1968-06-27,F,+1-689-355-9301x31519,hbenjamin@example.com,United Kingdom,Jamesmouth,27373,2023-09-15
C6902226,Gina,White,1943-05-01,Other,+1-546-536-6821,brittany94@example.org,United Kingdom,Nataliebury,93343,2024-10-26
C1450747,Bryan,Scott,1942-11-17,NULL,+1-684-913-5521x31047,alicia14@example.org,UK,Barbaraview,81658,2025-01-23
C548263,Sherry,Burton,1975-02-22,NULL,884.391.8023,nathaniel70@example.net,United Kingdom,Alexanderfort,21152,2026-01-31
C7425958,Mary,Oliver,15/07/1950,NULL,(347)252-2599x4777,xhurst@example.net,GB,North James,57598,2023-07-31
C8564377,Hunter,Weber,1946-09-08,M,(262)858-5690,stephaniemorton@example.com,GB,Beanfort,17665,2023-02-01
C3381001,John,Blake,12-10-1954,F,445.295.5138x625,donna78@example.net,England,Smithland,32801,2023-05-25
C3674159,Anna,Briggs,1949-04-09,NULL,371.711.6791x665,ldouglas@example.net,England,Port Amy,37534,2025-10-17
C3044804,Jennifer,Adams,1940-03-24,Other,(865)751-0602x0699,michellehardy@example.com,U.K.,New Timothyland,34519,2023-03-16
C847372,Vanessa,Miles,1940-02-10,Other,+1-869-305-0443x12312,sarah17@example.com,GB,New Debra,07570,2023-06-15
C942448,Daniel,Koch,1949-11-22,NULL,509.270.6432x375,gowens@example.com,United Kingdom,Michelleberg,43168,2023-11-06
C4485881,Megan,Jackson,1985-06-03,M,924-648-0559x6235,villanuevarobert@example.com,GB,Wileymouth,76662,2022-09-23
C4150711,Miguel,Washington,1976-10-27,Other,9235342159,kelly74@example.net,United Kingdom,Katieburgh,85886,Yesterday
C1247446,Dean,Henderson,1969-10-09,F,516-843-3070x563,upena@example.com,UK,East Dawn,04841,2026-03-29
C6312447,Darren,Walls,1995-09-16,NULL,4569491948,joseph65@example.net,U.K.,New Jonathan,71043,2023-10-11
C7950844,Christine,Harris,1965-11-22,M,378.959.8419x144,joseph19@example.org,England,Wilsonmouth,53582,2022-09-16
C3377450,Lisa,Jackson,1960-04-25,F,001-259-863-7053x8034,wendy16@example.con,U.K.,Snyderfurt,34029,2024-10-01
C8823051,Mary,Rivera,1979-08-25,F,683.320.8183,ccook@example.net,United Kingdom,Bestville,03443,2025-03-09
C5398692,Amanda,Anderson,1937-05-21,F,5794791950,kimberlybell@example.org,U.K.,West Brandontown,78616,2022-01-13
C441644,Sean,N/A,1997-02-23,M,2063082876,jenningschristina@example.org,GB,New Miranda,49034,2023-07-19
C117590,Christine,Spencer,1946-08-16,Other,(790)655-2813x07706,ybowers@example.org,U.K.,East Jonathanberg,59658,2023-02-07
C7453199,Stephanie,Simpson,1945-11-29,F,4765449268,hannahcollins@example.com,UK,Robinsonport,90836,2023-07-12
C4759194,Daniel,Johnson,1941-09-10,M,(826)269-9142x4514,danielcunningham@example.com,United Kingdom,Robertshire,51440,2026-07-29
C9484384,George,N/A,1970-08-24,NULL,752.388.0011x81286,wgarcia@example.com,U.K.,Ramirezville,87938,2022-01-23
C3847962,Jillian,Hammond,1962-12-26,F,+1-341-615-6233x625,zachary55@example.com,UK,Port Sarah,65385,2022-05-04
C3342060,Jennifer,Wagner,2002-03-17,M,(743)876-2638x3280,allenlopez@example.com,U.K.,West Shannon,18624,2023-11-10
C4076257,Paul,Floyd,1974-11-04,F,001-507-712-0187x5228,crawfordtaylor@example.com,U.K.,East Peggyfurt,16791,2025-09-03
C7139438,Lauren,Simon,2003-10-02,M,001-752-624-9360x237,mitchell70@example.org,United Kingdom,Chapmanfurt,54425,2024-06-26
C1530260,Jose,Jones,1953-10-23,NULL,(206)933-1959x011,aaronrocha@example.com,GB,Laurenside,11760,2022-11-19
C2224427,Jason,Jones,1938-07-13,F,(917)507-4255x9819,stevenhenderson@example.org,England,Javiermouth,79009,2023-11-04
C4935696,Daniel,Flores,2008-08-04,Other,+1-797-815-9884x39469,rjohnson@example.org,England,Lake Edward,60339,2025-02-17
C4848468,Henry,Davis,1955-08-07,M,3744274594,sjones@example.com,U.K.,Jenniferton,67921,2023-08-21
C3667579,Scott,Mills,1999-05-15,F,(489)439-9236x0543,stanleydavid@example.com,England,Moralesmouth,75470,2025-07-19
C6847902,Jessica,N/A,1995-05-29,NULL,(606)374-3701,joseph28@example.net,U.K.,Port Cynthiaport,20069,31/05/2025
C5544766,Melissa,Hopkins,1979-02-07,F,(730)748-9753,wendy48@example.com,U.K.,Curryberg,98143,2025-09-20
C8349136,Jon,Richardson,1978-07-04,F,(686)821-8263,vcurry@example.com,GB,Chavezland,62300,2021-12-04
C5024545,Joan,Unknown,1939-01-03,F,+1-792-999-7963x4547,pgibson@example.net,England,North Mark,72759,2021-11-23
C4787212,Emily,Mahoney,1960-05-30,NULL,001-896-887-8484,davisjerome@example.net,U.K.,Connorfort,23761,2022-02-10
C8189363,Rebecca,Ramirez,2005-07-09,Other,+1-601-418-9504,brownwilliam@example.net,England,Kellyshire,22402,2024-04-05
C9443420,Tonya,Fuller,1982-09-29,M,(624)742-3603x139,ashley37@example.org,GB,Boydburgh,54992,2026-04-04
C869072,Mario,Weaver,1941-12-22,F,+1-732-450-8945x41274,johnsontrevor@example.org,United Kingdom,Clineshire,26531,2025-03-30
C3581448,Jonathon,Lopez,1985-09-26,M,(665)850-7249x867,mbarnes@example.org,GB,Weeksmouth,24439,2022-06-07
C4118545,Aaron,Phillips,1960-06-20,F,7787591656,erinboone@example.com,UK,New Tara,62530,2025-10-01
C2307547,Laura,Williamson,2002-02-08,NULL,844-670-9319x07946,rdougherty@example.org,GB,North Thomas,92641,20250218
C5463896,Marc,Vasquez,1976-06-12,F,,xpatton@example.org,UK,North Jacob,16296,2023-08-07
C64255,Tim,Price,1942-11-29,F,592-644-6403x9410,matthew43@example.com,England,South Kimberlyhaven,45835,2022-03-04
C9312518,William,Jenkins,1992-03-03,F,720-308-6054x77839,rogerskenneth@example.org,GB,North Cynthia,64495,2024-11-22
C7775841,William,Harris,1971-04-26,Other,(912)980-3509x064,khernandez@example.org,UK,East Loriside,32427,2026-03-16
C6637019,Tommy,Smith,2000-09-26,NULL,321-918-8996,amy39@example.com,England,West Joshua,34687,2023-05-22
C6080520,Erica,Flowers,1996-03-30,Other,+1-768-386-9457x16749,jonesmaureen@example.com,England,South Jasonhaven,10915,2025-02-23
C2092365,Elizabeth,Hudson,12-31-1982,F,(796)713-5946x92743,poneal@example.com,U.K.,Andreaton,09729,2024-01-15
C1227799,Caitlin,Wilson,1963-12-24,F,+1-815-377-5992x319,cindy04@example.com,U.K.,Richardborough,65681,2022-06-06
C2298556,Cody,Lucas,1951-11-23,M,001-362-472-2470x054,derrick76@example.com,England,North Kevinville,26536,2024-11-25
C7188480,NULL,Clark,1966-07-03,Other,N/A,carolbutler@example.org,UK,New Adam,25894,2024-10-02
C6413943,Joann,Waters,1948-02-08,Other,703.438.2166,archerdennis@example.com,GB,Lake Kimberly,58523,2022-01-24
C2910294,Kathryn,Pearson,1949-09-25,M,+1-402-728-9339x18415,matthew19@example.org,UK,West Justinmouth,02493,2021-09-29
C9117248,Paul,Andersen,1980-07-29,M,644-947-8634x852,sarahroberts@example.com,UK,Pricemouth,31723,2024-11-12
C4994661,April,Williams,1995-10-03,M,4639792004,jacquelineedwards@example.net,U.K.,Crossview,95480,2026-02-19
C6226048,Alexis,Silva,1972-03-25,F,256.265.4803x313,hchang@example.org,UK,South James,03268,2024-02-16
C5594012,Peter,Shaw,1936-04-27,NULL,001-278-271-3776,aaron00@example.net,U.K.,East Rachelstad,05602,2025-04-17
C636960,Tyler,Medina,1983-03-29,NULL,327-774-9862x86103,rlynch@example.org,U.K.,Port Brettfort,42182,2023-02-25
C6093098,Jonathan,Garcia,1968-10-28,NULL,001-349-633-8248x3742,bphillips@example.net,England,Lake Markshire,40670,2026-03-14
C1930270,Olivia,Dawson,1981-01-16,F,952.762.8072x8249,princekevin@example.org,GB,South Davidstad,92597,2023-04-05
C6712531,Bethany,Marshall,1950-10-09,M,476-582-9294,xmorrison@example.net,GB,Port Donaldborough,79461,2025-06-27
C9343163,Jeffrey,May,1996-10-09,Other,(925)301-0553,hudsoncarlos@example.org,U.K.,South Shannon,90333,2026-05-30
C8206127,James,Fuentes,1963-07-03,NULL,490.458.1616x706,mccoyjoseph@example.org,GB,Murphyland,12337,2022-07-09
C4971466,Jacob,Cole,1957-03-31,NULL,(730)467-5871x35920,michael30@example.com,U.K.,Gonzalezport,76275,2024-11-09
C1977017,Scott,Walsh,1936-09-25,NULL,278.708.1530x7172,teresaturner@example.com,GB,Port Annette,15399,2023-02-28
C334027,Emily,Santos,1957-09-16,NULL,455.525.2158,colleenmcintyre@example.org,U.K.,Crawfordfort,45500,2026-03-22
C5917706,Zachary,Barrett,1997-01-24,F,(341)489-8598x71272,joannagriffin@example.net,UK,Port Nicolefort,21914,2026-06-23
C7497349,Robert,Cox,1996-09-06,Other,001-310-752-3912,whitneygonzales@example.com,U.K.,West Elizabethshire,41241,Tomorrow
C2049569,Sharon,Chapman,1974-04-21,Other,913-904-7723,nathan77@example.net,U.K.,Lawrencemouth,55378,2023-03-27
C6289361,Leonard,Mccarthy,1975-07-05,NULL,406-560-3470,davenportryan@example.net,GB,Hartfort,74090,2022-11-17
C3323618,Christina,Meyer,1955-07-09,Other,NULL,amy39@example.org,U.K.,Lake Brandyfort,18915,2022-04-26
C9563608,Jose,Daniel,1994-03-16,M,(903)604-8935x5629,mcfarlanderica@example.com,GB,Rodriguezland,28690,2023-11-09
C4359354,Felicia,Miller,1967-07-21,Other,804-454-7608x697,randall39@example.org,England,Washingtonbury,53302,2023-03-26
C2649149,Jason,Adkins,1936-12-30,Other,585-867-1980,ortizyolanda@example.net,GB,Morrisonbury,02412,2025-01-02
C5910523,Tyler,Garcia,1982-08-06,M,6349170703,michellejohnson@example.org,United Kingdom,North Pamelahaven,08376,820347111
C8403315,Christopher,Mcpherson,1974-05-14,NULL,389-342-7108x4651,browngregory@example.net,England,East Jamie,27418,2023-10-21
C3202133,Sandy,Baldwin,1960-02-03,M,+1-694-471-8584x96502,NULL,United Kingdom,North Kim,63893,2023-10-28
C5785327,Sara,Russell,1947-04-05,M,+1-223-782-6617,spark@example.org,United Kingdom,Fowlerburgh,26498,2022-07-20
C1266556,Richard,Dillon,1977-07-14,NULL,808-758-5497x0743,tamiblackwell@example.org,England,North David,22152,2022-01-09
C809336,Crystal,Jones,1995-02-15,Other,001-217-500-0887x1898,kevinferguson@example.com,GB,Lopezchester,98088,2022-04-28
C2823373,Robert,White,1943-04-29,F,,mjenkins@example.com,GB,Joshuachester,88387,2024-09-03
C1301283,NULL,Peterson,1978-12-06,M,+1-795-607-2926x711,lisa28@example.com,United Kingdom,North Jessicashire,11116,Yesterday
C4479180,Tabitha,Chandler,1999-09-04,NULL,652-949-0578x5043,richard17@example.org,GB,East Richard,09251,2022-12-28
C6621644,Alexander,Rogers,1964-05-18,F,940-209-0689,dana99@example.com,U.K.,Lake Derrickside,22835,2026-05-25
C877479,Kiara,Davidson,1967-01-17,NULL,+1-200-531-8847,vwilliams@example.net,UK,Tylerland,23816,2025-08-02
C403635,James,Simmons,1966-01-18,NULL,(938)933-1875,thomas22@example.net,UK,Port Vanessa,28529,2022-11-22
C118832,Kathryn,Kelly,Tomorrow,NULL,871.374.3482x779,noah74@example.org,U.K.,Jessicamouth,44104,2023-07-07
C5266961,Sandra,Terry,1970-01-31,NULL,001-468-841-4856,briannaacosta@example.net,United Kingdom,Griffinfort,59191,2025-03-05
C2892739,Henry,Nelson,1974-03-13,Other,2113901226,amyvillanueva@example.com,England,Mezamouth,77542,2021-11-21
C8269183,Nicole,York,1938-01-14,Other,951.634.4027x36607,kentwilliam@example.com,U.K.,Johnsonfurt,07085,13/08/2022
C7278975,Bridget,Morgan,1989-01-08,NULL,+1-220-431-2505x76381,judy96@example.net,UK,East Renee,86823,2024-09-24
C5425850,Jeffrey,Hebert,1954-06-07,Other,001-609-519-4702x88089,erin98@example.org,GB,Richardshire,82690,2022-05-04
C699647,Alexandra,Berry,1969-01-15,Other,001-943-859-7341x47544,ojones@@example.net,UK,West Robertberg,52271,2021-12-15
C9416406,Sarah,Heath,2004-02-22,F,+1-611-757-6733,wpeterson@example.org,United Kingdom,Brownborough,48144,2022-05-26
C729297,Eric,Roberts,1990-02-05,NULL,828-811-1480x628,aroberts@example.org,United Kingdom,Bradleymouth,70295,2023-07-20
C2916032,Rachel,Diaz,1945-01-21,Other,700.260.8997,miranda28@example.org,England,Port Dale,44428,2026-02-14
C6542724,Colleen,Farrell,1981-11-17,Other,(640)766-8100,bhunter@example.net,England,Lake Cassidy,05430,2025-11-18
C7411993,Robert,Huffman,1958-08-14,Other,3176925219,smithpeter@example.net,UK,Thomasborough,41069,2022-10-30
C493288,Melanie,Gallegos,2003-10-18,Other,001-853-788-1504,sarahtownsend@example.com,GB,South Monicamouth,16160,2024-05-19
C8268970,Melanie,Parker,1965-03-30,F,001-722-463-8322x7000,owilliams@example.org,UK,Lake Miguelburgh,06221,2021-09-09
C2785531,Brandon,Beard,Yesterday,NULL,001-370-858-8013x26330,ann93@example.org,United Kingdom,Cynthiaville,41426,2025-03-29
C7607531,David,Patterson,1954-07-03,M,638-705-7065,mitchellmaria@example.org,UK,Port Michaelview,83496,2025-11-26
C7770729,Ryan,Young,1979-10-04,Other,(408)787-3437,todd12@example.com,U.K.,Victoriahaven,00607,2026-05-10
C1575092,Juan,Glover,1974-09-07,Other,626-444-8282x8899,morenomaria@example.org,United Kingdom,East Kevin,52052,2023-06-17
C3866945,Natalie,Rodriguez,1973-04-05,M,001-911-272-3495x82919,david47@example.com,United Kingdom,Lynchville,21427,2024-05-19
C2491614,Daniel,Smith,1979-08-14,M,(401)520-4395x0555,jennifermorris@example.net,England,East Marcus,83867,2025-05-18
C7665448,Robert,Mccann,1984-11-09,F,+1-273-987-7629,aruiz@example.org,England,New Michelle,20375,2025-06-11
C1794444,Kevin,Foster,1971-03-01,Other,+1-907-265-7384x5725,zbenson@example.net,United Kingdom,South Amyshire,82102,2026-06-11
C1772753,Lance,Durham,1996-11-17,F,4142673411,chadreed@example.com,England,Tiffanyport,90605,2026-03-15
C7157180,Darin,Sherman,1959-02-22,F,686.850.5177x611,wilsonroger@example.org,England,East Phillipborough,11867,2025-03-11
C6053273,Taylor,Smith,1990-03-03,F,974.627.6930x29144,kenneth61@example.net,GB,Lake Victoria,02175,2026-02-17
C6381661,Christopher,Velasquez,1967-08-30,F,645.213.9478x71350,karl16@example.net,U.K.,Russellville,05336,14/06/2024
C5316649,Kevin,Meyer,1997-08-25,F,001-972-336-7321x057,kwilson@example.org,U.K.,Port Thomas,72369,2026-05-09
C9607746,Jennifer,Melendez,1949-07-18,M,299-629-4197x68900,zacharykeller@example.com,U.K.,Port Chelseyville,77755,2026-07-03
C2782429,Carly,Park,1967-05-19,M,938-986-4668x256,llarson@example.net,UK,Martinezstad,05548,2023-11-01
C8301810,Kenneth,Johnson,1960-12-04,Other,232.576.8041x7532,landrews@example.org,England,New Jameschester,55651,2022-08-25
C3567834,Vicki,Malone,1975-03-17,F,+1-734-244-4621x2803,daniel87@example.org,U.K.,Port James,39700,2023-06-06
C878173,Jessica,Thompson,2003-11-29,F,001-470-633-4259x2599,heather37@example.net,United Kingdom,Michelemouth,20076,2026-04-09
C1379822,Christopher,Mendoza,2005-05-13,M,(504)899-3225x335,brendan25@example.org,GB,Jonville,52008,2023-01-05
C1943665,,Rios,1986-04-07,F,(202)279-5471,jallen@example.net,UK,East Randall,83111,2022-02-17
C5550388,Pamela,Martinez,1969-11-30,NULL,8728834495,dmoody@example.com,GB,Curtistown,35194,2022-05-26
C6831300,Thomas,Leonard,19420517,Other,671.997.5195,brendawallace@example.org,UK,North Melissa,48595,2024-07-29
C9295166,Timothy,Gill,1961-03-20,Other,(324)318-7500x08607,xjohnson@example.com,GB,East Christopherstad,54858,2025-08-14
C227297,Julie,Miller,1978-04-26,Other,001-859-820-6931x7250,griffithveronica@example.com,England,New Pamelaport,59140,2022-01-01
C3270490,Eric,Chapman,1962-03-24,M,5345134479,timothywilson@example.com,UK,New Andrewhaven,14820,2024-10-03
C8847243,Heather,Cruz,1949-05-21,Other,(869)246-7506,jeanwatkins@example.com,England,Johnbury,75963,2025-05-20
C3944336,Casey,Allen,1967-03-23,Other,(646)446-4951x25865,camposbenjamin@example.net,United Kingdom,New Laurenmouth,55963,2025-03-12
C1349876,Sharon,Lin,2004-01-06,NULL,+1-343-926-3972x878,adrianwallace@@example.com,GB,West Jennifer,22696,2022-09-21
C5723960,James,Reyes,1984-08-04,NULL,682-824-1277x03577,gina98@example.com,United Kingdom,Lake Denisestad,91309,2025-12-26
C8690719,Annette,Curry,1960-06-20,Other,290.377.7246,cookmichael@example.com,UK,Caitlinfort,62846,2022-11-22
C7742231,Alan,Bishop,26080387,Other,+1-362-806-3227x009,pamela03@example.com,U.K.,West Michelleburgh,86013,2026-07-24
C717838,Ronald,Montgomery,1991-11-26,NULL,001-416-861-4652,munozdonna@example.org,United Kingdom,Michellebury,82817,20241027
C5683349,Diana,Oneal,1991-06-02,M,357-681-6763x23888,hcobb@example.net,United Kingdom,West Michael,34989,2022-05-20
C898482,Todd,Scott,1955-06-28,M,2844773730,alisonpittman@example.net,GB,East Georgeland,83997,2022-04-09
C4369386,Sara,West,1982-01-19,M,958.967.7128,ajones@example.com,United Kingdom,Averyburgh,90448,2022-11-30
C6556628,Benjamin,Rodriguez,1947-07-20,M,455.754.6861x522,craigmorgan@example.net,England,Hilltown,29106,2025-12-20
C5801691,Donald,Robinson,939608630,Other,+1-491-463-6610,zcampbell@example.net,England,East Raymond,35046,2026-03-03
C2821178,Joseph,Ellis,1986-05-30,F,819.455.2831x842,stokesdiane@example.com,GB,New Kaitlinborough,96568,2022-02-02
C519804,Timothy,Morris,1936-11-16,F,225-873-0283,eric23@example.org,United Kingdom,East Vincent,93678,2022-11-01
C3215497,Cody,Black,1987-09-03,NULL,381.829.1327,uhaynes@example.net,United Kingdom,North Joseph,67567,2022-06-01
C9613935,Alexa,Green,1985-02-18,NULL,+1-314-943-1277,evansdarlene@example.com,UK,Fisherland,12403,2024-08-29
C3643057,Kelly,Park,1954-11-29,NULL,001-276-585-6199,melaniewalker@example.com,U.K.,South Nathanland,55062,2024-05-23
C4163616,Kevin,Martinez,1968-09-20,M,+1-472-997-2077x029,mitchellheidi@example.net,England,Ramirezfort,53544,2024-07-11
C8932367,Brian,Anderson,2006-04-19,NULL,001-540-955-1579,reevestimothy@example.org,U.K.,Brightchester,21634,2026-02-21
C4172052,Denise,Lawson,1963-11-05,NULL,2687259253,joseph12@gmal.com,England,New Sarah,90035,2025-12-10
C9987389,Nathaniel,Gutierrez,1968-04-11,F,746.360.7484,nelsonjennifer@example.net,UK,Port Ryanland,96389,2023-06-16
C4914632,Unknown,Stewart,01-12-1982,Other,(442)383-5769x1407,vreyes@example.net,United Kingdom,Karenville,08599,2025-01-26
C2009276,Frank,Hobbs,1983-07-04,Other,222.766.9163x9953,cdean@example.net,UK,New John,20077,2023-07-28
C8762823,David,Thomas,1971-04-05,M,736-819-1554x43143,swilliams@example.org,UK,Lake Aliciachester,25214,2024-07-25
C4068733,Justin,James,1967-08-14,Other,(474)251-3344x7143,millerjenna@example.net,England,Melissafort,90958,2024-09-09
C2173062,Sara,Unknown,1989-09-27,F,001-483-589-4157,stephanielamb@example.net,England,Zimmermanbury,92467,2024-08-20
C1078326,Daniel,Malone,1946-05-08,M,366-876-2020x8396,marissa54@example.org,U.K.,East Samantha,15369,2021-09-15
C3360823,Peter,Guerra,1993-04-06,M,001-950-421-1282x5423,brandonpatterson@example.org,UK,North Joshuafurt,59024,2024-08-22
C854386,Katherine,Hebert,1988-10-29,M,(362)633-9347,gdickson@example.org,England,Andersonton,88080,2024-11-16
C8035070,Tony,Potter,1997-12-11,NULL,001-886-295-9898x91066,ivasquez@example.net,England,West Julia,09745,2023-07-15
C1821727,Brandon,Williams,1963-09-29,NULL,(805)510-4178x26845,colton07@example.net,GB,Austinchester,11432,2026-05-05
C8669784,Kimberly,Levine,1952-05-09,M,2267976271,johnsonshawn@example.org,GB,Aliciaport,50678,2024-09-16
C4774842,Erin,Harris,1999-06-19,NULL,(613)224-0022,lclayton@example.com,UK,West Charles,15402,2024-10-27
C7216821,Megan,Dixon,2001-04-10,F,001-706-252-0685x8466,hpowell@example.org,UK,New Erinborough,16939,2024-12-24
C9011495,Teresa,Nguyen,1983-04-02,F,+1-631-906-8798,natalieaguirre@example.net,U.K.,Lake Josestad,54897,2026-04-17
C2149276,Brandy,Green,1995-05-29,NULL,8909475828,martinknapp@example.com,GB,West Austin,80436,2025-07-22
C2838373,Angela,Brown,1962-06-03,F,001-582-624-0148,jessicacardenas@example.net,U.K.,New Johnchester,35318,2025-05-14
C2702432,Anne,Romero,1979-07-20,M,332-359-8074,danielgallegos@example.com,U.K.,West Matthew,91847,2022-11-10
C2415341,Henry,Unknown,1937-01-04,M,+1-859-624-2820x4546,mark26@example.org,United Kingdom,Haleberg,29211,2025-01-03
C5362779,Sandra,Rowe,1957-06-17,F,+1-684-614-1185x756,jason05@example.org,GB,Port Amanda,97292,2021-12-14
C830426,Holly,Rios,2001-10-08,NULL,705-967-7953,allenjeffrey@example.com,United Kingdom,Ramseyborough,65141,2026-02-16
C6456307,John,Savage,1949-08-10,M,+1-685-969-2657x6161,NULL,U.K.,Meyersborough,83942,2021-08-26
C7764160,Alexander,Murray,1986-04-14,M,628-369-1313x62878,gutierrezcathy@example.com,United Kingdom,Wrightburgh,55668,2024-09-05
C3135603,Joseph,Howard,1962-12-06,NULL,965.469.8608x123,tprice@example.org,UK,East Matthew,24974,2025-09-08
C7331291,Sandra,Goodman,1939-01-04,Other,(542)986-5084,xparker@gmal.com,United Kingdom,Port Monicaburgh,28972,2024-08-09
C47475,Christine,Keller,2005-09-09,Other,534-851-3498x08366,jsantana@example.com,United Kingdom,Port Nichole,12031,2022-09-09
C9193565,Jeffrey,Williams,1956-05-31,Other,410-641-6276,michael91@example.com,UK,New Heathertown,90178,2023-01-09
C2037881,Brenda,Rojas,1947-09-15,NULL,338-442-1978x71437,zgonzales@example.net,UK,Marilynchester,97651,2023-12-04
C3059247,Todd,Fletcher,1995-03-01,M,(645)466-5002x3669,michelle41@example.net,U.K.,East Eric,77633,2023-01-24
C2007395,Cassandra,Pierce,1953-05-04,Other,001-905-380-6828x6310,sean40@example.com,United Kingdom,North Martin,06570,2025-10-26
C7826909,Devin,Hendrix,1981-09-26,M,001-940-900-8515x998,tammybates@example.org,England,Lake Jennifer,15705,2022-12-01
C7593248,Joseph,Johnson,1986-01-16,NULL,7569422289,thompsonwilliam@example.org,UK,Hernandezside,14557,2023-08-13
C3903473,Brian,Mosley,1952-05-04,NULL,Unknown,andrew47@example.net,UK,East Rachel,76537,2022-08-03
C3932658,Jane,Li,1983-09-20,F,(932)314-7516,rita40@example.net,United Kingdom,Turnerhaven,66971,2022-06-20
C7321206,Philip,Reyes,1987-09-09,Other,769.537.9687,amy52@example.com,U.K.,Josephside,57655,2023-07-29
C205158,Amanda,Gonzalez,1965-02-09,NULL,001-899-420-4352x91992,burtonamanda@example.net,GB,Jenniferburgh,84879,2025-01-28
C9990704,Cindy,Cowan,1940-08-25,NULL,393-212-9571x051,alyssa02@example.net,UK,New Laura,66105,2023-12-30
C1349930,Michael,Herrera,1999-12-16,M,+1-912-581-2850,dariusthomas@example.com,England,East Patriciashire,44602,2026-06-23
C752604,Mark,Francis,2003-04-13,F,580.932.9973x066,jbailey@example.org,UK,Port Thomaschester,52446,2025-09-17
C1740806,Shannon,-,1945-06-22,F,+1-348-678-1355x574,robert74@example.net,UK,Francisfurt,58364,2025-01-30
C8612490,Eric,Chan,Yesterday,NULL,001-623-312-9198x09795,jacquelinevalencia@example.com,GB,Turnerview,24021,2024-09-19
C3636442,Mitchell,Wilson,1941-03-20,F,(515)906-2730,edaugherty@example.com,United Kingdom,East Lisashire,82439,2023-10-05
C1998461,Julie,Chandler,1954-11-24,M,001-873-332-6103x14878,patrickrivers@example.org,United Kingdom,Port Glenn,58232,2025-06-17
C9061587,Connor,Smith,1953-11-14,Other,4418295144,shaun45@example.com,GB,Moniqueland,02489,2024-05-15
C607671,Denise,Unknown,31/10/1939,NULL,NULL,luke65@example.com,U.K.,Port Jacqueline,98681,2025-11-11
C7521583,Mary,Rice,1955-12-13,M,+1-921-245-6555,matthewholloway@example.net,UK,Jacksonland,68730,2022-07-06
C6287026,Jessica,Day,1955-06-22,Other,965-312-7469x29191,enicholson@example.net,United Kingdom,North William,85856,2024-12-28
C8869975,Francisco,Barnett,1965-01-14,Other,+1-282-328-2592x986,antonio92@example.net,England,Wilkersonchester,07312,2025-01-19
C4809898,Barbara,Wilkerson,1990-02-23,M,584-997-0852x290,whitneywashington@example.net,GB,Port Theresa,15091,20221102
C7026002,-,Robinson,2004-10-07,M,(615)979-2316,nicole39@example.net,UK,Karenmouth,21988,2023-06-05
C2656587,Thomas,Winters,1956-04-21,Other,(909)921-3792x548,debradunn@example.net,UK,Soniahaven,95413,2025-04-22
C5789360,Michelle,Taylor,1942-03-08,Other,001-323-734-0872,brian24@example.net,GB,South Patrickburgh,87338,2024-12-29
C1351771,Anthony,Scott,1937-02-12,M,583-655-0310,jasonbell@example.com,United Kingdom,Lake Matthewport,85260,2026-07-05
C7145488,Allen,Johnson,1989-07-03,M,001-675-497-7230x95966,joshuacook@example.net,U.K.,South Margaret,96152,880427522
C3770803,Michael,White,1954-08-07,F,001-794-674-4020x2943,eric67@example.net,England,Belindaburgh,53656,Tomorrow
C1373946,Hannah,Smith,1952-10-05,F,3802257511,catherine13@example.net,United Kingdom,Bentonport,67429,Tomorrow
C5757094,Bryan,,Yesterday,F,+1-935-201-8627x153,april02@example.org,England,Port Katiefurt,28981,2023-02-28
C9820338,Mary,Reed,1945-08-03,F,Unknown,kgiles@example.com,GB,Brownburgh,67886,2026-01-14
C7254705,Phillip,Krause,1980-04-12,M,+1-294-343-3079x52895,joneschristina@example.net,UK,Port Jennifermouth,46242,2025-09-15
C12817,Deborah,Schultz,1990-12-03,M,684.992.8158x25606,tscott@example.net,U.K.,Butlerton,89593,2026-06-20
C4168724,Dorothy,Dickerson,2006-06-01,M,+1-532-435-8255x628,amy05@example.com,England,Andrewshire,99146,2021-12-06
C6590026,Gary,Harvey,1938-05-07,NULL,(481)851-9885x5769,rogerdiaz@example.net,GB,Port Davidhaven,39258,2026-03-14
C8836643,Roberto,Martinez,1943-11-30,M,845.667.2929,tdickerson@example.net,GB,East Douglasland,79285,2025-11-11
C8265177,Angel,Bowers,1969-11-02,F,001-335-584-5420,krausekimberly@example.com,UK,Lake Sandraburgh,95962,614609046
C5377152,Mary,Mitchell,1978-05-14,NULL,(875)916-7235x1632,kharris@example.com,U.K.,Port Melanie,62868,2026-04-19
C3789774,Cindy,Anderson,1977-07-05,Other,8906938703,heatheryang@example.org,UK,South Rachel,36683,2022-10-09
C3238293,Tamara,Flores,1960-09-27,M,(568)551-5539,kelly40@example.net,U.K.,Robinsonmouth,89723,2026-01-22
C9008676,Philip,Anderson,2004-01-07,NULL,308.549.7684,brendagillespie@example.net,United Kingdom,Phillipfort,45047,2025-11-06
C3828455,Dillon,Lopez,1973-08-24,NULL,001-326-804-6218x203,gregoryatkins@example.org,England,Caldwellview,50959,2024-06-10
C2957543,Amanda,Price,1993-09-03,NULL,+1-495-787-3120x912,michelebrown@example.org,United Kingdom,East Cody,16616,2023-01-23
C3409816,Rachel,Miller,1965-02-27,F,969.791.1038x04517,preid@example.com,UK,Tracyhaven,95429,2022-11-01
C4831950,Leslie,Gonzalez,2004-12-12,M,(386)393-0582x32636,montoyadaniel@example.org,UK,Scottshire,58265,2024-09-19
C2181492,Michael,Fox,1962-03-18,NULL,(946)434-0629x89381,williamsaaron@example.org,UK,Fordside,50953,2022-08-30
C8279726,Catherine,Torres,1949-01-23,Other,(515)465-4527x641,patelbrenda@example.com,GB,Benjaminfort,58264,2023-06-09
C3752803,Stephanie,Smith,1935-12-09,F,363.364.0998,patrickpeterson@example.net,England,East Amandastad,47003,2023-07-30
C2946673,Daniel,Klein,1993-02-22,F,919.371.9473,thomasmichael@example.com,United Kingdom,East Randyport,27048,2022-02-08
C2402704,Teresa,Kelley,1960-06-20,F,(625)607-5376,hughesdaniel@example.net,U.K.,Katiefurt,37849,2023-08-15
C1325474,Kevin,Hinton,1958-11-08,Other,672.712.7725x2002,colson@example.org,England,East Heidishire,28254,2021-12-12
C7176946,Andrew,Williams,1952-10-01,NULL,001-287-275-7501x71040,alison47@example.com,England,West Travis,63168,2026-05-31
C6779731,Elizabeth,Terry,1942-05-02,Other,+1-205-836-6192x090,ubutler@example.net,U.K.,West Jenniferstad,14962,2023-03-04
C3166324,David,Wilson,1963-08-21,M,001-251-426-7607,davisannette@example.org,GB,Longview,09970,2026-03-06
C3457510,Madeline,Wagner,1974-01-01,F,+1-617-787-6836,williamsjustin@example.org,GB,Gonzalesshire,69042,2021-12-23
C2899968,Cameron,Buchanan,1964-12-09,F,(651)426-5270x99942,matthewpace@example.net,UK,Howardville,56271,2024-03-06
C4793285,Lindsay,Keller,1945-02-12,M,(537)818-4637x9370,barbara90@example.net,UK,Heathermouth,46675,2022-01-29
C659438,Jeffrey,Lee,2002-04-03,Other,+1-334-654-3861x41187,lwagner@example.com,GB,East Amandastad,47439,2022-05-06
C9857209,Hannah,Mclaughlin,1977-01-15,NULL,+1-741-620-4292,megan97@example.org,GB,Omarport,28507,2025-05-23
C4964320,Donald,Juarez,1946-11-11,Other,+1-549-275-9417,cynthiamorales@example.org,GB,South Troy,92482,2023-04-26
C1990142,Paul,Shepard,1964-10-15,Other,782.297.0066,rossdavid@example.net,U.K.,Port Roymouth,68777,15/07/2024
C1080262,Johnathan,Gray,1952-09-13,Other,+1-480-355-6315x56428,alan35@example.org,England,Jonesview,79104,2024-11-22
C534111,Harold,Phillips,1937-01-21,NULL,(849)537-4124,hendersonlaura@example.net,UK,New Toddberg,57829,2025-12-24
C9874500,Louis,Brady,1951-08-08,F,(715)833-4246,mark00@example.com,England,New Christopherbury,59423,2024-03-23
C1697274,Lauren,Lewis,1943-04-07,M,(903)207-8722x8277,bowmanjeffrey@example.net,United Kingdom,North Edwardberg,12669,2023-07-12
C805576,Betty,Scott,1978-11-27,NULL,001-294-916-9766x396,judyrocha@example.com,U.K.,Smithhaven,02533,2024-01-08
C2469474,Lauren,Goodman,2007-07-03,NULL,(239)969-6573x02119,moorejanice@example.com,United Kingdom,Port Karenfurt,20599,2024-02-08
C1357086,Jeffrey,Ochoa,2002-10-21,NULL,675-532-7836x688,hollyduran@example.org,UK,South Sean,80763,2022-07-30
C8519418,Christian,Bowman,1989-11-13,M,723-460-6253,johnsonmarie@example.net,England,West Jodi,46845,2025-09-11
C5501214,Tina,Diaz,1998-10-20,NULL,001-908-924-5639x4565,mark89@example.net,U.K.,New Justinland,44225,2023-09-13
C1449470,Emily,Walker,1991-03-25,NULL,992.765.0205x978,kristin01@example.org,GB,West Amanda,07215,2022-06-09
C3512701,Travis,Coleman,1975-12-09,F,(790)971-0523,sherry45@example.org,United Kingdom,New Kathrynchester,82474,2026-07-02
C6224682,Ronald,Hansen,1944-06-30,NULL,-,kramerpatrick@example.com,GB,West Timothy,56544,2023-07-08
C9744813,Christopher,Kennedy,1959-09-28,F,478.946.3734x0951,karagrimes@example.org,United Kingdom,Cameronmouth,95674,2022-02-22
C3445015,Crystal,Porter,1941-06-08,M,845.873.4147x250,ariel45@example.com,U.K.,Ellisside,06164,2024-12-16
C1638921,Claudia,Johnson,1996-06-28,Other,503.236.5802x9002,misty27@example.com,GB,Tanyaburgh,48030,2023-12-24
C3500942,Katie,Wright,1992-12-10,Other,925-901-4889x07877,monica29@example.com,GB,Valerieborough,07643,2024-07-23
C1147133,Martin,Acevedo,1994-07-14,F,+1-852-529-2517x338,mcneilmark@example.net,UK,East Jenna,52231,2023-06-26
C1625916,Joanna,Mason,1960-08-20,Other,NULL,bartondana@example.org,GB,Edwardsmouth,28954,2025-06-19
C8058664,Douglas,Hughes,1981-11-18,M,001-818-430-7244,sandovalpatricia@@example.net,England,North Roymouth,35403,2023-02-21
C3771524,Cheryl,Gilmore,2007-09-26,F,+1-550-569-1781x353,owenstaylor@example.com,UK,Thomasbury,57097,2025-10-05
C297092,Juan,Ramirez,2001-06-19,Other,731.878.8768x757,hgarcia@example.com,United Kingdom,New Brittany,98650,2023-02-24
C9634645,Karen,Armstrong,1962-06-17,F,677.482.2514x7856,egarcia@example.net,United Kingdom,New Jennifer,48432,2025-12-23
C2795738,Cameron,Morgan,1955-03-23,Other,850-451-6368x886,rstanton@example.org,U.K.,Curryside,36050,2026-05-31
C7782499,Angela,Sampson,1994-12-05,M,001-592-881-4012x246,ian87@example.net,England,South Sharonbury,94089,2026-02-23
C2667115,Samantha,Reeves,1951-02-11,Other,273-776-9199,robertgonzalez@example.com,United Kingdom,Michaelstad,80212,01-19-2025
C2262080,Amy,Robinson,1996-06-22,Other,699-707-9666,jared38@example.net,England,West Patrickborough,61220,2025-02-24
C2945130,Mario,Evans,10/09/1938,M,(846)300-0517,crobinson@example.org,United Kingdom,East Patrick,18490,2023-05-05
C8688920,Steven,Ortega,1949-05-07,F,802.564.7027,wrightjoshua@example.net,England,Lake Rebecca,69476,2023-06-11
C5282696,Elizabeth,Ashley,1974-10-06,M,832.945.1329x0749,nicoleortiz@example.net,U.K.,Lake Jeanne,45109,2024-09-09
C8033892,Michael,Wright,1970-09-30,NULL,+1-583-811-3023x0479,andrewchaney@example.org,UK,Lake Carlachester,97624,2024-10-16
C4351101,Scott,Horn,1978-08-13,NULL,001-644-859-2428x1854,rogernovak@example.com,GB,Jeremyville,40302,2023-12-30
C8578211,Kayla,Powell,1979-07-06,NULL,690-506-6172x957,belllogan@example.net,GB,West Holly,51354,2023-04-11
C8257044,Jackson,Dickerson,1941-10-06,NULL,(650)355-4441,pkelley@example.com,GB,North Colemouth,50732,2023-05-02
C2491142,Derek,Howell,1951-10-31,M,740-468-8243x02727,adambennett@example.net,GB,Lake Devonshire,93762,2026-04-10
C9973849,Todd,,1990-10-22,NULL,+1-447-578-8328x16486,hphillips@example.com,United Kingdom,Erikaview,33420,2024-07-05
C6258004,Patricia,Jensen,2000-03-16,F,961-201-0894x237,juansimmons@example.net,U.K.,Johnsonside,74570,2023-01-15
C1632550,John,Fritz,Yesterday,NULL,001-881-812-0435x55884,alan63@example.org,U.K.,Benjaminland,05180,2024-01-16
C4186178,Patrick,West,2002-10-24,F,807-273-6491,graceacosta@example.org,U.K.,East William,53858,2024-04-29
C9399203,Katherine,Cohen,1985-06-30,NULL,526.423.6889x4920,fedwards@example.net,GB,Simmonsside,18566,2025-01-09
C7685901,Peter,Russell,1989-10-29,M,6336693490,jerome44@example.net,U.K.,Lake Kimberly,15108,2023-01-29
C3610845,Danielle,Chapman,1994-06-16,NULL,(531)700-4157,cooleyjeffrey@example.net,U.K.,Lake Jasonville,13105,2024-08-28
C2947730,Stephanie,Anderson,1946-10-29,F,652.651.4888x4946,ann31@example.com,GB,Lake Robert,46011,2023-09-21
C8656614,Mary,Brooks,20080714,M,001-538-320-6945,edwinflores@example.net,UK,Adamsbury,21808,2022-07-25
C61105,Brianna,Gardner,1982-04-20,NULL,,raymondduncan@example.net,UK,Joneschester,92629,2026-06-29
C2755451,Amanda,Harris,1968-06-26,F,(962)246-7993,benjaminlopez@example.net,GB,Jameschester,32949,2024-11-06
C6950062,Kathryn,Carroll,1949-05-16,Other,(746)276-1074,kellymason@example.net,England,Velasquezshire,05116,2022-03-27
C8508968,Susan,Bailey,1975-01-26,F,399.305.2899,jillmayo@example.net,England,West Shelby,53146,2025-10-16
C9657708,Martin,Parker,1961-12-10,F,+1-680-583-1184,debra42@example.com,GB,West Tammy,98796,2024-10-31
C2156041,Troy,Bailey,2007-07-05,Other,5158941800,tuckercarolyn@example.net,England,New Joseph,11122,2024-06-19
C4860478,Julia,Hutchinson,1943-01-03,Other,001-759-585-2517,montoyachristopher@example.org,U.K.,Smithstad,84010,2023-04-26
C4222430,Patricia,Flores,1960-02-11,NULL,(259)258-4234x0508,ballashley@example.com,GB,South Michael,29482,2025-07-10
C194396,Barry,Castillo,1966-08-31,Other,238.968.4418,oholder@example.net,United Kingdom,East Karichester,65860,2022-03-10
C447867,Sean,Moss,1959-10-30,NULL,001-836-669-0087x807,cacevedo@example.org,United Kingdom,Smallstad,76158,2023-04-27
C8745034,Tammy,-,1988-08-02,F,8908996459,jeffreywallace@example.com,England,South Kristinefort,95745,2022-09-25
C9718269,Christopher,Scott,1985-07-31,M,972.522.3700,marissa19@example.com,England,New Bonnie,45183,2023-07-07
C9623065,Samantha,Rodriguez,1979-02-17,Other,5548896378,peter93@example.org,United Kingdom,Davisborough,34449,2022-06-08
C970236,Tara,Thompson,1940-01-07,M,6903665512,calebromero@example.com,U.K.,Port Heidiview,35992,2025-05-23
C1313909,Sarah,Smith,2000-03-13,F,7937122058,crystal28@example.com,U.K.,North Ashley,02596,2022-02-24
C3325108,Martin,Lewis,2007-09-16,NULL,(278)534-4665,yweber@example.net,GB,South Janetton,52856,2025-10-26
C7117997,Edward,Mendez,36287730,NULL,001-538-624-0686x61827,kbrown@example.com,United Kingdom,West Megan,29251,2024-06-06
C6561522,Patricia,Simmons,1965-06-09,M,800.349.4341,williebryan@example.org,England,Ochoahaven,75139,2025-10-20
C5535942,Diana,Lawrence,1942-09-14,Other,+1-859-877-5230,eriktaylor@example.net,UK,Lake Susan,82448,2024-02-27
C9386329,Michael,Ramirez,19630301,F,9246849451,rbrown@example.org,UK,Fergusonburgh,59009,2022-11-01
C144199,Kevin,Rodriguez,2005-12-31,Other,001-468-879-8084x06967,glenda66@example.org,United Kingdom,South Emily,65255,2026-05-14
C2513449,Joseph,Allen,1994-10-24,F,+1-826-430-6905x13331,heidihart@example.org,England,Connieborough,49348,2025-08-12
C7710418,Briana,NULL,1989-11-06,M,+1-271-704-4383x6368,swilliams@example.net,GB,Lake Joshuahaven,21630,2024-05-11
C879608,Danny,Dickson,1997-07-02,M,001-644-979-0576x52749,jrivers@example.com,U.K.,Matthewstad,79448,2023-09-06
C6399056,Aaron,Martin,1978-07-03,M,505-981-4637x4335,dleach@example.org,UK,Port Jerry,10462,2022-05-04
C1380742,Carl,,1970-03-07,NULL,+1-738-632-4490x4476,matthewcarter@example.com,England,Port Nancyhaven,09489,2022-10-22
C2524526,David,Stanley,1959-06-14,NULL,001-601-904-2548x8320,allenbrian@example.net,UK,New William,23622,2023-11-04
C6499535,Madison,Morrison,Tomorrow,NULL,(285)702-3865x184,kmatthews@example.com,United Kingdom,Oconnorport,01661,2025-09-28
C8893379,Riley,Phillips,1940-11-22,M,+1-813-283-3680x6335,briggscameron@example.com,GB,Lake Christopherville,15426,2026-03-06
C9600244,Jacob,Gonzalez,1993-09-19,F,+1-465-314-3959x5915,mikewang@example.org,UK,Lopezshire,79549,2025-12-09
C314704,Amanda,Tucker,1944-09-13,NULL,(998)605-1412x437,blee@example.org,UK,Duncanberg,37736,2023-03-06
C4653541,Angela,Marquez,1939-09-23,Other,2852559456,kelly65@example.org,U.K.,Christineborough,13204,2024-12-26
C3974194,Tami,Roberts,1992-10-21,M,8598097268,kimberlyhurley@example.com,United Kingdom,Moodychester,21600,2026-06-08
C4973827,Ryan,Savage,1981-01-26,Other,509.738.4868x06364,aprilmartin@example.net,UK,Lake Susan,65746,2026-02-24
C7593229,Evan,Pruitt,1952-03-20,NULL,479.558.7284x780,ewilson@example.org,United Kingdom,Port Patricia,02344,2025-03-24
C3338451,Dalton,Walker,1986-11-25,F,+1-627-705-1705x351,vschultz@example.org,U.K.,North Benjaminville,63192,2023-04-18
C7647220,Amanda,Fernandez,1948-09-30,F,724-603-0305x62708,james61@example.net,UK,East Sherimouth,70256,2026-06-06
C9372599,Kent,Underwood,2008-08-06,F,+1-788-613-2571x1620,bradley77@example.com,U.K.,Lake Carlyview,13887,2023-09-04
C218911,Isabel,Hernandez,1945-12-30,NULL,957.725.8698x87959,zrivera@example.com,UK,Kristinfort,01534,2023-07-01
C6573686,Ricky,Williams,1973-12-15,M,4382036854,nicole64@example.net,England,Bryantfurt,30529,2024-01-22
C1581658,Ryan,Cole,1953-09-15,M,+1-353-571-5868,drakepaul@example.org,United Kingdom,Ethanbury,54614,2021-12-20
C9327365,Amanda,Frederick,1944-04-02,M,001-673-411-9174,howelljohn@example.net,UK,Goodwinshire,84965,2022-12-09
C5158422,Brenda,Cummings,1983-07-08,F,+1-220-907-3521x16539,martincatherine@example.com,GB,West Edwardbury,22560,2021-12-15
C2589130,Nancy,Sherman,1975-11-21,M,947-829-9478,lcastillo@example.com,United Kingdom,Robertshire,65639,2022-06-03
C1106645,Mark,Hebert,1988-01-24,Other,478.503.7392x5967,christensentina@example.org,UK,North Maxchester,04606,2026-01-05
C7878161,Matthew,Howard,1971-01-15,M,426-641-2987x54890,alyssa97@example.com,U.K.,East George,15569,2023-01-14
C5411562,Michael,Higgins,763521039,Other,001-398-282-2833,amy03@example.org,U.K.,Taylortown,78959,2024-04-10
C9137154,Terri,Conley,1957-06-25,M,684-748-0148x72193,zbarnes@example.net,GB,New Ericville,90385,2022-01-29
C5678287,Matthew,Miller,2000-08-08,NULL,(822)288-5727,crussell@example.org,U.K.,South Rebeccashire,54089,2024-04-16
C3677012,Caitlin,Stout,1962-03-28,F,(511)722-9114,rcombs@example.org,UK,Atkinsonmouth,96736,2024-12-25
C5400842,NULL,Gonzales,1980-03-10,M,+1-688-246-5705x541,derek96@example.org,UK,Amandachester,89733,2022-02-16
C6563189,Mary,Thompson,1950-01-24,F,(992)716-5939x95384,oglenn@example.net,U.K.,South Kaitlynfurt,96500,2025-07-17
C7101035,Kathy,Baldwin,1986-03-14,NULL,+1-241-566-7189x60360,andersonalexander@example.com,U.K.,North Bruceberg,66554,2025-03-29
C9232698,Omar,French,1993-02-15,NULL,NULL,tracycherry@example.org,U.K.,Hinesfurt,46744,2023-02-06
C6786445,Lori,Flynn,1938-09-20,M,573.687.7938,jonathandoyle@example.net,U.K.,Port Jamesborough,97583,2022-10-17
C116808,Joshua,Torres,1985-09-12,NULL,8035411302,oanderson@example.com,GB,Edwardsberg,56662,2023-11-21
C7441720,John,Miller,1987-06-17,F,894-593-4504,fmaldonado@example.org,United Kingdom,Stanleyton,43096,2024-04-21
C6220354,Bradley,Scott,1950-02-08,NULL,+1-590-679-9731x23773,johnmiller@example.com,U.K.,Kristybury,08065,Yesterday
C7196966,Melissa,Bates,1979-10-25,Other,001-636-880-5902,pmartinez@example.com,UK,Flowersmouth,51439,2026-05-12
C4468454,Kevin,Terry,2004-12-26,Other,001-811-401-1593x86951,hendersoneric@example.com,GB,Valentinebury,62611,2021-12-23
C2784934,Christopher,Brown,1949-02-21,Other,469.548.3710x04647,hgarcia@example.org,England,Allisonhaven,28871,2025-08-03
C9538910,Lisa,Green,2005-09-25,F,(667)647-2196x5860,johnsonjon@example.com,United Kingdom,Lake Katie,30008,2025-01-10
C6275976,Melissa,Hernandez,1967-09-23,Other,(609)659-7772,uromero@example.net,England,Gibsonview,04727,818838958
C6191211,Brenda,Navarro,1938-07-15,Other,001-931-201-8844x8306,jennifer19@example.org,United Kingdom,Perezfurt,18921,2025-03-20
C9231012,Shannon,Riddle,1972-05-07,NULL,(956)574-9945,brenda59@example.org,UK,Angelaton,40317,2022-02-02
C7911033,James,Moore,1959-10-01,M,001-599-833-3910x822,martinezjohn@example.org,England,South Travis,66787,2023-01-28
C8901211,Robert,Burnett,01-20-1994,M,428-943-8057,tiffanystevens@example.com,England,Kingmouth,66170,2026-05-10
C5850654,Linda,Smith,1941-03-13,Other,N/A,roberthampton@example.org,GB,Lake Stacyhaven,67619,2021-12-13
C6793322,William,Sandoval,1940-03-13,M,+1-808-738-6252x831,mstanley@example.net,U.K.,Washingtonbury,51999,2022-12-14
C8359260,William,Davis,1977-08-20,Other,3952521020,thompsonedward@example.com,England,Lorettaside,07343,2023-12-12
C2861496,David,Roberts,1999-03-30,F,+1-804-522-1913x1365,john66@example.net,U.K.,New Peter,65072,2025-11-27
C52738,Mia,Armstrong,1982-04-15,M,+1-832-409-2236x33176,david49@example.org,GB,East Christinemouth,54313,2025-01-11
C9557349,Olivia,Pacheco,1984-09-22,Other,(678)320-1951x504,zkelly@example.com,GB,Port Stevemouth,06390,2025-08-06
C4763821,Rhonda,Lewis,1980-02-19,Other,4926213742,vaughnkevin@example.org,UK,West Williamborough,75890,2022-04-01
C1551013,Hayley,Harris,1955-01-16,Other,(674)226-7220x12482,johnsonkatherine@example.org,United Kingdom,Trevorshire,94711,2026-03-04
C350157,Lawrence,Lopez,1967-09-08,F,6869846205,xconner@example.org,UK,North Karenborough,94986,2025-09-18
C6185009,Jessica,Harvey,1961-11-27,NULL,(944)570-0458,hbanks@example.com,U.K.,Codyport,98503,2023-01-24
C1829020,Corey,Salazar,1998-08-18,M,9735183223,kyle41@example.org,UK,Port Brucemouth,02731,2023-01-04
C1623961,Emily,Smith,1957-06-17,NULL,899-794-3817x972,ortizamy@example.org,England,Lake Kirkton,78923,Tomorrow
C314887,Courtney,Rice,1946-11-04,NULL,973.855.1954x65153,barkerangela@example.org,UK,Sosaville,89488,2023-01-08
C5388491,Joseph,Alvarado,1973-07-31,Other,948-986-9180,msantana@example.com,GB,South Johnbury,33120,2021-12-27
C8374816,Sabrina,Conner,17/12/1956,NULL,398-851-3488x97089,castanedawilliam@example.org,UK,Bonniefurt,59898,2024-06-22
C8562749,Molly,Moody,1940-10-03,M,(546)600-7755x413,courtney99@example.net,England,Tinafort,66092,2025-06-21
C3586220,Donna,Matthews,1945-12-20,NULL,646.884.3372x45085,james67@example.org,UK,West Shannontown,65532,2022-10-20
C4528253,Margaret,Hart,1952-04-01,F,001-424-939-4907x210,brittany62@example.org,U.K.,Johnsonton,76282,700817982
C709531,Crystal,Herring,1965-04-21,F,833.519.5074x4065,hreese@example.net,UK,Stewartport,17688,Yesterday
C905227,Manuel,Haley,1940-07-30,NULL,(726)335-0237,lisamartinez@example.com,England,Danieltown,16108,2023-01-25
C8112931,Rebecca,Smith,2005-05-01,NULL,777.275.4056x1395,robertwoods@example.com,GB,South Michael,36521,2022-10-31
C9605459,Bryan,-,1953-01-29,NULL,895-856-7126x697,anthonywells@example.org,GB,Brownberg,58258,2025-01-11
C4689548,Larry,Cooper,1993-08-08,M,6068169473,qmarks@example.net,United Kingdom,New Fred,22113,Tomorrow
C7398787,Crystal,Leblanc,1991-09-26,Other,938-902-5875x303,prattlauren@example.com,England,Port Christine,20740,2026-01-24
C497957,Corey,Powers,1958-05-18,M,(639)267-3690,pparks@example.com,GB,Lisafort,22149,2023-01-19
C584293,Jesse,Decker,1947-05-03,Other,(796)664-2262x766,alexandragraham@example.net,UK,Port Brett,97723,2026-04-02
C6563391,Melinda,Underwood,1991-09-02,NULL,759.596.5010,tinaadkins@example.net,UK,Blackfort,85435,2025-10-12
C9502828,Stephanie,Nelson,1976-08-24,F,407-676-2302,ohall@example.net,United Kingdom,New Stacey,87449,2024-06-25
C7773003,Michael,Hunt,1937-07-07,M,(770)461-3498,karen73@example.net,United Kingdom,New Sydneystad,21249,2026-04-20
C2111570,Patrick,Mitchell,1965-06-03,M,7447141288,anthony94@example.org,United Kingdom,North Elizabeth,34591,2022-07-03
C1149309,Terri,Bailey,2002-08-19,F,532.512.5788,vmiller@example.net,UK,Williamstad,51897,2026-06-26
C6246355,Crystal,Dodson,1984-04-11,M,001-879-601-9969x3444,amartin@@example.net,UK,Poncetown,35252,2021-08-27
C951220,Ariana,Smith,1962-04-10,M,615.872.6945,cynthia07@example.org,UK,East Donna,55141,2023-09-07
C517520,Scott,Hall,2006-05-17,NULL,001-475-499-1722x9348,hernandezsheila@example.com,United Kingdom,Matthewmouth,87483,2022-07-23
C9597870,Trevor,Thomas,1996-12-04,M,537-928-7968x529,sharpkelly@example.com,United Kingdom,North Nathanfurt,50936,2024-04-28
C1826202,Tiffany,Lowe,1936-01-03,M,+1-434-259-4975,charlenesanders@example.org,United Kingdom,Chaseshire,67230,2023-03-03
C5718792,Jason,Sanders,1956-04-01,NULL,+1-225-551-5160x6353,uoconnell@example.net,U.K.,Rodriguezton,37258,2024-11-06
C9630787,Cathy,Cooper,2002-07-30,M,360.957.9597x0053,mweeks@example.com,U.K.,Lake Deborahfurt,74177,2023-01-28
C9560853,Pamela,Knapp,10-25-2003,M,(823)291-1782,martinlindsey@example.org,England,East Eric,72540,2022-12-14
C5325226,Gerald,Hawkins,1936-01-29,M,+1-765-853-4005x149,yevans@example.org,United Kingdom,Kristenmouth,86438,2022-10-26
C2445129,John,Welch,2002-03-24,Other,579.840.2143,alvin79@example.com,United Kingdom,New Shawntown,30430,2024-12-14
C5372657,Nicole,Smith,18/03/1973,M,440-833-6632,michael15@example.org,England,Lake Kristenport,23852,2025-03-05
C9059037,Ashley,Smith,1998-09-29,NULL,680-840-8561,kblevins@example.org,UK,Port Leonardbury,22876,2021-10-23
C7409939,Michaela,Washington,1973-01-05,Other,405.202.1895x762,michaelsanders@example.com,United Kingdom,South Benjamin,24306,2021-11-15
C791350,William,Jones,2004-05-09,M,+1-444-887-9996x377,pthornton@example.org,GB,Laneborough,81547,2025-12-20
C2510560,Anna,Ruiz,1995-08-06,NULL,(655)653-9531x369,paul16@example.org,GB,New Nicholas,83744,2021-12-16
C3409048,Teresa,Robertson,1970-04-04,M,8636297414,gouldamy@example.com,U.K.,Port Chadfurt,41980,2021-10-02
C4433060,Stephanie,Stewart,1969-07-08,Other,(752)489-9593,david54@example.org,England,North Emilyhaven,28865,2023-08-26
C5050498,Henry,Malone,2007-04-19,F,880-458-3514,greenethomas@gmal.com,United Kingdom,Port Angela,46268,2023-07-30
C3281716,Jessica,Cochran,1952-10-08,F,236.753.8456,osmith@example.com,U.K.,Grosstown,90813,2025-07-15
C6177852,Lisa,Zuniga,1950-05-19,M,(958)750-8147,victoria38@example.com,England,Carrieland,56304,2022-04-10
C1701748,John,Gill,1975-01-01,Other,484-673-7734x003,anna04@example.net,United Kingdom,Lake Melissaland,79968,2021-09-22
C5977954,Pamela,Moses,1963-06-25,M,214.453.2032x323,debraleonard@example.net,GB,Royhaven,06148,2024-06-27
C7928135,Katherine,Collins,1958-08-27,F,+1-384-861-7242x21242,kimberlygates@example.org,United Kingdom,Moorefort,88233,2023-03-12
C4215297,Steven,Martinez,1999-12-25,NULL,395-888-4977,hjensen@example.org,UK,Danielfurt,29541,2023-05-31
C7083005,Jaclyn,Boyd,1973-03-04,NULL,870.248.6868,robinhernandez@example.com,GB,Hamiltonside,86469,2023-10-06
C4967094,Jeffrey,Butler,1964-04-10,F,+1-892-750-3316,trivera@example.org,United Kingdom,Lake Anthony,60831,2024-03-23
C5618302,Donald,Osborne,1967-11-23,Other,363.597.1918x952,bonnie47@example.com,United Kingdom,Zimmermanmouth,26737,2022-08-03
C4088240,Jonathan,Hughes,1943-06-08,F,+1-632-287-8425x2957,nathan65@example.net,U.K.,New Andrewland,18835,2021-11-19
C1501854,Travis,Burns,1984-01-04,F,277.450.5288,ortizjacob@example.org,UK,New Andrea,21329,2023-04-09
C9570384,Shannon,Erickson,1982-01-02,F,+1-776-565-0912x91848,peter50@example.org,United Kingdom,Carneyfort,89325,2025-09-21
C1724696,Ross,Lang,1999-11-03,F,(880)472-5350,franciscomorales@example.com,U.K.,Larrytown,88086,2026-06-12
C9709081,Monica,Walker,2004-09-27,F,001-743-981-8369x48829,krodriguez@example.com,United Kingdom,Bensonhaven,31910,2021-09-13
C568155,Daniel,-,1936-04-05,M,5019064794,palmersamantha@example.net,GB,Andreachester,92484,2026-01-17
C4911975,Katherine,Gonzalez,1979-11-14,Other,406.947.4697x33669,karen93@example.org,UK,South Cynthiaborough,31354,2021-10-05
C4820697,Amber,Moore,03-13-1952,NULL,(839)912-8133,ashley63@example.com,GB,Port Tristan,52705,2022-02-28
C2165558,Andrea,Williams,2006-11-16,M,(412)401-7542,carlosschneider@example.com,GB,West Marco,73868,2024-05-17
C6951012,Yvonne,Ortiz,1996-11-28,Other,+1-990-333-6945,brownmelissa@example.net,UK,Dannyfort,37522,2024-07-10
C6263405,Daniel,Arnold,1945-06-09,Other,8049475957,johnny59@example.org,U.K.,Sierrachester,50963,2023-09-13
C4046735,Angela,Lane,1986-10-02,NULL,(940)480-2164,ashleymary@example.com,GB,Theresaburgh,61097,2025-01-05
C2399145,Teresa,Bailey,1995-08-12,NULL,(782)382-3379,taylordanny@example.com,U.K.,Lake Katelyn,01297,2025-03-29
C9270866,Joseph,Mccormick,1989-12-29,NULL,448-327-3363x02226,ccarrillo@example.com,GB,Omarville,91986,2025-01-29
C3343514,Bryan,Hamilton,1948-05-21,Other,473-909-5215,waltersomar@example.org,U.K.,Burgessfurt,52825,2022-12-11
C8663512,Katie,Brooks,1970-07-20,Other,468.429.1455,shawnmassey@example.com,U.K.,South Patricia,32735,2021-10-07
C5638945,Kendra,West,1950-12-28,F,867-750-2403x0199,hernandezsheena@example.com,U.K.,Howelltown,35002,2022-05-14
C5785856,Daniel,Hayes,1958-08-09,Other,001-857-240-8841x53619,nicolevance@example.net,UK,Brandonfurt,61966,2022-01-13
C3419533,Kimberly,Martin,2007-12-01,Other,8117934015,collinsmaria@example.com,UK,Scottfurt,03221,2022-01-05
C8590255,Debra,Harris,1951-01-16,NULL,258-579-3007,carterhenry@example.net,GB,West Clarence,03056,2025-03-13
C199922,Sarah,Grant,1944-02-03,NULL,5182007970,tiffany61@example.com,England,West Patrick,69586,2024-11-03
C9593443,Kathryn,Howard,1965-07-02,F,(514)409-7873,bmccormick@example.com,England,Katherineside,25578,2024-02-04
C6791398,Steven,Johnson,1947-12-27,F,(912)798-8734x31724,gregory13@example.net,England,Port Nicholas,40127,2026-02-18
C6954140,Heather,Sullivan,2000-08-14,NULL,+1-305-343-4115x879,frances74@example.com,England,East Johnathanport,40603,2024-10-06
C2801817,Hunter,Cohen,1944-08-27,F,523-597-3712x016,cmeyer@example.org,U.K.,Graymouth,78749,2026-07-22
C8861157,Steven,Martin,1958-02-22,F,001-806-721-7964x829,mitchelldebra@example.com,GB,Samanthaside,96692,2022-02-17
C9611244,Patricia,Charles,2008-07-12,F,7144532926,carpenterdonna@example.net,GB,Lake Marymouth,23671,2022-05-18
C6531964,Anthony,Perez,1972-05-24,Other,001-765-263-1957x72654,ucook@example.com,U.K.,East Amyfurt,96420,2023-04-19
C6916228,Kathleen,Hill,1959-07-01,NULL,Unknown,lisa68@example.org,United Kingdom,Sarafurt,34402,2025-09-07
C9583114,Amanda,Carpenter,1977-08-25,NULL,(516)458-0704x259,francisandrew@example.com,United Kingdom,Lake Melanieburgh,64862,2023-05-13
C4274289,Carla,Reyes,1986-12-24,F,263.450.5091,stevensonrichard@example.com,GB,Port Bradley,40420,Yesterday
C6785937,Heather,Gross,1999-11-15,NULL,(822)632-3888x0489,wcox@example.com,United Kingdom,South Stephanie,37488,2023-11-06
C4630437,Troy,Aguilar,1946-08-29,Other,+1-845-964-6180,carpenterandrea@example.org,England,Jonathanmouth,15359,2023-07-22
C2948721,Andrew,Simmons,2008-04-09,Other,784.693.9745x572,josemiller@example.org,U.K.,Stephaniebury,31302,2021-08-31
C8637060,Cameron,Jones,1967-05-09,NULL,001-408-462-8215,mstevenson@example.net,GB,North Brendamouth,05305,2023-04-06
C1501182,Christopher,Everett,1982-11-28,Other,(974)900-6073x6661,warekathleen@example.org,UK,Jeremiahshire,20004,2023-01-24
C7551074,Kayla,Mcdonald,1956-06-24,Other,395-817-6550,shawjerry@example.net,UK,Hilltown,89615,2026-07-16
C1576744,Brian,Bailey,2007-01-26,M,6657445686,jwatson@example.org,GB,Lake Josephview,12365,2021-11-22
C5386519,James,Kim,1977-06-18,NULL,789.597.0818x443,chelsea07@example.com,GB,West Teresaport,50072,2022-12-11
C4255686,Ariel,Martinez,1980-04-15,M,001-908-991-7143x089,alexandria10@example.com,United Kingdom,Maryville,07023,2021-09-11
C256889,Ryan,Moore,1980-06-09,NULL,200-783-4100x497,william49@example.com,U.K.,East Williamborough,60184,2022-10-22
C8186057,Alexander,Williams,1966-12-22,F,(906)689-6056x292,ohill@example.com,England,Robertfurt,65253,2022-12-18
C6439684,Heather,Garza,1950-06-29,NULL,286.203.9299,jonathanbeard@example.org,U.K.,Priceport,73425,2025-08-31
C6524956,Deanna,Wright,1978-09-16,F,+1-807-396-5996x007,johnbutler@example.net,U.K.,Coltonton,47147,2022-10-18
C7802397,Jennifer,Harvey,1939-05-11,F,(610)765-1986x89759,aanderson@example.net,U.K.,Garrisonberg,63312,2025-05-09
C6996468,N/A,Patel,2000-11-25,NULL,436-289-3666x49633,qramos@example.org,U.K.,Lake Ryan,25131,2025-02-13
C1603913,Unknown,Owens,1948-10-13,NULL,848-319-1716x494,christophermartin@example.net,GB,East Carolynport,51256,2026-05-26
C5913251,Nicholas,Ward,1989-02-05,F,5096911411,woodswilliam@example.net,England,Jamiechester,82825,2026-02-04
C668601,Daniel,Ponce,1962-04-06,Other,752-988-1510x20786,ricardo44@example.com,U.K.,Port Elizabethborough,29352,2024-06-12
C4455299,Lisa,Cruz,1976-02-25,NULL,+1-873-908-0696x206,andersonwilliam@example.org,England,Perezfort,93014,2024-12-29
C7284980,Tracy,Mendoza,1964-04-22,Other,+1-234-817-3642x24202,rpitts@example.com,GB,North Davidstad,03333,2022-06-14
C2028828,Gina,Thompson,1968-02-25,F,767.868.1171,owenashley@example.net,United Kingdom,East Jerry,64261,2024-10-02
C6442163,Julian,Yoder,1992-11-27,Other,338.656.9293,mary72@example.net,England,Marytown,85317,2024-04-17
C7211249,Steven,Morrison,1939-08-09,NULL,525.407.4857,scottdavid@example.net,U.K.,Hoodport,36464,2022-12-17
C362578,Judy,Wilcox,1943-01-02,Other,(799)975-2668,rodriguezbrian@example.org,UK,North Wayneborough,73758,2023-03-13
C8742423,Travis,Lopez,1961-02-26,F,777-593-0945,gonzaleznatalie@example.org,GB,Carrmouth,24967,2024-06-18
C7080082,Nathaniel,Booker,1981-06-17,NULL,(396)938-4794,ambermoore@example.org,GB,Hernandezport,43343,2024-08-04
C5636352,Ashley,Sharp,2004-12-21,Other,933-496-5385x0968,sara62@example.org,GB,Peterbury,87327,Tomorrow
C6361378,Stephanie,Knox,1959-01-15,F,645.955.7438x0220,jhuang@example.net,GB,South Audreyfort,79764,2022-09-21
C4075285,Christopher,Rhodes,1994-09-16,F,429.911.6853,jennifer14@example.org,UK,East Davidfurt,73282,2022-05-21
C5733102,Richard,Douglas,1994-06-05,F,+1-630-498-2660x80026,robinsoneric@example.com,United Kingdom,Johnsontown,93153,2022-02-18
C2829674,Susan,Nelson,1996-01-21,NULL,(979)929-0566,hernandezamy@example.org,GB,Port Cheryl,25016,2021-08-25
C9102881,Sarah,Rojas,1950-05-10,NULL,3956580593,carolyn35@example.net,U.K.,West Alexanderhaven,05195,2024-10-11
C5013807,Alyssa,Brown,1960-08-07,NULL,+1-916-866-1373x3424,brownkatherine@example.net,GB,Sheppardside,43931,2021-10-30
C5498279,Linda,Compton,1968-08-31,F,(796)845-8923,qtran@example.net,GB,Hessville,93427,2026-03-09
C4220964,Tonya,Cook,1992-10-31,M,448.995.1723,john17@example.net,GB,West Jamesburgh,45556,2024-07-18
C7224391,Lonnie,Gordon,2007-05-12,Other,924-283-0400x526,NULL,U.K.,New Samanthaview,96889,2023-02-27
C8049288,Caitlyn,Bell,247107950,M,+1-717-929-5674,melissajimenez@example.net,GB,South Emilyborough,40417,2025-09-26
C2301942,Sarah,Ward,1965-08-06,F,4582150817,robert98@example.net,UK,Randallborough,16467,2025-05-27
C7653897,Richard,Jennings,1945-10-22,M,001-894-284-2216x4099,thomas56@example.com,United Kingdom,Loriberg,77195,2024-08-05
C8140972,Gregory,Gonzalez,1941-12-28,Other,401.807.1580,danieldean@example.com,U.K.,Silvaburgh,67665,2023-07-11
C9352795,William,Morales,1979-07-24,M,001-717-356-9283x1653,fking@example.org,GB,Brownfort,80537,Tomorrow
C8623237,Brandon,Neal,2008-01-22,F,(885)312-6486x48491,igrant@example.com,United Kingdom,Carolinefurt,83317,2023-11-20
C1171591,Margaret,Moss,1999-06-14,M,8035368837,jcollins@example.net,U.K.,Port Steven,16887,2024-05-20
C8884094,Jason,Morris,1950-06-13,F,+1-813-267-2640x8728,yhale@example.com,England,West Danielland,01489,2024-12-14
C1180645,Sara,Dixon,1978-02-16,NULL,965.308.3562x87130,briggsmarcia@example.com,UK,East Richard,01747,2021-12-29
C1215516,Ann,Morrison,1961-10-27,NULL,001-307-912-1710x26322,joannecoleman@example.org,U.K.,Heathermouth,18753,2024-08-31
C9580833,Kevin,Boyd,1978-08-22,M,001-734-966-3545x691,wwu@example.net,UK,Spearschester,49790,2025-05-16
C7433776,Derek,Hansen,1989-08-30,F,914.581.4929x88381,bradfordcynthia@example.org,U.K.,South Deborah,52036,2023-01-11
C237041,Rita,Mueller,1991-06-25,NULL,989.423.9112,francowilliam@example.org,U.K.,Hortonfurt,74356,2022-08-25
C8071344,-,Harris,1944-11-02,F,383-997-7108x14938,ccline@example.org,United Kingdom,East Matthew,58942,Yesterday
C7258341,Cameron,Padilla,1970-07-14,M,7508530682,jasonhale@example.com,United Kingdom,New Jenniferberg,84885,2025-01-09
C8792768,William,Hampton,1978-11-08,M,(711)556-9467x8713,gross@example.com,United Kingdom,Steelefurt,14002,Yesterday
C4993960,John,Hernandez,1940-09-19,F,(589)466-7236x33790,cynthia28@gmal.com,U.K.,South Adrian,65125,2025-01-20
C9051952,Tracy,Moore,1969-09-03,M,+1-887-796-6315x3664,amberpotter@example.net,United Kingdom,East Josephbury,66456,20240316
C2816451,Scott,Espinoza,1988-07-17,Other,+1-353-982-1577x04808,iswanson@example.org,England,New Evan,53742,2021-10-12
C933974,Kurt,Fowler,1980-11-24,M,676-553-3450,kroberts@example.com,United Kingdom,North Janetton,30409,2026-05-24
C7866611,John,Campbell,1973-07-16,M,7808063739,hlivingston@example.net,England,Bondshire,65686,2021-08-31
C6053431,Daniel,Reynolds,1983-04-16,NULL,001-824-459-9488x0295,johndean@example.org,UK,North Michael,86365,2023-12-12
C7567147,Margaret,Wilson,1948-12-23,NULL,754-214-7041x93950,campbelljacqueline@example.org,United Kingdom,North Shelly,91990,731955082
C5570600,Jacqueline,N/A,1958-03-21,M,894-612-9641,jeremiah47@example.net,U.K.,Lewismouth,85187,2022-10-06
C1815944,Ryan,Martin,1946-09-12,NULL,601.354.6269,dhoffman@example.org,GB,Tamaraview,73699,2024-02-21
C5807372,Stephen,Dalton,1961-08-17,NULL,(464)518-8398x4098,lisa88@example.com,GB,Lake Jefferyhaven,40079,2025-03-07
C4124244,Jill,Young,1993-12-12,F,6929952032,stevendonaldson@example.com,GB,Bernardbury,21644,2024-01-06
C2713004,Beth,Montgomery,127244514,F,(529)505-6990,michael04@example.net,United Kingdom,New Beverlyshire,99226,2023-09-04
C6071375,Jeffrey,Curtis,2001-10-19,M,(504)259-9000,vincent39@example.org,GB,Jeffchester,32017,22/03/2024
C3832297,Annette,Moran,19980801,Other,001-470-583-4333,wadealison@example.net,UK,South Meredith,40093,2025-09-20
C7135882,Nathan,Hurst,1965-07-15,NULL,4572627558,ddixon@example.net,United Kingdom,New Gregorychester,46680,2025-06-09
C9686837,Krystal,Parker,1953-08-29,M,001-796-881-0163x2543,sethhughes@example.net,GB,Melissaland,75418,2025-04-07
C6494098,Richard,Scott,1939-02-09,NULL,001-428-792-5553x0620,owalker@example.net,England,North Michael,80499,2023-06-17
C4409219,Gabriella,Ramos,1976-12-24,F,(676)687-1907x196,randy71@example.net,U.K.,Scottchester,60315,2022-03-09
C6083187,Lisa,Mccoy,1976-10-18,Other,001-999-717-4741x3229,qburnett@example.com,GB,South Josephhaven,40252,2026-03-01
C4024463,Anthony,Smith,Yesterday,Other,+1-837-305-9162x7693,joseph21@example.net,UK,Elizabethville,14913,2024-05-30
C9461334,David,Carter,1975-07-09,M,(332)952-4742x270,camachoariel@example.com,United Kingdom,Port Crystal,88644,2023-02-19
C4886184,Jeffery,Hunter,2004-04-08,M,(846)330-8005,pquinn@example.net,UK,Michaelstad,94897,56227857
C4689648,Ryan,Curtis,2008-07-30,NULL,+1-271-374-0714x8332,meadowscharles@example.org,U.K.,West David,42651,2025-08-31
C6592283,David,Ramsey,1938-06-27,M,+1-815-620-4762,jking@example.net,United Kingdom,Lake Travis,83807,2024-05-10
C3354441,Jeremy,Williams,2004-10-12,F,397-675-7850,lmcdaniel@example.net,UK,West Erika,34407,2026-06-09
C5990283,Shannon,,1960-06-02,F,(434)377-0621x7978,zalexander@example.com,England,Lake Joseph,50954,2024-04-13
C3753081,NULL,Kramer,1945-01-28,NULL,+1-344-878-9739,alexander74@example.com,England,Dannyview,74652,2022-06-17
C3722044,Christopher,Castaneda,2001-10-11,NULL,296.339.8919x874,brenda98@example.com,UK,East Laura,17856,2025-02-10
C3146885,Kelli,Hill,19720813,Other,5768224090,brian80@example.net,England,West Mike,97912,Yesterday
C2105178,James,Gonzalez,1940-12-31,NULL,219-303-9303x35178,douglasvincent@example.net,UK,Robersonview,06374,2024-01-23
C6995845,Jack,Gonzalez,1996-05-29,NULL,7436505764,bryanthannah@example.com,U.K.,Lake Richard,97557,2022-07-20
C4607099,Victor,Rodriguez,1994-01-03,Other,938.313.2007x44740,zachary10@example.com,UK,Samanthashire,63574,2024-03-03
C1844340,,Bender,1936-11-24,F,(783)787-3390x91784,williamsmelody@example.net,UK,Lake Adrian,53815,2025-10-22
C3211214,Bruce,Bailey,2000-01-28,F,4015149065,williamtaylor@example.com,UK,Port Kevin,12984,2025-10-23
C8780051,,Frederick,1975-09-25,M,921.666.4311,hamiltonapril@example.com,U.K.,North Brian,62835,2025-12-29
C4237024,Sandra,Smith,1959-02-13,M,001-895-758-5820,carolynrodriguez@example.org,England,North Josephfurt,63187,2026-05-26
C8816395,Erin,Harris,1938-08-08,F,(807)731-4682x59691,dianepratt@example.net,GB,South Shaunburgh,06552,2025-02-11
C8099363,Jason,Neal,1985-05-29,NULL,+1-352-423-8572x97267,anthony18@example.com,England,Port Dianatown,90609,2024-12-20
C1447971,Judy,Rowe,1975-09-01,F,+1-567-989-4650x6237,nthomas@example.org,United Kingdom,Lake Sergiomouth,36502,2022-11-26
C2849004,Cory,Flores,2001-08-31,M,875.295.0929x273,richmondsherry@example.net,GB,West Stacie,67409,2025-11-05
C5914889,Patrick,Rosales,2007-11-14,NULL,+1-329-815-0889,wbailey@example.net,GB,Jenniferburgh,80595,2026-06-12
C1829637,Mike,Chavez,1975-02-22,M,791-846-1235x1559,griffinjamie@example.com,United Kingdom,Andersonberg,23923,2025-05-20
C1645953,James,Barnett,1936-07-14,Other,(768)588-2159,amandadavis@example.com,UK,Johnview,40915,2024-02-16
C219011,Joshua,Briggs,1961-07-25,F,(973)917-9697x7603,joshuachambers@example.com,England,Angelashire,22779,2025-03-05
C6566075,Patricia,N/A,1993-06-10,F,6532516871,wwolf@example.net,GB,Wilsonshire,06067,2022-09-10
C7491832,Edward,Jackson,1949-09-12,NULL,(914)255-6031x087,pennymiller@example.com,England,Pamelachester,58262,2022-01-15
C7385233,George,Torres,1941-09-22,F,(753)554-1444,zcurtis@example.org,England,West Ashleyport,85688,2025-05-16
C1136447,Emma,Brown,1936-11-26,M,292-336-3679,robertscott@example.com,GB,Port Cory,96546,2025-08-21
C3635895,Travis,Knapp,1989-06-21,F,791.769.3449,bauerjessica@example.net,U.K.,Lake Calebmouth,80842,2023-02-14
C1861017,Alexandra,Adkins,1973-10-29,NULL,+1-373-438-0066x424,katrina43@example.net,England,Dakotafurt,13357,2024-05-24
C2051371,David,Pennington,1940-10-09,NULL,+1-512-394-5378,wharper@example.org,U.K.,East Jeremytown,41111,2026-03-22
C2645237,Sheila,Rios,1999-09-01,M,523-494-5028,raymond16@example.net,GB,Lake Tommy,50626,2025-11-12
C6442482,Gerald,Montes,1961-12-25,Other,310.921.3571,tfletcher@example.net,UK,West James,85137,2025-05-02
C3781593,Nicole,Pierce,2003-02-07,Other,(352)895-9141x53953,edwardfigueroa@example.com,UK,Lake Meghanborough,52068,2023-08-13
C9948014,Tina,N/A,1994-03-01,Other,001-375-558-0699x911,xrodriguez@example.net,United Kingdom,South Stephenchester,53573,2024-10-02
C4018899,Martin,Berry,1988-06-03,F,001-900-276-7037x5883,mmendoza@example.net,GB,Port Suzanne,80885,2025-02-02
C1927197,Glenda,Barnes,1987-11-01,F,828.555.6061,sbrown@example.net,United Kingdom,Whiteburgh,92894,2022-10-30
C7998300,Cody,NULL,1954-12-15,M,463.815.1329x0545,heatherrubio@example.org,United Kingdom,West Robertchester,12475,07/05/2024
C2194863,Amy,Carey,1969-09-24,M,+1-386-700-4692x6359,stanleybrandon@example.net,GB,South Alexander,42374,2023-10-31
C2261816,Vanessa,Lopez,1974-10-21,F,4517214931,david41@example.net,United Kingdom,East Lucas,80914,2022-06-15
C9596391,Sandra,Warner,1977-04-24,NULL,337-763-9876,jacksonchristine@example.com,UK,Lake Davidbury,78697,2023-02-27
C6777998,Gina,Smith,1952-06-12,F,643.398.5582,pmartinez@example.net,UK,South Katiemouth,24573,2025-08-06
C2272607,Steve,Neal,1979-07-05,Other,5263887732,scottrobert@example.net,U.K.,Jeffreyside,92859,2021-10-15
C1058877,Catherine,Williams,2001-08-24,Other,+1-243-597-2787x443,cpierce@example.com,England,East Steve,81344,2022-03-09
C71240,Michelle,Smith,1964-06-11,F,648.791.8885,josephsanchez@example.org,United Kingdom,Emilyport,97951,2024-05-06
C8336790,Austin,Chapman,1949-04-08,M,900.410.6314,philipcruz@example.net,U.K.,North Deborahshire,70157,2024-05-19
C1207607,Lisa,Perkins,2002-10-18,Other,738-676-3349x004,jimmybryant@example.org,U.K.,North James,96118,2021-09-30
C7752682,Derrick,Landry,1954-04-19,Other,001-892-491-0474x419,williamsheather@example.org,GB,Elizabethview,68113,2023-08-04
C5308799,Mark,Rios,1989-01-03,M,760.663.0106,robinsonhannah@example.org,England,New John,43285,2026-01-01
C6163229,Todd,Cohen,1971-05-23,NULL,-,misty67@example.org,England,South Melissa,39085,2025-04-28
C6467671,Jason,N/A,1985-01-19,M,381-742-3013x054,robbinsdebra@example.net,GB,East Carl,54049,2023-05-25
C5138809,James,Welch,1986-06-27,F,(656)313-9290,fjohnson@example.org,GB,Lake Rickeyberg,33069,2025-01-05
C7336402,Mary,Guzman,2001-07-21,NULL,001-840-385-5914x2749,haneymelissa@example.org,United Kingdom,Port Shannon,71582,2021-11-12
C7422757,Amy,Martin,1955-03-09,F,3226268128,victor84@example.org,UK,New James,62920,2026-05-25
C7973898,Kelly,Perry,1989-08-22,M,Unknown,afrazier@example.com,GB,Lake Catherinetown,39138,2024-06-18
C5938907,Timothy,Long,1998-10-25,NULL,+1-299-817-3928x10141,curryjoseph@example.net,GB,Port Whitney,05873,Tomorrow
C9392989,Alex,Taylor,1966-11-22,F,784.280.1840x400,wfigueroa@example.net,United Kingdom,Heatherchester,12967,2024-05-19
C7301332,Tina,Shaffer,1982-08-20,M,+1-712-866-8315x6051,rhodesjoshua@example.org,UK,Jacksontown,11485,2024-11-02
C5482909,Cheryl,Thompson,2001-04-10,Other,001-652-779-3348x384,ostewart@example.net,UK,Andrewmouth,90617,2022-01-06
C6484352,Joseph,Ochoa,2001-02-03,Other,421-962-3610x500,yangmatthew@example.com,U.K.,South Nicholashaven,61867,2024-01-19
C688965,-,Sheppard,1987-12-12,F,421-764-1334,smithpamela@example.org,United Kingdom,Andreahaven,48190,2024-04-15
C9282181,Chris,N/A,2003-08-26,F,+1-662-742-5678x00402,fmyers@example.com,U.K.,Hessside,41060,2023-09-26
C9642754,Jessica,Elliott,1989-11-17,M,Unknown,zrivera@example.com,England,North Joanneshire,56867,2025-09-13
C3907698,,Oliver,1939-08-07,NULL,819.464.7453x0054,elizabethtorres@example.net,United Kingdom,West Natalie,04558,2021-11-01
C3701215,Jose,Copeland,1977-01-08,F,574.983.1408,srodriguez@example.com,England,Lake Toddchester,40884,2024-02-20
C4314638,Timothy,Gonzalez,1963-03-22,F,001-222-756-4774x870,dsilva@example.com,United Kingdom,East Ricardo,56202,2023-03-10
C8279768,Christopher,Anderson,1958-05-10,M,+1-786-488-7807x8756,donna03@example.net,U.K.,Rachaelstad,55318,2022-11-29
C230483,Daniel,Hernandez,1963-07-17,M,291-313-1018x440,crawfordadrian@example.net,U.K.,Marietown,16740,2024-08-28
C4137350,Erin,Richardson,2005-05-29,Other,001-440-655-1420x19870,kennethgarcia@example.org,United Kingdom,West Jonathanfort,63813,2021-11-25
C8647331,Dylan,Lucero,1987-04-02,Other,453.985.4455x7958,jromero@example.com,GB,Nashville,98147,2026-04-14
C6131343,Roger,Morris,1939-05-19,Other,(243)653-1256,bwood@example.net,UK,West Susan,73072,2024-04-08
C4919153,Jack,Ruiz,2003-07-21,NULL,(792)715-2612x285,michael30@example.org,England,East Kristin,43595,2023-09-14
C4052419,Christopher,Williamson,1959-09-03,Other,(497)452-4345,gleonard@example.com,England,Lake Kimberly,17537,2023-09-30
C1182226,Amanda,Lawson,1946-04-07,F,776.376.0097x46428,NULL,GB,Kingstad,48155,2025-05-10
C3952254,Daniel,Cooper,1942-02-23,NULL,(807)513-2308,zgraham@example.com,U.K.,Lake Charles,83670,2025-05-09
C4993527,Regina,Taylor,1989-04-24,M,(530)846-5694,jill36@example.net,England,South Colin,06575,2024-07-12
C287346,Jocelyn,Gonzalez,1937-08-16,NULL,928.521.4920,ncunningham@example.com,England,West Michelle,83963,2024-08-07
C7388702,Robert,Payne,2008-08-04,M,756-773-8441x1228,ronald68@example.org,GB,New Debramouth,74124,2024-05-11
C5432556,Paula,Monroe,1960-11-13,M,001-465-797-6934x091,ojackson@example.com,England,Lake Debrafurt,44580,Yesterday
C2894532,Sara,Baldwin,1947-05-28,F,001-619-648-7504x68250,perrybrown@example.net,UK,West Angelica,16848,2025-12-22
C4414707,Brittany,Harris,1978-09-17,Other,512.280.6879,joseph90@example.com,England,Jessicaland,47598,2024-10-11
C2908633,Jasmine,Aguilar,1975-08-03,Other,889.753.2051,jmorrison@example.org,U.K.,Ramosside,28258,2024-08-24
C4143552,Jeanette,Ramsey,1999-11-01,Other,2003490041,schultzmartha@example.org,UK,Waynechester,51117,2023-03-27
C8748042,Morgan,Howell,1954-01-15,Other,4627266058,chase91@example.net,United Kingdom,Teresamouth,80954,2023-08-24
C7133181,Faith,Young,Tomorrow,F,+1-569-896-2594,jason05@example.org,England,Gonzalesland,57744,2023-12-31
C5584321,Meghan,Hansen,1951-05-13,M,885-358-4543x799,beth22@example.com,United Kingdom,Rangelfurt,68821,2022-12-18
C7806166,Erin,Pope,1952-11-24,M,507.900.2175x2014,hhicks@example.com,GB,West Daniel,75414,2021-09-07
C1207580,Richard,Vasquez,1988-09-06,F,+1-887-683-1676x1496,masseynathan@example.org,U.K.,Lake Amberville,35166,2026-03-03
C1104610,Patricia,Martinez,1938-05-31,Other,312-555-2258x8858,vsmith@example.net,England,South Pamela,10436,2023-09-01
C2539581,Daniel,Williams,1968-02-14,Other,001-636-929-3767,michaelrodriguez@example.net,England,Douglasside,58598,2022-11-28
C8453595,Erin,-,1948-08-03,Other,(245)319-8834x6883,elizabethdrake@example.org,United Kingdom,Port Samantha,92697,2021-11-27
C8130978,Heather,Adams,1952-05-23,M,972.533.7314x1460,kristen50@example.com,GB,Wangberg,26154,2024-02-03
C5064644,Elizabeth,Howard,1943-09-03,Other,-,amyallen@example.com,UK,Russochester,75339,2021-11-01
C2287630,Christopher,Taylor,1972-05-08,M,377-839-7911x64786,navarroashley@example.net,GB,New Amandachester,01684,2024-01-28
C6746490,Justin,Smith,1971-04-18,F,(364)461-9924,amandawillis@example.net,U.K.,New Angelamouth,98897,2023-08-19
C2742606,Matthew,Palmer,1972-08-12,F,+1-388-251-6860x45409,swood@example.com,GB,Jenniferstad,56681,2023-04-05
C2325517,Pamela,Flores,1955-02-25,F,(684)710-8392,kevingriffith@example.net,U.K.,North Kimberly,90331,2023-03-01
C384592,Pamela,Vaughn,1974-08-21,NULL,573.225.1617,maxwellsylvia@example.net,U.K.,New Phillipland,98973,2022-02-17
C5283495,Stephanie,Shaw,1974-05-09,Other,2603323291,lynn41@example.net,GB,Lake Elizabethton,04421,2025-05-31
C1217745,Brianna,Villanueva,2002-07-28,F,001-438-504-1934,fwest@example.org,UK,South Barbara,11147,2022-01-09
C5035555,Blake,Hayes,1973-08-16,Other,(695)439-3636x795,wolfbrandi@example.net,United Kingdom,Michelleville,95355,2022-01-27
C8844756,Katelyn,Green,1945-09-30,Other,992.935.7739,farmersarah@example.com,U.K.,Ashleyborough,08755,2023-08-23
C8494648,Erica,Browning,1943-10-21,Other,001-543-527-9011x3516,mary68@example.com,U.K.,Gardnermouth,11994,2022-12-23
C5099545,Gerald,Dyer,1999-03-11,NULL,9209450804,campbelljesse@example.org,U.K.,Davidburgh,92055,2025-01-26
C7047542,Matthew,Smith,1981-11-08,F,3084235182,langrichard@example.com,GB,Lake Hollychester,43017,2022-02-02
C3501636,Veronica,Higgins,1986-03-06,NULL,541-636-6817x88660,woodthomas@example.org,United Kingdom,Williamsfort,28650,2022-01-18
C5007449,Jason,-,2000-02-05,Other,523.898.7751x3288,mark95@example.net,GB,Jacobstad,94532,2025-12-12
C3979153,Charles,Walker,2008-01-08,Other,868.681.8626x0657,ohuff@example.com,U.K.,Snyderburgh,66892,08-24-2023
C3897535,Craig,Taylor,1956-10-20,NULL,992.432.3572x416,randallnelson@example.net,U.K.,Meyerland,52401,2023-08-20
C9341788,David,Butler,1981-05-08,F,559.846.2272,fmccoy@example.org,United Kingdom,South Jennifer,33467,2026-07-24
C9474334,Kevin,Jacobson,2002-11-01,NULL,001-964-895-8401,xbrown@example.org,United Kingdom,East Teresa,22293,2026-03-11
C1654976,Jason,Pierce,1975-06-24,F,(763)516-2361x769,nknight@example.org,UK,Kennethland,73080,2025-06-16
C3586000,Corey,Shaffer,2005-05-22,M,001-861-384-4988,rochakayla@example.net,England,South Paulstad,10949,2023-11-12
C6316957,Justin,Nguyen,1996-05-27,Other,001-961-819-7749x3298,martindeborah@example.net,U.K.,Markstown,69714,2025-12-12
C2953650,Amy,Townsend,1963-04-17,F,2536602348,johnwillis@example.org,U.K.,Loweryview,36655,2025-12-21
C4694823,Henry,Chavez,1999-02-04,F,788.674.9769x06434,amanda38@example.org,United Kingdom,North Jennifer,29320,2023-12-04
C1418519,Francisco,Thornton,1969-05-22,NULL,+1-834-911-6150,mhoffman@example.net,England,Sandraville,77201,2022-12-12
C6625388,Elizabeth,Powell,1963-09-21,NULL,+1-915-618-8536x8422,jasminemejia@example.com,United Kingdom,Port Reginamouth,32082,2021-11-26
C7944930,Pamela,Pitts,1989-01-21,M,975.776.5453,philliprogers@example.com,GB,East Julieland,90880,2024-08-19
C9260143,Natalie,Fischer,1983-04-28,F,7296436395,johnsonjessica@example.com,England,Donnaberg,11224,2023-01-14
C1078047,Jeffery,Morales,1968-02-05,Other,354.430.8092x178,amber18@example.org,United Kingdom,Hannahchester,61750,Tomorrow
C9858770,Yolanda,Clark,1977-01-18,Other,001-523-684-4219x646,rosskaren@example.org,GB,Ramirezmouth,23713,2021-09-08
C3664582,Renee,Newman,1988-07-12,Other,001-281-484-3964x159,wjones@example.org,England,Burchtown,53660,2022-10-04
C7436893,Angela,Mcdaniel,1951-10-31,F,849.231.1971x0458,tabithaburnett@example.net,GB,East Johnhaven,48944,2025-11-16
C9511768,Adrienne,Huffman,1989-05-05,NULL,850.254.0431x8196,steelechristopher@example.com,GB,Craigside,24651,2025-05-10
C4521874,Keith,King,1992-04-18,F,935-285-7509,samuelmoss@example.org,GB,Lake Linda,04248,2024-09-05
C9592046,Alexa,Strickland,1952-01-14,F,235.479.0716,robertguzman@example.org,GB,North Shawn,70247,2024-06-07
C8279275,William,Nash,1963-04-13,M,706.781.2382,mallory81@example.net,U.K.,Woodfurt,84974,2025-03-09
C3411113,Jonathan,Arnold,1999-09-30,NULL,(500)622-2625x22921,foleyluke@example.net,U.K.,Garciachester,41542,2024-01-06
C7752537,Victoria,Valencia,1971-07-22,F,,maldonadochelsea@example.com,UK,North Felicialand,58206,2023-05-28
C4506213,Brett,Rivera,1968-09-05,NULL,-,acowan@example.org,England,West Andrewfurt,40617,2021-11-11
C1436306,Anne,Cameron,1965-10-10,NULL,294-738-0425x1731,cassandramcfarland@example.org,England,Georgefurt,13056,2026-06-26
C5957655,Vanessa,Thompson,1936-06-01,F,583.912.7580,mcbriderobert@example.net,United Kingdom,North Emmaton,72109,2022-04-15
C3756313,Brianna,Wu,1937-03-21,M,(826)334-6001,nicholasarias@example.com,United Kingdom,Mollyhaven,58640,257507021
C5168147,Gavin,Ferguson,1988-02-08,NULL,492-210-3637,johnsonandrea@example.net,GB,Briannaborough,21847,2026-02-24
C3890035,Johnny,Alvarado,1967-06-13,Other,NULL,michaelmeyer@example.net,England,South Carol,35585,2024-10-17
C4797508,Lawrence,Mcdonald,1994-12-09,NULL,446.316.7125,vwade@example.org,UK,North Jose,53013,2025-04-14
C2819746,Collin,Davis,1952-05-20,Other,+1-981-431-5676x7190,james10@example.com,GB,Jenniferport,91078,2025-08-21
C4801578,Christina,Wright,2007-08-23,F,001-495-480-7501,jessica75@example.net,UK,Wagnertown,76236,2024-08-29
C5186995,Cindy,Rich,1947-02-23,F,955.828.2292x299,brennanariel@example.com,United Kingdom,North Juliechester,62900,2024-09-24
C2558767,Patrick,Green,1990-10-08,NULL,001-706-883-3601,pperez@example.com,England,Port Rebeccaport,53212,2024-11-24
C6232231,Tanya,Jensen,19800307,Other,3404872796,gregory32@example.org,GB,Kellyfort,15605,2023-03-24
C1661711,Angela,Blackburn,1964-01-10,M,992-916-4681x4617,johnjackson@example.net,England,Lake Debraton,73649,2022-01-22
C555060,William,Fuller,1966-10-08,M,001-338-691-2122x0309,julieward@example.net,UK,Markstad,37894,2026-04-06
C4543060,Michelle,Williams,1940-07-25,F,748.714.6696,smithamanda@example.com,UK,Haynesport,11524,2025-06-30
C734307,Maurice,Levy,1970-08-12,F,599-342-7183,millsmichael@example.org,United Kingdom,Moraleschester,68008,2023-04-12
C7803525,Patricia,Fischer,1957-11-07,NULL,417-669-2749x2200,ericreed@example.org,UK,East Shawnhaven,09052,2024-06-28
C2765517,Michael,Nguyen,1938-05-09,Other,001-463-861-0035,christopherschroeder@example.org,England,Masonshire,72706,2022-01-31
C503090,Nathaniel,Malone,1963-11-19,Other,001-747-381-3052x17308,matthewselaine@example.com,GB,Hendersonside,95305,2024-02-25
C3746901,Bruce,Dennis,1943-01-11,M,001-432-583-7036,qcooper@example.com,U.K.,Lake Jonathan,14636,2021-09-16
C3250259,John,Cline,1967-05-15,Other,903-374-1705x1507,jessicawoodard@example.net,England,Jenkinsview,60819,01-07-2024
C4730150,Ashley,Ellison,1980-12-20,NULL,6134193389,anthonycarlson@example.com,U.K.,Lake Scott,07829,2026-05-13
C3942130,Mark,Campbell,1977-11-01,NULL,2339068245,jeffrey35@example.com,England,Robertsonstad,51010,2024-10-03
C7302344,Heather,Faulkner,1972-12-23,F,001-951-415-3255x6074,matthewrhodes@example.com,UK,Washingtonchester,58649,2022-06-18
C2220435,Ashley,Arnold,1979-11-11,Other,001-311-566-0980x181,cindy62@example.com,England,Fraziershire,50470,2024-05-17
C6987032,Carrie,Carlson,1941-07-07,M,(938)490-2457,melissaschroeder@example.com,England,Melissaside,24380,Yesterday
C5487647,Michele,Jenkins,1943-06-24,F,785.219.8038,cohentamara@example.com,U.K.,Lake Williamchester,88821,2024-01-23
C3152900,William,King,1948-05-02,NULL,606-337-4165,joe68@example.org,UK,Gonzalesshire,62863,2026-03-18
C4971093,Christopher,Cabrera,1993-10-22,F,001-988-576-4165x216,rmiller@example.org,GB,Ericafort,90218,2022-03-29
C9161334,Christian,Richmond,1992-09-27,M,210.595.5765x3130,lutzjason@example.org,UK,Nicolasland,03364,2024-10-30
C9672015,Debra,Riddle,1986-08-26,Other,001-757-227-3048x5512,fsnyder@example.org,UK,Port Brianbury,20420,2025-11-16
C3128180,Eric,Martin,2002-03-25,Other,(259)604-9329x5985,sherry01@example.org,United Kingdom,Lake Lisahaven,75843,2021-09-15
C2588139,Tina,Solis,1987-05-01,Other,001-292-598-4266x446,mario75@example.com,U.K.,Oscarville,75166,2021-09-05
C7501275,Stephen,Acevedo,1994-10-17,Other,262-777-2442x3662,asmith@example.com,England,South Benjamin,15161,2022-10-30
C1197606,Lori,Long,1999-12-04,Other,286.280.2809,thowell@example.net,U.K.,Fuentesborough,92593,2023-10-06
C8553936,Ronald,Fowler,1990-02-02,Other,001-455-361-4555x435,mcantrell@example.com,United Kingdom,Lake Jesuston,15052,2026-03-17
C8592944,Tanya,Hudson,1982-05-07,M,386.615.5875x72594,sarah71@example.org,England,Port Jenniferhaven,58978,2024-09-04
C9260903,Don,Wood,1937-11-07,Other,503.233.0191x8664,cmeyer@example.org,U.K.,Hardybury,60104,2025-03-02
C5439624,Kathryn,Garcia,11-23-1983,M,001-778-342-7065x2684,hoovertrevor@example.org,England,Brendahaven,28339,2026-07-30
C46966,Eric,Johnson,2004-08-01,F,001-388-603-4491x720,aschwartz@example.org,GB,Stephaniemouth,52033,2023-01-29
C4498510,Jeremy,Smith,1992-05-21,M,340.668.7240x9414,moorepatricia@example.org,UK,Karenchester,63160,2022-01-11
C6684553,Unknown,Chang,1966-08-21,NULL,(499)453-4381x013,tracey71@example.com,GB,Wagnershire,14420,2023-02-09
C749278,Ronald,Powell,1962-08-02,NULL,001-367-792-8770,thomasbell@example.com,United Kingdom,Smithhaven,25445,2021-09-29
C967001,Lori,Benton,1965-09-25,Other,001-814-234-7632x7645,wwheeler@example.net,GB,South Janet,79331,2025-09-05
C6819114,Bradley,Curtis,1949-08-14,Other,+1-710-564-4294x996,hilltiffany@example.org,UK,Robinhaven,45247,2025-03-08
C5259302,Jonathan,Wheeler,1950-11-25,NULL,(225)483-3544,jonathonjames@example.org,U.K.,Charleston,21491,2026-07-03
C8034807,Chloe,Schmitt,1987-05-13,M,940-697-6669,cmassey@example.org,GB,North John,06899,2024-04-23
C3242361,Sabrina,Williams,Yesterday,F,+1-358-858-5786x22726,thomasjohnson@example.org,United Kingdom,Lake Anthonyfort,76885,2023-04-11
C6692491,John,Lopez,1941-05-22,Other,211.739.6179x77395,pauljones@example.net,GB,East Abigail,06265,2023-02-22
C6828713,Tonya,Arellano,1999-12-16,F,386-819-4682x1054,bcompton@example.net,GB,West Hayley,59080,2024-08-26
C1532496,Craig,Mclaughlin,1953-05-26,F,001-752-768-7685x7795,qmathis@example.com,GB,West Matthew,33511,2022-06-30
C5949485,Troy,Hawkins,1969-09-24,Other,6974288113,alvaradojoshua@example.net,United Kingdom,New Douglas,22670,2025-11-05
C6750849,Shaun,Griffin,1999-11-04,NULL,+1-355-347-3365,ellisregina@example.org,England,Phillipsview,42757,2022-02-25
C8278040,Jeffrey,Cook,1939-09-23,M,(584)284-3988x377,powelltommy@example.org,England,North Matthewville,72612,2021-08-21
C7301201,Ronald,Patel,1987-11-23,F,001-838-361-1773,gina66@example.net,United Kingdom,Port Matthew,19695,2022-07-23
C6217937,Susan,,1960-03-16,Other,(724)769-7121x1208,kenneth26@example.com,England,New William,77997,01-02-2025
C3359838,Bailey,Rodriguez,1988-01-31,F,+1-403-690-6627x0211,ywhite@example.net,UK,Lake Daniellebury,07438,2023-06-08
C8488782,Wendy,Fletcher,1979-08-04,M,(990)324-2642x924,johnsoncalvin@example.com,England,North Amber,38689,2022-08-29
C9395081,Mary,N/A,1974-01-14,F,807-639-9439,reginald62@example.net,England,Christymouth,84537,2024-03-06
C6773966,Ebony,Weber,1982-05-20,Other,+1-939-239-5906,robertmartin@example.org,GB,Brittanybury,72803,2023-03-22
C5850272,Jennifer,Carlson,1937-05-15,NULL,001-678-335-8602x197,sierrasanchez@example.net,England,Catherinebury,57202,2025-11-17
C5928319,Mandy,Santos,1948-04-30,F,001-480-580-7642,jack82@example.net,GB,Bobbyburgh,71732,Tomorrow
C687926,Donna,Garcia,1971-08-28,NULL,670-592-2986x8824,fbradley@example.net,England,Sanchezchester,27501,2026-07-19
C4159560,Unknown,Thompson,1952-05-25,F,5752409805,kwelch@example.net,UK,Smithhaven,28736,2022-12-29
C5169672,Tamara,Wagner,1948-04-23,NULL,(750)763-9527x415,psmith@example.org,United Kingdom,Nicoleberg,02306,2025-09-11
C2687427,Richard,Howell,1957-10-24,Other,587.511.6956x32180,williamsryan@example.com,UK,Lake Wanda,46186,2026-03-23
C8471862,Michelle,,1954-09-08,F,886-269-3144x92487,jamesnelson@example.org,England,Ramirezbury,80340,2024-04-26
C442948,Brooke,Collier,1964-05-19,M,350.369.2994x62001,monique49@example.com,United Kingdom,East Jenniferfort,01649,31/10/2022
C7546153,Sarah,Wood,1993-07-01,Other,5857582427,craigmarquez@example.com,England,Port Laurentown,84082,2025-03-21
C5432231,Cameron,Clark,1940-08-31,F,(888)743-3424,egrant@example.org,GB,New Molly,64461,2023-08-09
C2194777,Gary,Singleton,1967-03-28,F,432.542.2466x18196,john00@example.com,United Kingdom,North Kevinburgh,92045,03-28-2025
C4826056,Tony,Rivera,1954-04-22,NULL,(916)775-4461x895,lloydcharles@example.net,UK,Lake Kevin,98737,2023-11-06
C4015360,Heather,Mccoy,1994-07-30,NULL,(996)984-0488x99398,ymoore@example.com,UK,Deborahborough,96351,2022-05-09
C443291,Abigail,Valenzuela,1968-02-18,NULL,747-498-4104x1490,jessicalarson@example.com,U.K.,Ashleychester,96392,2024-10-25
C2794523,Tabitha,Barnett,1991-03-16,NULL,724-775-0385x438,angelafoster@example.com,UK,South Michelle,99076,2025-08-05
C595457,Laurie,Martinez,1953-12-20,M,666.261.8585x317,brittanyweber@example.net,UK,Mckeehaven,36989,2022-03-22
C6013921,Christine,Madden,1951-10-15,NULL,(302)917-4463x506,caroljohnson@example.com,United Kingdom,Aaronmouth,14709,2023-11-25
C7831785,Melanie,Wilson,1944-09-28,M,2192932558,yatesbryan@example.com,UK,Yeseniaside,73831,2023-02-27
C3499745,Natasha,Hart,1967-03-09,F,605-661-6796,dale15@example.com,UK,West Sarah,74582,2025-11-06
C6349117,Joseph,Williams,1977-03-19,NULL,517-921-5410x56166,bradley03@example.org,U.K.,Lake Randy,85931,2024-04-14
C8542246,Cory,Summers,1936-02-10,M,(466)342-5332x4838,toddjay@example.net,England,West Erikaside,55753,2025-07-17
C5889322,Judy,Cruz,844241741,F,671-382-1776,zfinley@example.org,UK,West Jeffreyland,12159,2025-06-15
C437721,Mark,Jackson,1961-04-16,M,758-791-9719x1848,pkeller@example.net,England,South Carl,72199,2024-11-29
C2583643,Amy,Coleman,1976-07-31,NULL,2579876746,markdudley@example.com,England,Bellville,88848,2022-04-29
C3080515,Daniel,Smith,2007-02-18,F,(309)263-9489x476,monicaperez@example.org,United Kingdom,Espinozaville,73040,2023-11-20
C9650794,Diana,Campos,2002-07-27,M,+1-348-767-5381x8444,crystal03@example.net,England,Christinabury,11542,2023-06-20
C3444383,Emily,Paul,1950-07-09,M,(519)683-4923x8153,dknapp@example.net,UK,Jillhaven,01972,2024-02-04
C9365593,Adam,Miller,1990-08-16,NULL,324.266.9118,sheilaortiz@example.net,England,Lake Tiffanyfurt,20696,2025-12-17
C4802335,William,Jones,1979-12-11,M,476.452.2366,nsmith@example.net,GB,Elizabethstad,58912,2026-08-02
C1594858,Jacqueline,Patterson,03/09/1992,NULL,263.594.3371,xboyd@example.net,England,North Ethanton,69327,2022-08-14
C4442230,Curtis,Warner,1967-08-10,Other,+1-406-352-9191x75980,flawson@example.org,GB,Julieview,02078,2024-09-18
C2684241,Ashley,Beasley,1945-12-07,F,(215)866-0271x76136,hpeterson@example.org,England,East Kelly,66781,2024-08-31
C5347553,Lauren,Lloyd,1987-03-21,F,+1-620-650-9024,fcastaneda@example.com,United Kingdom,Audreytown,08475,2023-12-08
C268562,Johnny,Miller,1967-07-09,Other,5944080488,ilarsen@example.net,U.K.,Bethtown,19197,2026-03-28
C6414013,Luis,Santos,1990-11-07,Other,+1-207-637-7580x30329,jsparks@example.net,United Kingdom,Kimberlyville,87324,2024-12-09
C2528810,William,Parker,1963-01-27,NULL,244.635.2411,michaelward@example.org,United Kingdom,North Michelle,64421,2021-12-27
C5539236,Keith,Herrera,1936-07-13,M,521-996-6904x9872,jonathanpotts@example.org,UK,West Juanport,48563,2025-05-13
C1507350,Daniel,Cole,1951-05-04,F,9175986258,debra68@example.net,England,Rivastown,61817,559882335
C5547958,Seth,Jensen,1972-09-19,NULL,653-792-4412x72062,kim96@example.net,United Kingdom,South Jason,04138,2024-02-24
C8360498,Eric,Perez,2001-04-07,Other,755-694-0595x687,lbeltran@example.org,United Kingdom,Donaldfurt,00999,10/11/2022
C7830253,Brad,Martinez,Tomorrow,NULL,888-625-9361,maxbates@example.com,GB,West Isaiah,62954,2023-07-07
C3027917,Stephanie,Allen,1973-12-03,F,410.212.2244x062,gailhernandez@example.org,GB,New Jimmyville,37897,2024-02-10
C6884862,Samantha,Hunt,1983-10-27,M,359.570.0202x402,randall48@example.net,GB,Julianland,03504,2021-09-27
C4820310,Melissa,Rogers,1995-03-20,F,(749)513-9934x0233,michelle57@example.org,GB,Christineshire,19096,2022-11-29
C7137215,Barbara,Chambers,2004-12-11,Other,535-242-7868,williamarellano@example.net,United Kingdom,Bondhaven,42374,2024-12-09
C7439774,Kristen,Greene,1995-08-19,F,474-235-7712x688,luis89@example.com,GB,South Robertchester,07793,2022-11-16
C4831738,Kaitlyn,Lowe,2008-02-28,M,465-418-3024,sparker@example.com,U.K.,South Melissahaven,93816,2024-12-08
C827632,Shannon,Mcgee,1996-06-07,F,323-363-8795,gwaller@example.org,United Kingdom,East Paigeview,39259,2021-08-09
C1861916,Susan,West,1972-01-15,NULL,(901)795-6384,mmoreno@example.com,United Kingdom,North Allisonshire,94480,2022-12-15
C7283702,Ricky,Dixon,2002-06-22,M,204.740.0520x6446,brittany48@example.com,UK,Lake Roytown,86165,2025-01-03
C3640497,Jenna,NULL,2007-09-11,NULL,+1-848-630-2452x74666,floreselizabeth@example.net,UK,Scottland,47115,2023-07-27
C6348858,Laura,Peck,1994-06-07,Other,+1-760-579-9102x254,plogan@example.org,United Kingdom,North Wandaport,18277,2023-02-27
C8324125,Kelly,West,1948-09-22,NULL,9376805267,dustin02@example.net,United Kingdom,South Jamesville,15030,2024-12-14
C8104562,Dean,Jensen,1943-09-10,Other,630.998.6889x03748,griffinbecky@example.com,UK,East Mathewhaven,18339,26/07/2022
C68768,Tina,Walton,1953-05-23,NULL,(824)723-2696x062,hawkinswilliam@example.org,UK,West Laurenland,24178,2026-03-12
C9546423,Troy,Clarke,2007-10-15,NULL,3917421917,kellygross@example.com,England,Williamsfurt,88572,2026-02-12
C9351837,David,Douglas,1970-11-29,F,260-299-8419x0337,mark82@@example.net,U.K.,Port Kevin,39506,2025-01-27
C8518203,Jeremiah,Little,1990-07-05,M,359-711-4533,virginia43@example.org,England,Jonesfort,77877,2023-04-29
C4417747,Mark,Chavez,1999-10-29,F,9356638420,cbarajas@example.con,U.K.,Danielleburgh,86300,2022-02-02
C7270866,Bailey,Mann,1999-02-28,M,(717)703-7370x16421,catherinegonzalez@example.com,UK,Lake Lindaton,34569,2022-05-09
C9304630,Barbara,Villanueva,1979-01-25,M,837.371.3368x4307,andersonbrian@example.com,United Kingdom,Elizabethshire,58086,2023-01-05
C8266990,Julie,Bailey,1989-10-27,F,001-247-405-7955x75954,nsmith@example.org,GB,Ryanburgh,50380,2025-01-10
C6507303,Donald,Pineda,2006-02-22,Other,660.582.0419x7982,taylorkimberly@example.org,U.K.,Annaport,30585,2024-09-29
C6234398,Amanda,Johnson,1954-05-27,F,+1-395-328-2076x604,patelchristopher@example.com,GB,Amyville,05969,2025-01-24
C1915367,Monica,Matthews,1987-07-26,NULL,+1-645-695-0200x525,savageheather@example.net,England,Claytonton,41146,2024-10-03
C8770521,Megan,Robinson,1992-08-29,M,+1-844-230-0142,ebullock@example.net,England,West Angela,64531,2025-08-20
C4321039,Mary,Herrera,19790615,F,212-638-2980x278,amanda32@example.com,UK,Port Rebeccabury,57023,2026-02-07
C895190,Loretta,English,2004-12-30,M,624-872-5685x614,ulane@example.com,England,Lake Jill,14587,2023-06-11
C9892403,Ashley,Pacheco,1986-06-03,Other,+1-338-652-5857x4198,robindavis@example.org,United Kingdom,Nancyburgh,52644,2025-07-17
C3802775,Christopher,Garcia,1968-06-05,F,705-300-7066,bthompson@example.org,GB,Lake Christinastad,27940,2025-11-17
C3466803,Brian,Weber,1983-01-09,F,(708)798-4263,mcooper@example.org,U.K.,South Phillipchester,62420,20220924
C427512,Denise,Turner,1972-09-05,NULL,9934838058,elizabeth98@example.com,England,Port Jennifer,91731,2023-11-03
C1340763,Kevin,Lee,1950-11-13,Other,001-289-613-8219x6739,robert79@example.net,England,Greenborough,80697,2025-08-04
C2999273,Amy,Phelps,1964-07-28,F,772-478-3176x697,bbailey@example.net,England,Perezburgh,90204,2022-05-07
C441155,John,Dawson,2002-08-18,Other,941.241.7358x24603,lynnsimon@example.net,UK,Mcgrathchester,86948,2026-02-14
C9081603,Michelle,Li,1938-03-28,M,566-637-8682x2826,tjohnson@example.org,GB,Port Jenniferfort,79616,2025-06-08
C4793837,Tyler,Rice,1984-03-24,NULL,+1-438-335-3137x793,weissmolly@@example.org,United Kingdom,Harmonfurt,61922,2022-03-17
C2505716,Cory,Thomas,1992-10-26,F,001-887-756-0729x41014,kwalsh@example.com,GB,West Heatherbury,81480,2025-12-28
C5703369,Sandy,Carlson,1994-02-15,NULL,(217)688-9382x283,marybishop@example.org,U.K.,East Kathrynchester,12835,2025-05-28
C8852061,Corey,Smith,1962-05-20,F,Unknown,travisrivera@example.org,United Kingdom,Gonzaleztown,60017,2023-03-08
C1573985,Derek,Martin,1962-07-16,Other,001-421-570-4685,armstrongronald@example.org,England,New Bobbybury,34055,2022-03-03
C8976794,Caitlin,Porter,1940-02-01,NULL,9359704876,sarajohnson@example.com,GB,Port Jaredton,50769,2022-12-06
C642188,Christopher,Howell,1982-06-25,F,(903)321-1726x4314,nicholas91@example.com,England,New Curtis,24552,2024-07-01
C2340086,Frank,Norris,1980-05-20,M,266.473.2972x73831,veronicamorris@example.net,England,North Jackville,12993,2025-03-09
C5654451,Wesley,Andrews,1948-09-09,F,(824)206-0620x060,danielspencer@example.net,United Kingdom,Wesleyview,09935,2024-09-24
C4875645,Amy,Perry,1945-09-13,NULL,797.234.4247,thomashayes@example.net,U.K.,East Daniel,02185,2023-12-06
C377571,Gail,Smith,2002-02-18,NULL,+1-448-973-0835x56099,emma81@example.org,United Kingdom,South Mariaview,75986,2024-09-13
C3358927,David,Garcia,1978-07-24,Other,001-799-533-1666x318,zunigabrian@example.net,England,Jonstad,73628,20260605
C7377322,Emily,Lewis,1983-05-14,NULL,(806)341-9357x96898,kimberlyreed@example.net,England,East Megan,82838,2023-01-17
C8849452,Anthony,Cuevas,1981-02-15,NULL,7395220267,ywood@example.com,U.K.,Hamiltonhaven,59804,2026-03-09
C5784228,Andrea,Taylor,2001-11-29,NULL,589.855.4312,brenda84@example.net,United Kingdom,Lake Williamstad,61709,2024-01-10
C466935,Courtney,NULL,1943-12-19,F,514.512.6049x8989,charlesmerritt@example.net,England,Lake Brittney,66197,2024-10-16
C5568589,Regina,Clarke,1977-07-04,F,699-610-6918,ginaflores@example.org,U.K.,West Kevin,47134,2024-10-19
C3579400,Brittany,Cochran,1954-11-19,F,+1-661-867-0254x7551,david79@example.org,England,Marshside,28157,2023-02-06
C3418594,Ashley,Lee,1972-12-20,M,214.509.1349,blanchardbarry@example.net,United Kingdom,East Coltonburgh,95245,2022-01-25
C6288902,Kyle,Levy,1981-08-08,M,(472)978-1131,jerryskinner@example.com,UK,East Danamouth,56150,2022-09-20
C4055354,Donna,Wilson,1971-07-22,F,(845)738-6732,jeremy52@example.com,U.K.,West Reneemouth,10404,2023-08-21
C1249981,Ashley,Estrada,1962-09-10,M,464.395.4756,randerson@example.org,U.K.,New Jessica,06920,2023-03-29
C5365407,Katherine,Sharp,2001-09-21,NULL,594-528-0552,riveracynthia@example.net,United Kingdom,Lake Branditon,17662,2024-04-24
C3401773,Wesley,Pineda,1936-09-16,M,680-463-7847x18281,buckjoseph@example.org,U.K.,East Jesse,06306,2026-04-09
C1143845,Michael,Smith,22/02/1994,NULL,(805)836-7112x9703,susanbecker@example.org,U.K.,Jenniferburgh,83561,2022-04-19
C9293245,John,Sanders,1986-01-05,M,249-763-8045,kennedypeter@example.net,U.K.,Edwardsmouth,35425,2022-05-11
C8991016,Karen,Torres,1956-09-16,M,241-935-5408x29984,franciscoguzman@example.com,GB,Madisontown,53779,2023-03-21
C4065102,Jennifer,Rodgers,1989-11-05,M,N/A,qwilkerson@example.net,GB,South Fredbury,88042,2023-04-23
C4144050,Daniel,Fischer,1950-11-09,Other,960-541-6789x071,wyattcourtney@example.net,United Kingdom,Peterview,83803,2024-04-25
C9735432,Matthew,NULL,2005-03-20,Other,788-372-6751,matthewdiaz@example.net,GB,Poncetown,88962,2022-02-26
C5144734,Jennifer,NULL,1950-08-30,Other,(241)909-2385,wwilliams@example.net,United Kingdom,North Anthonyburgh,52230,Tomorrow
C3777826,Jared,Clark,1997-05-20,F,805.666.4281x0635,sjuarez@example.com,GB,Karinaland,20070,25/07/2026
C945926,Wayne,Russell,1960-01-12,NULL,NULL,lejason@example.com,U.K.,West Mark,74836,2022-08-25
C7207615,Virginia,Rogers,1984-07-31,Other,5757187848,amanda99@example.org,UK,Lake Christinamouth,64699,2026-02-16
C6043022,Karen,Thompson,2007-04-09,M,507-504-2604x9884,ronald25@example.net,U.K.,West Kristen,74712,2023-04-26
C6803996,Angela,Wright,1979-08-31,M,(911)292-0694x7033,wwilliams@example.com,GB,Davidmouth,68221,2025-02-18
C2437774,Kaitlyn,Ramirez,1998-08-15,Other,784-479-6184x86256,esmith@example.net,United Kingdom,Birdfurt,98199,2022-02-07
C5692740,Robert,Mccarthy,1995-03-29,NULL,620.646.4764,rebeccabruce@example.org,United Kingdom,Millerhaven,29800,2024-06-21
C2974571,Peter,Stone,1959-04-13,F,(958)664-0691x6517,lauriethomas@example.com,U.K.,Franciscoshire,90558,2021-09-09
C9347889,Mary,Olson,1965-02-23,M,465.326.3769x8602,barbara59@example.org,United Kingdom,Shawntown,24481,2022-01-09
C8060772,Charles,Freeman,Yesterday,Other,(970)492-8144x442,bhenson@example.com,United Kingdom,Reedville,48130,2026-04-30
C456596,Natasha,Robinson,1964-10-29,M,+1-963-447-0912x6741,elizabeth28@example.com,England,Port Anthony,74190,2026-06-19
C187009,Daniel,Aguilar,1939-09-28,F,534.510.2101x528,jenniferpetty@example.org,GB,East Brenda,62400,2025-05-19
C1368957,Jeffrey,Cortez,1979-02-16,Other,(357)291-7763x694,haley12@example.net,U.K.,West April,83194,2024-03-04
C8496469,Bryan,Williams,1973-12-15,Other,500.715.7583x72329,sarahprice@example.com,GB,Lake Brittney,97448,2025-05-11
C1957858,Amber,Murphy,1953-03-10,M,001-696-403-4525x01771,fgeorge@example.org,UK,West Stacey,33424,2021-10-22
C9708768,Karen,Carrillo,1946-11-27,Other,334.963.0252x13633,cjohnson@example.com,UK,East Nathanton,03043,Tomorrow
C678732,Allison,Ramirez,1991-06-25,Other,+1-365-496-5250x771,garciachristopher@example.net,U.K.,South Philipberg,11486,2022-06-11
C1291099,Kelly,Hester,Yesterday,Other,(672)989-0790,catherine79@example.net,UK,Kristenland,21868,2026-04-30
C8703247,Ronald,Cuevas,1949-04-16,F,001-738-747-7742x887,eruiz@example.com,United Kingdom,Jessicamouth,56053,2023-09-29
C1500674,Cristian,Adams,1976-01-12,Other,001-962-927-5465x5677,bruce50@example.org,United Kingdom,Matthewtown,91544,2025-02-28
C600594,Robert,Brock,1988-04-22,M,595.329.9579,vanessa61@example.org,England,Castilloburgh,76101,2022-08-26
C5480973,Charles,Mitchell,1996-05-22,Other,001-664-849-1869,dlewis@example.com,UK,Lake Katieside,66331,2026-01-16
C7905744,Cory,Sullivan,1965-12-23,NULL,651.564.9829,fgray@example.org,GB,East Joshuashire,25670,2022-05-17
C8591525,Collin,Ortiz,1963-09-04,M,959-480-8421x807,brendareeves@example.org,UK,New Keithside,81234,2023-01-06
C212213,Kenneth,Bender,1939-09-05,Other,952-262-7518x956,kaitlyn69@example.net,United Kingdom,Port Kathrynhaven,13799,2024-01-23
C283299,Kristine,Leach,2000-06-25,F,+1-405-522-0494,whitebrandi@example.net,England,Edwardsville,30117,2024-09-03
C5640102,Heather,Burns,1954-03-25,NULL,997.525.2038x018,michael62@example.org,UK,West Brianmouth,09935,2024-09-18
C2981482,April,Rodriguez,1987-08-21,NULL,300-940-4991x49976,melaniecampos@example.net,United Kingdom,Donnaport,29823,2021-11-10
C738112,Jonathan,Vargas,1964-10-30,Other,(589)593-2341x9219,teresa31@example.org,United Kingdom,South Brendastad,57843,2022-12-03
C8015824,Carmen,Campbell,1974-02-23,NULL,(480)304-1197x62853,saraholiver@example.net,U.K.,Katherinemouth,77564,2026-06-23
C680732,Janice,Sanders,01-20-1970,M,001-751-480-8656,sberg@example.net,England,East Michaelborough,61463,2025-05-02
C1397947,Michael,Figueroa,2005-08-24,F,(255)640-1578,davidlong@example.net,England,Franklinfurt,91840,2025-09-11
C3262216,Ashley,Cuevas,1947-11-29,Other,+1-634-284-3751x3328,ethananderson@example.org,GB,Wendyberg,21695,2025-01-17
C9013591,Kevin,Brown,1961-01-06,Other,(919)408-7829x097,orozcocraig@example.org,UK,New Lisastad,28545,2023-04-20
C8556607,Cindy,Hamilton,1946-08-08,NULL,682.552.8631,yvelazquez@example.net,United Kingdom,Port Jonathan,16675,2023-08-11
C4506099,Brendan,Patel,1993-04-05,F,793-447-0357,julie66@example.com,England,Moyerberg,37505,2024-12-13
C6100878,Tammy,Cox,1968-02-23,F,+1-904-582-6649,huffanne@example.com,UK,North Sharon,45129,2024-05-08
C8787548,Eric,Wilson,1981-11-15,NULL,457.796.1730,katielewis@example.com,GB,Port Seanborough,16381,2024-06-25
C3927444,Richard,Stevenson,2005-04-22,M,+1-659-662-0129x74109,stephanie08@example.com,England,Bernardchester,24415,2023-03-06
C9407701,John,Miller,1987-10-28,F,001-325-424-2192x584,kennedykathleen@example.org,England,West Manuelhaven,54971,2024-10-07
C9858027,Tyler,Bradley,1942-10-09,F,(700)547-4588x1645,kreynolds@example.org,U.K.,Perezstad,06149,2024-08-26
C8592797,Kristin,Hays,1984-01-19,NULL,417.650.0084,johnhamilton@example.net,U.K.,Maryside,33087,2025-06-07
C7811612,Laura,Wolfe,1958-07-21,Other,001-877-504-2036x855,scott77@example.net,U.K.,East Jeremyside,66489,2024-10-02
C8791566,Erin,Holland,2005-12-17,M,(746)581-1730,mejiaronald@example.org,GB,North Crystalberg,15933,10-27-2024
C3108409,Krista,Bailey,1976-09-05,Other,NULL,joseph19@example.net,U.K.,Port Garyfort,59180,2026-05-28
C5443637,Brenda,Hodge,1992-01-02,NULL,(758)357-8885x194,ryan22@example.net,England,Riverahaven,70408,2026-07-31
C4640348,Anthony,Robinson,1963-05-15,Other,+1-207-957-4230x914,grayjanet@example.com,U.K.,Lake Stanley,60972,2022-03-29
C471971,Heather,Vance,1975-05-02,M,932.855.6739,kim96@example.com,United Kingdom,West Pamelachester,98182,2025-04-07
C8147099,Erin,Brown,1974-08-10,F,(860)485-2075,zjohnson@example.org,UK,Port Amber,61012,2024-06-04
C4735413,Rhonda,Mclaughlin,1945-02-17,F,+1-591-524-0709x68262,ricardo72@example.net,GB,Lake Jason,65510,2022-02-04
C1262851,Katie,Santos,1939-12-18,F,200.220.4842,hrobertson@example.org,United Kingdom,Port Nathan,21765,2024-11-08
C6141436,Luis,Smith,1977-05-01,F,(490)559-4521x355,brooksbilly@example.org,England,Sandrahaven,21280,2025-08-21
C7170024,Brenda,Martin,1943-12-13,M,001-446-846-9326x64539,kimberly36@example.net,GB,East Paulburgh,86891,2023-09-27
C5687919,Alexis,Brown,1959-11-09,M,361-617-6030x417,james15@example.org,England,Jessicaberg,31231,2022-06-28
C2333927,Michael,Johnson,1955-08-21,F,+1-333-628-6206x96878,hannah51@example.org,UK,Ryanmouth,46237,2023-07-15
C8310500,Thomas,Johnson,1988-04-11,M,203-880-0203,ljenkins@example.org,England,North Michaelton,07678,2024-11-09
C5550136,William,Smith,1975-11-18,Other,660-901-5535,ortizjoshua@example.com,GB,East Raymondshire,90011,2023-12-21
C2824836,Calvin,Oconnor,1950-05-11,M,+1-612-735-7831x93710,gburke@example.org,England,South Brendaborough,90433,2022-01-31
C6667602,Deborah,Conner,1958-08-26,NULL,(572)928-0454,petersingh@example.com,U.K.,East Nicole,84661,2024-10-24
C3462318,Jorge,Chan,1969-03-28,Other,412-622-2714x685,lorikim@example.org,England,East Makaylaborough,28077,2023-01-02
C445019,Clinton,Gray,1945-11-07,NULL,861-752-9006x604,david97@example.org,United Kingdom,New Brendan,80239,2026-07-14
C887182,Brenda,-,1954-05-20,Other,+1-637-735-8532x6338,bmyers@example.com,United Kingdom,Andrewchester,76269,2023-02-07
C9339226,Joy,Blankenship,1978-02-26,Other,469-603-2844,danielle22@example.net,GB,Port Wesleyport,15638,2024-11-07
C3270829,Yolanda,Holloway,1976-09-27,F,+1-513-462-6341x6017,yorkmichelle@example.org,United Kingdom,Lake Katelyn,63512,2025-03-25
C4783040,Teresa,Harris,2004-09-07,NULL,(486)654-5996,ronald79@example.org,UK,Ballardmouth,60026,2024-04-19
C2197135,Clinton,Young,1968-04-18,F,522-820-8216,ojackson@example.com,GB,Lake Amy,63375,2024-12-13
C4018074,Elizabeth,Wallace,1977-05-11,Other,9869989664,riveramario@example.net,GB,West Marisa,66637,2026-03-25
C8056253,Tony,Alexander,1977-10-15,Other,001-748-276-9967x25161,salazarjames@example.net,United Kingdom,Caseystad,75103,2026-04-18
C7645150,Samantha,Evans,1963-10-10,M,710-610-0125,iwashington@example.org,England,North Derekberg,27898,2024-03-21
C9558542,Earl,Bowers,1939-08-09,F,8017587135,cross@example.org,United Kingdom,West Timothyport,89488,2024-05-17
C8699727,Gregory,Cole,Yesterday,Other,+1-446-959-8091,christopher56@example.com,United Kingdom,East Johnnybury,07280,2026-01-18
C6901222,Jake,Unknown,1992-04-29,Other,621-867-6464,jgarza@example.net,England,North Sherry,62501,2022-03-14
C3937295,Renee,Stevens,1979-12-25,M,+1-889-994-0641x44980,crawfordjerry@example.org,United Kingdom,Wayneville,17578,2023-04-17
C434832,Bonnie,Chavez,1951-11-29,M,001-447-540-2831,greenmary@example.org,United Kingdom,New Coryview,85067,2023-09-15
C2761949,Corey,Wilson,1945-09-06,Other,001-603-609-6265x21567,mezavickie@example.org,United Kingdom,North Jasonfurt,24108,2026-07-17
C4587881,Kristin,Hunter,1945-05-04,Other,+1-605-835-4677x94042,thompsondustin@example.org,UK,Krystalton,32487,2022-03-04
C513943,Jennifer,Hansen,1977-08-05,F,+1-814-260-8956x94031,jasminebrown@example.org,UK,Jocelynstad,19538,2025-12-15
C2039082,Ashley,Hester,1972-05-20,F,001-817-826-5810,arnoldgregory@example.net,GB,West Donaldburgh,29848,Yesterday
C4270422,Robert,Benton,1989-03-17,NULL,001-334-540-2845x170,wallacejohn@example.org,UK,North Tanner,64491,2022-09-18
C4004951,Joel,Barnes,1997-04-25,M,001-996-645-3758,haaswayne@example.org,UK,New Jessicashire,37065,2023-12-13
C2609700,Elizabeth,Jones,1951-07-20,M,(892)496-5495x896,rogersjoe@example.com,England,Owensstad,51581,2025-07-06
C5076642,Kimberly,Blankenship,1968-09-14,F,633-947-7042x5682,courtneypatterson@example.com,United Kingdom,Bryantburgh,07132,2022-06-24
C3416140,Krista,Drake,1987-09-19,F,+1-405-487-6201x7248,bmartinez@example.org,United Kingdom,East Lisa,61464,2021-08-11
C6017356,Kelli,Miller,1972-10-13,NULL,3583115485,stevenrocha@example.net,England,Wilsonside,46904,2025-06-26
C4067477,Eddie,Anderson,1959-02-03,F,001-463-677-3972x04563,jonesjonathan@example.org,United Kingdom,Port Kimberlyshire,74223,2024-06-01
C4769638,Kyle,Soto,1991-09-29,Other,(963)514-7886x96886,jgordon@example.net,England,West Matthew,30095,2024-10-25
C6989599,Stephen,West,1968-10-10,F,+1-313-332-0375x303,flemingwilliam@example.net,U.K.,Hamiltonfurt,59210,2024-12-17
C2112755,Ronald,Stewart,1948-04-07,NULL,+1-818-783-3009x6434,velazquezbenjamin@example.org,United Kingdom,Larsonchester,42687,2021-11-08
C4753568,Mackenzie,Hernandez,2007-10-18,Other,001-987-822-4774,yharris@example.com,GB,New Erin,87007,2024-05-10
C6569147,Ashley,Bell,1939-04-20,NULL,978.366.9057,smithtravis@example.net,U.K.,Rogersfort,71660,2024-04-21
C2238169,Sarah,Snyder,1939-12-23,NULL,(397)312-4401,mweber@example.org,United Kingdom,Jamietown,93402,2021-08-25
C8361782,Kathy,Cardenas,04/03/1992,M,876.893.2508,leedana@example.com,England,Valdezmouth,36980,2022-05-31
C1566329,Jesse,Bennett,1976-10-09,NULL,(732)885-3614,brenda19@example.com,United Kingdom,Lake Alexander,05194,2026-03-24
C2468987,Bradley,Hamilton,2006-05-05,M,(824)983-0841,martin55@example.com,England,New Mark,63799,2026-04-04
C9839907,Robert,George,1983-09-30,F,591.378.7390x669,hutchinsonwillie@example.net,United Kingdom,Youngside,38710,2022-08-15
C6275069,Maria,Johnson,1963-08-24,M,756.841.9640,amberpayne@example.org,GB,Kelleybury,01806,2026-04-16
C6133294,Taylor,Stephens,1947-09-08,M,(566)454-4061x83523,traciehaley@example.org,England,Lake Edwardstad,14724,2024-08-23
C5029528,Rebecca,Stewart,1988-09-08,Other,398-621-5891,matthew68@example.net,GB,Lake Valerie,15329,2026-01-20
C106807,Lisa,Smith,2005-07-30,NULL,001-916-690-6192x916,emilyduran@example.com,GB,Edwardsshire,20813,2026-05-07
C5347121,Justin,Blevins,2005-09-29,M,500.482.3954,bcox@example.net,United Kingdom,New Meganhaven,13446,2024-02-17
C1271830,Cody,Greene,1951-11-29,Other,213-569-8263x3311,brandonwalker@example.com,England,South Melissafurt,62179,2024-05-30
C515146,Ruben,Alexander,1962-04-22,M,001-507-556-0891x103,zrodriguez@example.net,United Kingdom,Alexandrastad,75092,2025-02-04
C6581918,Douglas,White,2005-02-08,M,822.814.0939,burnettsamantha@example.com,England,East Michaelmouth,04337,2023-09-30
C428845,Kevin,Mills,1946-05-05,NULL,238-373-7107x288,nadams@example.com,United Kingdom,Garzaside,07741,2025-10-03
C9396061,Brian,Smith,1957-08-13,NULL,659-520-8202x41208,freemanlisa@example.net,United Kingdom,Lake Thomas,59323,2023-01-11
C5939982,Colleen,Peterson,1940-12-01,Other,7847982466,frank45@example.net,GB,Scottfurt,38420,2025-07-17
C228589,Michael,Taylor,1961-03-18,NULL,+1-481-299-0067x105,gerald60@example.com,England,New Peter,26973,2024-08-06
C1486959,Christopher,Adams,1954-02-07,Other,(542)779-9394x6447,mendezrebecca@example.net,U.K.,New Patriciafort,45918,2024-12-24
C9538309,Lauren,Jones,1939-11-19,Other,895-929-3352x29494,baileymarilyn@example.org,UK,North Peter,22864,2023-10-05
C6009572,Mitchell,Jones,1999-10-07,NULL,(997)801-2456x40628,grahamphillip@example.com,UK,Ronaldfort,51126,2023-09-18
C9334720,Jerry,Hughes,1948-10-06,Other,+1-534-232-7613x573,taylorashley@example.org,UK,Smithside,57292,2023-09-07
C7764181,Rodney,Watson,1981-10-26,M,500.591.0231x59504,droberson@example.org,GB,Chadland,97302,2024-02-04
C4021213,Ashley,White,01-03-1952,F,(456)751-2646,regina21@example.net,United Kingdom,South Angelaview,14541,2025-10-05
C5195706,Melissa,Gutierrez,1967-03-01,F,429.508.6515x3126,shirleyhawkins@example.org,United Kingdom,East Chase,14062,2024-03-02
C7317318,Andrew,Kirk,1992-06-20,NULL,+1-434-611-6217,tiffanymatthews@example.com,England,Smithside,09400,2024-05-02
C3481993,Elizabeth,-,1979-05-11,M,,juliejenkins@example.net,United Kingdom,Kimtown,92124,2024-06-09
C8344441,Timothy,Crawford,1958-05-30,NULL,(958)980-4705,david77@example.net,United Kingdom,West Jackbury,18275,2026-06-19
C9922610,Joseph,Lane,2005-02-16,F,491.279.3264x78817,ustevens@example.net,United Kingdom,Julieport,64942,2022-07-27
C1720477,Alicia,Ferguson,1940-08-08,Other,,thomas15@example.net,England,Carterborough,79703,2024-06-12
C3590381,Kristin,Taylor,1942-01-05,NULL,368-207-3729,dbradley@example.com,United Kingdom,Salasmouth,57872,2022-02-14
C7298664,Meagan,Hernandez,1964-10-07,Other,001-878-783-9520x51269,rachel90@example.net,United Kingdom,New Kimtown,74411,2022-06-08
C8752498,-,Munoz,1963-05-07,M,840-695-2828x7810,frederickneal@example.com,United Kingdom,North Justin,51890,2021-11-08
C3127581,David,Henry,1990-09-12,Other,(329)626-9276,heatherwong@example.net,United Kingdom,Jacobville,37537,2025-03-09
C2751770,Tony,Thompson,1963-04-26,M,(669)989-0280x1757,shannonyang@example.net,England,North Jennashire,18606,2025-11-30
C622652,Jessica,Diaz,1974-03-23,F,+1-838-712-9078x204,erikbryan@example.org,United Kingdom,New Danielmouth,71634,2023-11-08
C7790629,Sabrina,Kelley,1949-06-03,M,+1-464-331-7581x9451,billyanderson@example.com,U.K.,West Jamiemouth,26426,2021-09-08
C5875822,Michelle,Hall,1969-12-24,NULL,+1-434-994-2574x1962,mphillips@example.net,GB,Josephville,19396,2025-02-23
C2854201,Luke,Mckinney,1989-11-05,NULL,NULL,edwardsmatthew@example.org,United Kingdom,South Philip,76326,2024-04-26
C3581847,Brian,Johnson,1998-01-02,F,837-257-5727x44359,marissa11@example.net,UK,Lauraburgh,04572,2022-09-05
C7262011,Mary,Diaz,1956-10-08,M,381.333.8997x55853,mikeblackburn@example.net,GB,Lucasville,59262,2022-08-31
C4254894,Devin,Pierce,1962-04-04,Other,8655348505,tjohnson@example.com,UK,Port Cassandra,84382,2026-07-15
C2987870,Michael,Grant,1997-06-28,F,001-563-768-1370x7639,rbrown@example.org,UK,South Jennifer,78777,20210826
C4747079,Daniel,Abbott,1971-02-07,NULL,(357)315-6875x56430,jperez@example.com,England,South Troyhaven,29374,2025-02-12
C6392917,Brooke,Hamilton,1948-11-17,Other,(979)425-7142,austinperez@example.org,United Kingdom,Rasmussenborough,89511,2023-10-04
C1968171,Robert,Torres,2001-10-07,M,5656388657,reyesthomas@example.net,GB,Lake Tammyberg,10083,2023-06-15
C4497232,Kyle,Brown,1976-06-19,Other,725-328-9904x342,michelleyoung@example.com,GB,South Amanda,08513,2023-10-22
C9315736,Mandy,Hill,1998-03-17,F,001-684-378-3993x9675,moorelisa@example.org,GB,Robinsonmouth,84687,2025-02-28
C5058593,Stacey,Bell,1990-05-31,M,001-218-678-3903x3136,hayesaustin@example.org,England,Lake Alejandro,18357,129601636
C1798329,Michelle,Torres,2007-12-28,Other,(870)868-8961x6492,dcortez@example.com,U.K.,Lake Jasonchester,76866,2026-07-06
C2974488,David,Burgess,1960-02-11,Other,677.495.4106,vanessasmith@example.org,United Kingdom,North Ian,75741,2023-10-22
C9019156,Travis,Lloyd,1963-07-10,M,244-392-5090,jwilliams@example.org,United Kingdom,West Christinamouth,00779,2024-09-26
C6544453,Tina,Singh,2007-09-23,F,765.424.2399,shawnnguyen@example.com,U.K.,Huangbury,13074,2024-07-12
C44606,Edward,Dalton,1936-04-13,F,276.799.6479x30570,hedwards@example.net,United Kingdom,Port Tiffanystad,12878,2025-07-09
C8905899,Charles,Smith,1986-08-26,M,(468)947-7636x84441,sharon34@example.com,GB,Lake Peterchester,12713,2025-06-28
C3808271,Gabriel,Hernandez,25/04/1988,NULL,+1-731-419-5824x730,acooper@example.net,United Kingdom,Bradshawshire,80820,2025-07-10
C8087395,Terri,Mckenzie,1973-06-13,F,(266)601-5546x3581,aprilgonzales@example.net,UK,Acevedoberg,01236,2024-01-10
C4376857,David,Burns,1971-05-26,M,(536)782-9379x21420,beverlyluna@example.com,U.K.,Lake Jeremy,38657,20/02/2024
C7434799,Rachel,Chen,19930803,Other,,joseph87@example.org,United Kingdom,Lake Krystalborough,56576,2025-06-29
C6525024,Patricia,Moore,1992-02-13,F,+1-685-746-1777,jeremyray@gmal.com,GB,Andersonton,55455,09-15-2021
C7346773,Jason,Cummings,1995-09-20,M,518-260-8202x01572,janice84@example.net,United Kingdom,Lake Mariaberg,84287,2021-08-19
C7748260,Tammy,Martinez,1977-02-18,M,001-392-762-3316,nburgess@example.net,U.K.,Josephmouth,44613,2025-09-24
C2507100,Amanda,Saunders,1942-01-18,F,424-860-6965,brockharry@example.com,England,Port Ericaview,68059,2025-08-16
C9133729,N/A,Johnson,20051020,NULL,(458)680-8756,brianstrickland@example.com,England,Port Aliciachester,48451,2022-09-03
C6952315,Adam,Macias,2006-11-26,NULL,859-528-6158,heidi94@example.net,England,Jeffreyside,56493,2024-03-19
C2009125,John,Chan,2005-06-23,Other,5542100124,brian22@example.com,United Kingdom,Lake Andrew,85611,2023-10-08
C1599746,Lisa,Acosta,Yesterday,M,7197098933,robert02@example.org,England,West Edwin,57519,2026-06-03
C8569403,Robert,Silva,1977-06-07,Other,001-402-546-4013,michaelvega@example.net,United Kingdom,Alvaradomouth,36811,2026-01-14
C1423914,Jenna,Ross,1961-11-14,Other,(816)897-6266x95789,donald02@example.org,GB,Lake Johnmouth,95917,2025-06-19
C6920472,Ivan,Larson,1987-05-02,NULL,(350)537-7801x636,jerry58@example.org,GB,West Keith,56450,668514042
C5245352,Brandon,Anderson,1996-01-29,F,+1-246-350-6765x835,wperez@example.net,UK,Jeffreymouth,34282,2022-08-30
C5840362,Nathan,Gibson,1966-09-20,M,+1-242-408-3426x90469,michaelwilson@example.org,England,Cochranside,77062,2025-03-15
C5107761,Ashley,Barton,1945-08-15,Other,6744138905,donnalane@example.com,England,Kellyborough,92503,2021-08-19
C5238510,Samantha,Reeves,1942-04-11,NULL,(793)290-3348x3545,jessekline@example.com,United Kingdom,Port Denisefort,60325,2023-10-17
C9120289,Christina,Pierce,1953-03-21,Other,+1-861-679-3818,mendezamy@example.com,United Kingdom,Port Sandra,54305,2021-10-01
C6430311,Matthew,Coffey,1995-03-06,F,+1-240-610-7066x0311,michaelnorton@example.com,England,Sherifort,57014,2022-02-14
C8644450,Benjamin,Flynn,2001-04-18,NULL,287.629.6393x52877,twilliams@example.org,GB,Ryanbury,10535,2022-06-03
C2449708,Anthony,Vaughan,1958-11-02,NULL,(690)362-4007,clyons@example.org,England,East Ryan,75772,2023-09-19
C4977364,Joseph,Jordan,1996-10-31,M,416-365-1304x2544,xsanchez@example.com,UK,South Jason,08257,2024-11-15
C513606,Brittany,Franklin,1983-02-20,F,(549)786-6284x539,bethanystewart@example.com,UK,Williamsshire,21844,2023-07-06
C8302007,Michael,Williams,2003-07-15,M,3235103415,brucecabrera@example.org,U.K.,Wilsonview,14832,2022-10-08
C517680,Jacob,Erickson,2005-01-25,M,4812619693,kristengarza@@example.org,England,New Paulaview,91157,2025-06-18
C5822924,Stephanie,Vasquez,1951-06-11,M,816.894.4805x88392,kyle68@example.org,UK,South Alan,75732,2023-09-10
C9916159,April,Wilson,1965-09-06,F,(496)388-6660,garyhill@example.com,UK,Deannaside,75350,2024-08-01
C3343862,Dwayne,Cabrera,1995-09-20,NULL,472-965-3095,bcross@example.com,U.K.,Johnsonton,71892,2021-10-18
C4695307,Brenda,Watson,1979-03-11,M,702.831.8127,courtney76@example.net,England,West Veronica,84476,2025-03-19
C8655332,Karen,Moses,1967-07-15,Other,997.968.4760x226,davidcaldwell@example.net,England,West Lisamouth,58327,2025-03-24
C7116904,Glenn,Thomas,1997-02-16,Other,784-487-7156x59675,calderonjesus@example.org,GB,South Charlestown,34268,2024-06-03
C7489486,Stephen,Jones,1975-12-09,Other,(282)268-8087,ingramaaron@example.org,U.K.,South Justin,85861,2022-03-31
C8004579,Robert,Cunningham,1972-09-27,F,591-356-0482x157,tamara94@example.org,UK,Adamton,94057,2023-11-04
C1824616,Joel,Crawford,1980-11-24,NULL,+1-408-248-0860x12644,christopher40@example.org,England,Port Carolineland,19653,2023-04-05
C4270930,Carlos,Hicks,1959-09-26,F,+1-460-512-0436x54015,jermaineperez@example.org,U.K.,Brandyburgh,32666,2025-10-02
C1471883,Alexander,,1941-02-07,NULL,983.234.6317,twilson@example.org,UK,Crossmouth,33664,2022-11-09
C7666701,Mark,Lynch,1995-04-21,NULL,+1-687-816-5934x9191,franklindrew@example.com,U.K.,West Jeffreytown,82065,2023-05-28
C7983111,Stephen,Clark,1983-08-03,M,980-525-6743x25685,baileyadams@example.com,GB,East Dustinberg,75046,2022-01-21
C9585326,Kevin,Flowers,06/12/1955,M,963-907-1387,christina73@example.com,England,South Ann,42275,2022-12-07
C7196861,Dana,Harris,1949-09-24,M,001-666-501-5110,aavila@example.org,U.K.,Alejandroshire,04595,2023-11-13
C9047365,Jenna,Bowen,1973-11-02,NULL,5268848248,tsolis@example.org,United Kingdom,Matthewchester,15966,2024-04-04
C9648217,Susan,Jones,1946-02-21,F,564.812.5571x6760,westjason@example.com,U.K.,Ericaville,40155,2025-06-27
C4150562,Jacob,Skinner,1980-02-12,Other,602.567.9428x981,castrorebecca@example.com,UK,North Travisfort,48217,2022-07-13
C334740,Rachael,Johnson,1974-07-07,M,+1-245-462-7009x634,brewergregory@example.org,U.K.,West Kathleen,21279,2024-04-02
C3820287,Rhonda,Kelly,1944-04-28,Other,856-415-8472x39707,davisdeborah@example.org,UK,New Katherinetown,10388,2021-12-19
C2425616,Lindsey,Hess,1957-02-16,Other,(879)554-2261,baileywilliam@example.com,UK,East Andrea,03145,2025-06-07
C5612873,Joshua,Watkins,1981-03-14,NULL,(675)480-0017x7272,fernandezcheryl@example.net,United Kingdom,Haroldfurt,14649,2024-04-11
C8313274,Sean,Choi,1973-12-20,F,977-923-6390,jennifer05@example.org,United Kingdom,Millerland,75928,2026-07-11
C6729396,Ryan,Juarez,1949-09-01,M,-,jeremygill@example.net,United Kingdom,South Johnbury,18412,2026-06-18
C5760143,Rachel,Quinn,1979-03-21,Other,224-326-3522x2982,bryanperry@example.com,England,Moniqueside,25895,2024-04-13
C953719,Jennifer,Keith,1945-12-14,Other,764-370-1422x063,xlewis@example.com,England,Lake Peter,75490,2025-07-21
C4801530,Carla,Parker,1943-12-29,M,565-371-9558x3597,annedickson@example.com,GB,West Brianna,12595,2021-10-25
C6651181,Victor,Mendoza,1964-02-18,NULL,(954)206-9519,taylorjennifer@example.net,England,Annmouth,54087,2022-07-07
C1119648,Nicole,Mcdonald,1995-04-11,F,001-619-855-1738x2238,dwalsh@example.com,United Kingdom,North Michellechester,50140,2026-06-21
C86393,Tony,Tanner,1994-08-23,F,001-723-672-6789x7453,bmiller@example.com,United Kingdom,West Garrett,23427,2023-06-19
C327375,Daniel,Ramirez,1976-11-19,Other,(348)794-2742x32844,alexandercynthia@example.com,U.K.,Port Loganmouth,63391,2024-08-12
C5357773,James,Buck,1987-10-18,NULL,+1-460-549-2241x4532,mcknightdavid@example.org,U.K.,Davisfort,95291,2021-10-10
C6559384,Christopher,Barr,1955-08-26,M,+1-971-956-8672x4811,morganchapman@example.org,GB,Lake Billy,59668,2025-01-07
C9082287,Devin,Norris,1942-10-13,M,3769688075,davieslindsey@example.org,U.K.,Port Lisahaven,16603,2026-05-16
C6307830,Melissa,Foster,1942-05-09,Other,718.999.6583x4492,sandra43@@example.org,U.K.,Castroview,37730,2022-06-12
C2933944,Randall,Bautista,1956-01-07,NULL,(511)800-0206,brianadavis@example.org,GB,Kimberlyberg,91967,2024-05-31
C652474,Cristina,Brady,1980-09-04,M,767-425-6117,stronganthony@example.net,United Kingdom,Robertburgh,70804,2024-02-11
C5509493,Karen,Jenkins,2005-09-19,F,732.391.8509,anthony96@example.org,United Kingdom,New Christineview,64879,2024-10-03
C171352,Diane,Anderson,1964-12-01,Other,586-346-9668,zthomas@example.org,England,Port Lisaborough,19414,2026-07-19
C6885353,Heather,-,1977-09-22,NULL,915.727.8541x7159,millernicole@example.org,UK,South Ginastad,55647,2026-03-10
C4138393,Brian,Walls,Tomorrow,NULL,(364)280-1720x8162,wendy36@example.org,England,South Alexisville,73155,2023-08-11
C9903043,Megan,Long,10/01/1960,NULL,542.233.1050x5764,danamcdonald@example.net,United Kingdom,Port Markshire,45416,2021-12-26
C37868,Manuel,Weaver,1946-07-17,NULL,(894)977-6353x262,joseph28@example.com,England,West Chloeland,02333,2025-09-15
C9227788,Justin,Unknown,1961-11-01,M,(756)267-2451x79093,patelbryan@example.net,UK,Port Ericview,15562,2026-02-10
C3870194,Amy,Williams,1972-10-19,M,325.421.8785x47770,ellisthomas@example.net,U.K.,Morganbury,96145,2021-11-10
C4448743,Teresa,Jones,1997-07-29,F,001-203-775-7776x60840,katherine16@example.com,UK,Smithberg,36648,2023-02-01
C3934558,Kaitlin,Kelley,1990-06-10,F,001-816-676-5951x043,gregoryscott@example.net,GB,Lake Mariahbury,37796,2021-10-20
C9430962,Hannah,Palmer,1950-12-07,Other,+1-619-392-6794x41869,chenelizabeth@example.com,United Kingdom,North Deborah,58295,684089882
C2447647,Luis,Harris,1957-08-10,M,224-369-2090x61675,casey90@example.com,England,Thomasville,07989,2025-09-21
C5301871,Kevin,Weaver,1999-01-04,M,NULL,zramos@example.org,United Kingdom,Saunderschester,72121,2024-01-11
C7096221,Leah,Dalton,1986-04-28,M,(788)811-2062x027,dawnbishop@example.net,United Kingdom,East Timothystad,90301,2022-07-22
C7744684,Mary,Lewis,1956-09-03,NULL,6229194137,rshields@example.com,GB,Deniseton,80187,2022-02-24
C2927301,Erin,Young,1948-07-18,F,+1-929-513-3316,melissaburton@example.com,U.K.,Catherineshire,52366,2023-09-17
C8580561,Priscilla,Barnes,1985-04-27,Other,6176449490,edaniels@example.org,England,Lake Donnafort,06619,2025-07-30
C7889611,Michael,Fowler,169984580,Other,783-704-7609x229,tannercarlos@example.net,U.K.,Thompsontown,60281,2024-08-18
C435014,Robert,Hill,1936-08-19,NULL,(739)201-0815,dstrong@example.org,England,Port Brandonside,69551,2024-11-25
C4270616,Joann,Elliott,1958-08-25,NULL,+1-929-797-1252x897,ekennedy@example.org,GB,New Amy,93987,2024-12-01
C7883268,Robert,N/A,1944-01-02,F,001-363-857-4903x13652,jasoncooper@example.net,England,Lake Seth,48506,15/03/2026
C9850398,Loretta,Pierce,1951-12-23,NULL,001-676-318-4106x4416,jacquelinemcdaniel@example.com,England,Brettfort,28991,07-25-2024
C5473194,Denise,Webb,1993-07-14,NULL,371.454.1065,carsonsara@example.com,United Kingdom,New Johnfurt,95829,2024-04-29
C2013309,Kevin,Gonzales,1994-02-21,Other,983-464-6823x0728,phillippowell@example.net,England,Nguyenberg,21076,2026-03-01
C9200898,Shane,Johnson,1946-12-24,NULL,(641)605-1823,walkercaleb@example.org,GB,Kimside,25839,2021-12-03
C4969084,Christopher,Taylor,1992-05-14,NULL,776-512-2576x85318,jonesnatasha@example.com,GB,North Johnfurt,14676,2026-03-22
C292119,Tyler,Powers,1977-11-30,NULL,928-970-3056x941,andrewstewart@example.com,England,South Troyton,75674,2023-09-05
C1730335,Mallory,Wade,1991-04-03,NULL,930.259.2560x06108,perezanthony@example.org,UK,Michelleburgh,41792,2023-05-20
C9879797,Miranda,Ramos,1985-02-11,M,852.554.7174x38492,cmccarthy@example.org,GB,Port Kristin,70262,2022-02-23
C8224757,Deborah,Gonzalez,2004-03-12,Other,+1-399-943-3864,lutzvictor@example.com,England,Porterstad,37429,2021-09-24
C5296932,Melissa,Montgomery,1998-10-20,F,704-634-6113x941,nicole15@example.org,GB,Nicholasville,82956,2023-01-05
C4773640,James,Rogers,Yesterday,NULL,506.219.6110x091,leepitts@example.net,GB,Lake Karenburgh,19139,2023-06-19
C4835503,Debra,Oneill,1993-08-20,F,(289)478-1830x2443,drakemelody@example.net,United Kingdom,Tonyamouth,38665,2024-02-26
C9313217,Jennifer,Smith,1966-06-03,M,(536)692-0158,jean85@example.net,U.K.,New Michael,98796,2023-12-05
C6137772,Margaret,Henson,1958-01-13,Other,001-479-367-7821x802,janet90@example.com,GB,Leeberg,81700,2024-04-16
C4256165,Drew,Johnson,1959-11-30,F,001-793-498-8577x1923,alex31@example.org,U.K.,Dawnborough,98373,20230605
C4590064,Gregory,Parker,1955-03-13,F,+1-794-814-5266x4813,dmeyers@example.org,U.K.,Ethanhaven,21114,2025-11-04
C4433519,Janet,Roberts,1952-04-13,NULL,(667)683-7631x52285,samanthalopez@example.net,UK,East Shane,54110,2025-02-20
C3167488,Gary,Peterson,1975-03-11,M,+1-865-392-6366x05801,pking@example.com,United Kingdom,West Jessica,77696,2021-08-20
C831894,Sonya,Taylor,1940-08-13,F,+1-307-329-3864,daniel69@example.org,U.K.,North Amy,40129,2025-02-16
C9578690,Philip,Jordan,1993-01-21,F,708.729.9826,dunnmegan@example.net,UK,South Brandon,62845,2023-05-22
C8670146,Tammy,Jones,2005-10-16,F,298.215.8030,richard10@example.com,United Kingdom,New Taylortown,42093,2025-02-13
C7068197,Michael,Cummings,2006-04-27,F,790-839-2638,thomas13@example.com,England,Francisbury,64793,2022-03-16
C4294946,John,Miller,1957-02-18,NULL,838-627-9729,valdeztyler@example.com,England,Jenniferview,69972,2023-12-26
C5247834,Elizabeth,Calhoun,1966-12-26,F,(780)803-5363,robin92@example.net,United Kingdom,Taylortown,61208,2022-07-14
C3844481,Dylan,Leon,1977-06-12,F,(234)760-2942x605,bryan81@example.com,United Kingdom,North Geraldland,15580,2024-01-22
C3869275,Marcus,Simmons,1940-02-11,F,785.451.3480x985,deckeralexandria@example.net,England,North Tanya,83848,2023-09-30
C3920623,Joel,Torres,1984-10-03,F,+1-885-815-9874x67497,leemark@example.org,United Kingdom,Port Jeffery,12428,2021-11-28
C2280945,Peter,Gonzalez,07-07-1945,Other,466.578.6049x6492,kelly09@example.net,U.K.,East Oscar,29182,2022-03-09
C968116,Maria,Durham,1952-08-02,NULL,+1-587-519-4958,gmckinney@example.com,UK,Tammyhaven,92044,2022-09-18
C3382784,Jeffrey,Velasquez,1953-02-01,M,001-494-792-1717x6010,zacharycardenas@example.org,UK,Adrianshire,85251,2026-07-18
C6897835,Laura,Clayton,1968-12-06,F,(966)518-7781,stephaniesanders@example.org,England,New Ryanborough,97903,2022-09-01
C4572377,Alicia,Hahn,2004-11-25,M,(425)437-4789x8227,michaelnorton@example.net,U.K.,Jonesborough,94358,2023-11-05
C602874,Adam,Nguyen,1995-01-18,M,001-313-412-5754,howard39@example.net,U.K.,Port Jennifer,86005,2022-03-14
C813066,Justin,Richardson,1979-04-12,NULL,427-896-8839,denise01@example.net,United Kingdom,Justintown,58778,2023-03-11
C9994940,Eric,Jackson,1939-12-04,Other,689-512-4498,zhooper@example.net,United Kingdom,South Bradleymouth,54205,2024-01-08
C4570430,Marc,Allen,1961-03-31,Other,001-784-214-8175x812,ibullock@example.com,United Kingdom,Lake James,26499,2023-10-29
C1414209,Shannon,Lane,1953-09-17,Other,3637868252,chasegreen@example.org,GB,Rebeccafort,99305,09-10-2021
C8916297,Mary,Edwards,2000-11-07,Other,520.239.9722,klyons@example.com,England,West Jessica,86727,2025-07-27
C8745288,Jordan,Wolfe,1995-08-11,Other,282.750.7255,laurakim@example.net,UK,North Johnathan,28862,2026-06-25
C3261189,Leslie,Weber,25/06/1979,Other,733.553.4159,nelsongary@example.net,UK,Lake Jenniferton,18243,2024-12-28
C9862721,Christopher,Chung,1988-10-12,M,(634)673-1758x01488,danielellison@example.net,U.K.,Davisshire,90744,2023-12-03
C3548509,Shirley,York,1998-05-12,M,832-572-0386x0105,ndickerson@example.net,GB,Angelaport,63526,2024-11-21
C9507132,Ann,Tucker,1969-08-29,Other,001-941-792-5380x9271,andreazavala@example.org,UK,Port Michael,88546,2022-09-01
C7770042,Jennifer,Jenkins,1975-04-25,F,+1-938-715-4163x93720,oscaravery@example.net,GB,Port Stephen,47317,2021-09-04
C8158261,Kimberly,Jensen,1996-02-12,NULL,466.283.3033x6652,robinsoncarrie@example.com,England,New Allenborough,27465,2023-10-22
C2164070,Paul,Khan,1989-01-19,NULL,(967)255-0629,tinamendoza@example.com,GB,North Julia,98079,2024-01-14
C154532,Melissa,Turner,1994-03-22,F,5209093292,kenneth35@example.com,United Kingdom,West Heather,00977,2026-02-21
C1132622,Steven,Howard,1943-07-31,NULL,001-211-470-1123,curtisjames@example.net,England,North Robert,55855,2024-03-16
C6023494,Lawrence,Wiley,01-09-1964,NULL,304-749-1554,brandon41@example.net,England,North Barbarashire,98710,2025-01-11
C1771823,Carol,Young,1961-05-08,F,5539687060,daniel61@example.com,United Kingdom,Woodwardborough,01676,2025-12-31
C3130395,Joseph,Grant,1961-02-02,Other,7992915683,paul63@example.org,GB,Priscillaville,40281,01-23-2026
C5761628,David,Jefferson,1973-08-13,NULL,(799)622-5478,gsanchez@example.net,England,North Nicholasport,64333,2021-10-06
C6473312,Matthew,Hernandez,1951-02-22,F,257.796.1883,ecompton@example.com,UK,Lake Jasonberg,35106,2023-07-09
C5153072,Glenn,Case,1953-04-16,F,001-399-443-2053x716,guerradawn@example.net,GB,Karlfurt,95400,2023-08-28
C6767816,Nathaniel,Clark,1936-02-18,M,(900)994-4477x6774,anthonyray@example.org,United Kingdom,New Francisco,76433,2025-03-01
C4367425,Philip,Garza,1993-11-09,F,+1-603-505-9491x59383,john13@example.net,U.K.,New Patrickburgh,17979,2023-10-06
C8753726,Tamara,Johnson,1982-02-18,Other,852-489-8167x41096,xstrong@example.org,U.K.,Santosport,80959,2024-02-16
C4889890,Donna,Gutierrez,1958-01-04,F,(406)207-7457,vincentwhite@example.net,England,New David,45001,2023-04-23
C8369208,Ashlee,Ortiz,1941-09-01,M,(508)733-5792x4674,morrisbeverly@example.net,England,Lake Lynnport,87391,2023-05-27
C3361542,Brittany,Green,1992-08-03,F,345-370-4755,tiffanybeck@example.net,England,South Phillipfort,34496,2025-05-02
C9488777,Stephen,Gibbs,1938-09-24,F,(737)692-1363x24777,andersonashley@example.com,United Kingdom,Gomezberg,61340,2026-07-01
C8993139,Melinda,NULL,1951-05-14,NULL,001-893-936-4166x4637,amanda39@example.net,United Kingdom,North Kellyview,06230,2024-03-26
C1876916,Carmen,Thompson,19590829,M,001-753-570-6831x617,brian06@example.net,GB,Lake Matthew,52120,2022-02-25
C36785,Scott,Davidson,1994-01-19,Other,837-656-9784,mark25@example.org,GB,North Jordanmouth,93538,2026-01-15
C6695200,Lindsey,Jordan,1964-03-27,NULL,438.848.8235x7332,dawnblake@example.org,England,South Erica,37209,2025-03-10
C9243238,Robert,Herrera,948352731,M,+1-387-597-7447x8670,sarah16@example.net,U.K.,Brooketon,14208,2021-09-02
C5817954,Justin,Allen,2007-05-30,Other,(355)503-1516x80630,tmacdonald@example.com,England,East Jessica,59616,2022-07-13
C389532,Courtney,Lynch,1941-02-22,Other,001-363-541-8171x9938,barbaragomez@example.org,UK,East Glennshire,87768,2022-07-03
C888628,Juan,Moon,1995-10-19,F,001-745-993-6166x484,chavezryan@example.org,United Kingdom,Jenningsfurt,48432,2025-11-20
C5419988,Gregory,Banks,1943-01-04,Other,428.480.9579,wyattbrenda@example.org,United Kingdom,Proctorberg,09083,2023-12-21
C2342245,N/A,Salas,1992-01-08,M,001-842-395-6268,james24@example.com,U.K.,East Michaelmouth,29125,Tomorrow
C8692873,Audrey,Garcia,1970-12-09,NULL,+1-300-356-6919x192,oandrews@example.org,England,West Mary,84436,2024-02-05
C1850898,Terrence,Farmer,1988-05-11,Other,001-602-720-7852,ryanhuerta@example.net,United Kingdom,West Darlenemouth,49344,2025-12-08
C3876513,Amber,Durham,1948-07-02,M,Unknown,codyconrad@example.org,UK,Ginahaven,56645,2023-09-23
C4117458,Barry,Edwards,1998-04-14,M,+1-361-622-4070,garrettjeffrey@example.org,GB,Carpenterhaven,06401,2026-03-14
C5418197,Bonnie,Dillon,1951-06-29,Other,(337)365-5625x008,ebony72@example.org,England,Shawberg,85495,Tomorrow
C9708305,James,Howell,1994-11-24,M,+1-510-534-0202x36867,perryashley@example.net,England,Maryborough,12996,2023-08-09
C4352656,David,Reyes,1961-01-11,Other,001-698-357-4015,aliandrew@example.com,England,North Mark,66912,2022-11-21
C7020955,Tara,Solis,Tomorrow,Other,2985685010,burnettjennifer@example.net,United Kingdom,Markview,68672,2022-02-13
C4694466,Alex,Powers,1984-08-09,M,+1-341-911-9840,taylorharper@example.com,England,Davidview,56725,2025-10-26
C8849507,Kelly,Rhodes,1941-05-06,Other,001-577-691-7780x7438,hharvey@example.com,GB,North Georgemouth,75202,2024-05-23
C6461059,Rebecca,Pena,1981-11-29,Other,970.706.9553x2336,gravesariel@example.org,England,West Juliaberg,10720,2024-08-24
C3000900,James,Phelps,1945-10-15,Other,(897)482-1899,deanna26@example.com,United Kingdom,Mcdonaldton,08057,2023-08-12
C1925784,Megan,Sanchez,586535512,F,001-203-557-6579x0684,amanda43@example.org,England,Nelsonfort,83963,2026-05-25
C1965414,Cynthia,Hubbard,1962-03-04,Other,001-338-455-0740x5593,summersmark@example.com,England,South Jeremyside,32608,2023-12-08
C7398588,Emily,Herring,1965-07-01,F,5863192840,angelajackson@example.org,U.K.,Lake Robertbury,57637,2024-10-20
C9645084,Samuel,Jackson,1994-06-26,F,+1-750-964-1038x7578,ibaker@example.net,England,Kellyland,96516,2025-04-14
C2558093,Dakota,Gaines,1980-03-22,Other,686-587-1156x609,matthew85@example.com,U.K.,East Rhondamouth,51981,2021-11-20
C4390028,Linda,NULL,1966-06-16,NULL,(983)273-9622x310,chambersjennifer@example.com,United Kingdom,North Stephanie,75580,2023-05-15
C6574285,Melanie,Perez,1955-08-14,M,+1-224-468-1102x204,joshuasmith@example.net,England,Darleneville,91757,2025-12-29
C9226516,Joshua,Spence,1970-10-25,Other,(771)442-5845,kylerogers@example.net,UK,Jeffstad,95797,20230529
C6297713,Cassandra,Walker,1977-05-07,F,377-941-2501x926,brian13@example.com,England,New Larry,86976,2023-03-25
C9322507,Ashley,Paul,2005-01-19,F,001-563-914-2275x627,bethaguirre@example.net,U.K.,East Christopher,67039,2022-11-24
C5239559,Austin,Shea,1958-07-22,Other,+1-530-358-8926x88574,mejiakaylee@example.net,UK,Lake Crystalbury,92047,2022-05-17
C1052701,Albert,Deleon,1950-03-01,F,001-316-866-3916,adrianbenjamin@example.net,England,Kristenville,53733,2022-04-12
C4572907,Kathleen,Long,1955-06-22,F,857-806-3475x065,pamela12@example.net,UK,Johnsonview,58385,11-15-2024
C3493578,Carmen,Kennedy,1946-11-20,F,992-778-0661,hendersonmario@example.com,UK,South Paulhaven,60376,2022-12-07
C6307274,Vincent,Mayo,1960-03-20,M,001-517-472-8231,martinezkatherine@example.org,UK,West Leviland,22442,2024-02-13
C7236540,Daniel,Williams,1959-02-23,NULL,+1-654-324-6228x47917,ycox@@example.net,UK,Margaretville,49771,2024-08-07
C3511026,Tammy,Lee,1951-03-26,M,(456)889-7859x91506,NULL,U.K.,Karenfort,50816,2022-04-12
C6849419,Gary,Carr,1971-01-23,Other,615.799.4818x18256,knightsydney@example.org,England,New Brian,46148,2024-05-20
C533250,Brenda,Wilkinson,1952-03-26,NULL,733.878.3307x42070,michele60@example.org,GB,Chavezburgh,25197,2021-08-23
C2287231,Gene,Graham,1986-09-08,Other,(863)674-0009,andrea15@example.net,United Kingdom,North Georgehaven,29015,2025-05-26
C4893376,Erica,Klein,1991-04-17,F,695-634-1097,hollywolf@example.com,GB,East Anthony,22160,2025-12-02
C418490,Brandon,Rogers,2005-01-19,NULL,(847)361-8271,woodsmegan@example.com,United Kingdom,Washingtonborough,00819,2024-03-13
C4318469,Megan,Miller,1974-05-23,M,(787)657-6799,jeffrey02@example.com,United Kingdom,Melissaside,55518,2022-09-30
C1516627,Robin,Williams,2006-07-29,NULL,847.700.9489x3661,elizabeth78@example.org,United Kingdom,West Roger,45518,2022-11-06
C1097657,Erica,Blackburn,1947-10-18,F,637-513-9335x81222,christopherhernandez@example.com,England,Jakehaven,99777,2025-06-06
C7442481,Jason,Taylor,1997-08-24,F,518.276.1555,stephanie80@example.com,United Kingdom,Aprilbury,51749,2022-04-06
C8625197,Christina,Barrera,1942-06-25,F,(373)385-3423x6951,kathy02@example.com,U.K.,Kevinmouth,15864,2022-02-05
C428947,Jason,Aguilar,1957-10-29,M,(763)446-5597x782,kbrown@example.net,England,North Jerry,89927,2023-07-22
C9425502,Makayla,Moran,1996-02-04,Other,989.376.6053x4491,devinsmith@example.com,U.K.,West Josephton,34361,2025-11-09
C3757258,Sarah,Smith,1999-08-11,F,+1-451-474-4210x541,nguyenrobert@example.com,UK,Shawnside,94847,2023-05-06
C6064637,Sarah,Miller,2004-01-19,NULL,001-590-794-2797x437,mevans@example.net,England,Ashleymouth,33803,2025-10-02
C2419592,Shannon,Henry,1960-09-12,NULL,+1-307-373-0590x0719,jscott@example.net,UK,Coffeyside,56267,2026-05-17
C6690113,,Knox,1952-05-12,M,4906265669,colemanjason@example.com,GB,West Danielborough,86886,2025-05-28
C2346202,Katherine,Hardin,1951-04-24,M,+1-268-233-3823x18335,emilyevans@example.net,England,North Jenniferfort,66145,2024-07-16
C28551,Katherine,Flowers,1944-12-01,NULL,630.364.3123,jenniferchristian@example.org,GB,North Laurafurt,20264,2024-03-21
C6082536,Michael,Strong,2006-07-17,NULL,001-877-848-0559x141,vperry@example.net,United Kingdom,North Laurabury,75400,2025-02-24
C9666920,Marc,Rivera,1945-10-04,M,866-675-0746x42874,heather44@example.org,England,New Christyshire,16622,2025-09-05
C7580653,Unknown,Hernandez,1985-10-20,F,810.990.6648,wilsonmichael@example.com,U.K.,East Susanborough,78769,2025-04-08
C9007862,Brian,Murray,2001-05-18,Other,305.252.6511x5769,kevinmathis@example.net,England,Shannonmouth,76153,2025-04-02
C5531673,Anna,Anderson,1935-09-21,F,601-553-4242x66245,tiffany46@example.org,England,South Matthewville,78093,2025-03-28
C8298611,Sheila,Nelson,1998-09-18,NULL,+1-679-914-1045,yrodriguez@example.net,England,New Darlenefurt,95417,2022-09-21
C5658148,Peggy,Burke,1982-07-30,NULL,6852561843,zhorn@example.com,UK,Thompsonbury,10764,2022-01-03
C8805388,Michelle,Moore,1983-04-13,M,+1-558-803-2628x916,victor96@example.net,England,Port Mark,89505,2024-12-18
C3927425,Unknown,Jones,1991-12-10,F,+1-564-882-6459x3932,pfisher@example.com,United Kingdom,Port John,89684,Yesterday
C1782001,Steven,Foster,1954-05-07,F,+1-384-456-5202x125,reneetorres@example.net,UK,Owenside,56205,2024-11-05
C1126423,Maria,Chambers,1992-11-27,M,434.938.0434x5509,josephspencer@example.org,UK,Port Davidville,72080,2025-06-17
C6633197,Kristen,Young,1965-12-15,NULL,813.845.4864,djoyce@example.net,England,East Scott,88666,2022-07-06
C1258786,Carlos,Ballard,1963-05-22,NULL,621.720.3303x8753,rtaylor@example.net,GB,Lake Samuelport,11324,2023-01-22
C2908505,Isaac,Gray,1993-04-30,NULL,001-238-711-9260x3161,qcaldwell@example.net,United Kingdom,Melissamouth,52625,2023-01-20
C8145542,Scott,Pace,1997-02-13,F,981.654.3634x399,juanmiller@example.org,GB,Shelbybury,61632,2025-05-02
C7894907,Daniel,Carpenter,1986-09-03,NULL,599-921-2096,kayla22@example.com,U.K.,South Michael,34424,2025-10-24
C2032637,Joyce,Ray,1980-07-22,M,001-395-577-7686x9646,ulewis@example.org,United Kingdom,South Bobby,17352,2023-08-29
C2564558,Kenneth,Richards,2001-08-17,NULL,3362046865,latashabrewer@example.net,U.K.,Garciaberg,47868,2023-06-13
C3105317,Nancy,Nelson,1962-02-04,F,+1-706-664-6579x712,henrycraig@example.org,England,Gutierrezfurt,70995,2023-05-11
C6689764,Joshua,Friedman,1960-02-05,M,+1-800-592-5569x3124,rmorris@example.net,GB,Bruceview,62256,2023-06-30
C2298062,Perry,Holt,1973-07-03,Other,001-433-515-2421x41991,teresa19@example.net,United Kingdom,Glennfort,69955,2026-07-29
C4129135,Alan,Harrison,1937-09-13,Other,+1-364-329-0573,lewismary@example.com,UK,Jennifershire,20159,20250417
C4134630,Shannon,Thomas,1997-02-02,Other,8123238527,kevinpalmer@example.net,GB,South Mary,22427,2021-12-03
C535138,John,Pearson,1957-02-06,Other,642.282.6682,teresa16@example.org,England,Bankston,25943,2025-01-23
C8386145,Sheryl,Lopez,1962-02-06,Other,001-948-702-6328x8324,kentelizabeth@example.net,England,North Randy,82287,2024-02-02
C3701817,Tracy,Scott,1959-03-05,NULL,+1-812-715-2332x10143,natalie83@example.com,GB,West Ethanview,78569,20220131
C3543796,Shelby,Knight,1983-02-16,M,2743585671,daniel35@example.com,England,Port Todd,06160,2023-03-29
C7813739,Carolyn,Hopkins,1942-11-16,Other,001-678-357-1462x0565,lisa54@example.org,U.K.,Jonesmouth,43609,Yesterday
C2321284,Jacob,Spears,2004-03-30,F,909.975.1834,andersonelizabeth@example.com,GB,South Anthony,63939,2023-03-05
C2517258,Catherine,Simon,2003-09-19,M,757.325.6683x801,julierichard@example.org,United Kingdom,New Jeremy,11984,2023-11-23
C2327406,Kelly,Terry,1974-03-03,M,620-726-8743,brandon51@example.org,United Kingdom,Katrinaton,75678,Tomorrow
C6245488,Ashley,Williams,1984-04-15,Other,(995)541-3832,vlutz@example.com,GB,North Dorothy,30374,2023-09-02
C2643273,Riley,Lambert,2003-10-07,F,+1-511-794-2868x1229,tmurillo@example.net,U.K.,West Preston,26979,2025-08-25
C8343848,Kenneth,N/A,1989-06-12,M,001-469-577-2225x773,richardmartin@example.com,England,Carrollmouth,61231,2021-11-07
C2024240,Thomas,Smith,1973-05-27,NULL,(354)455-8428,ryanyoung@example.org,England,Philliptown,41539,2022-08-13
C4199696,Ian,Mejia,1958-01-16,NULL,(974)418-7499,leslieortiz@example.com,UK,Brownside,95464,2023-05-20
C2193625,Kyle,Young,1936-02-13,NULL,001-930-474-9922,shelbynichols@example.net,United Kingdom,North Sara,27761,2025-03-18
C1198483,Matthew,Hall,1970-10-24,M,(561)704-1543,robertkelly@example.org,GB,West Guyfurt,74862,2024-01-03
C6708285,Ryan,Williams,1967-10-19,M,645-388-6656x9290,fmccarthy@example.net,England,Danielport,94126,2025-05-04
C1703877,Daniel,Taylor,1957-02-17,NULL,001-409-787-6046,william99@example.com,GB,Matthewberg,81079,2025-05-12
C8903336,Margaret,N/A,1957-01-24,F,001-967-800-3465x666,travis16@example.com,U.K.,West Amychester,89209,2021-10-11
C5015632,Bryan,Hudson,1984-07-01,F,+1-491-465-8092x1059,trevortaylor@example.net,UK,West Joshua,72266,2023-11-02
C508398,David,Smith,1939-07-25,F,846.959.2275,heather22@example.com,England,Lake Jennifer,37591,2022-07-16
C977596,Robert,Marsh,1974-11-13,Other,001-301-897-1105x0682,diana75@example.org,UK,West John,76126,2025-02-26
C2840317,Cody,Cisneros,1978-07-01,Other,(937)487-5989x1681,ariana93@example.net,United Kingdom,New Todd,91975,2026-06-03
C8743978,Suzanne,Gomez,1956-12-21,M,Unknown,lori74@example.com,UK,New Scottberg,78514,2022-09-05
C1555399,Susan,Wagner,1995-06-04,M,998.918.9984,christopher09@example.com,UK,Port Denisefurt,92161,2024-06-29
C8471104,Ronald,Garcia,Yesterday,NULL,5216113211,russell66@example.net,England,Christopherfurt,58942,2022-02-15
C6248244,Tracy,Mills,1949-10-20,NULL,847-346-8980,crystalcruz@example.net,England,Smithfurt,06685,2023-01-09
C9956392,Matthew,Jenkins,1994-01-14,F,+1-960-910-5935x9340,anthonyevans@example.org,UK,Victorport,39217,2024-11-14
C4203593,Joseph,Irwin,1991-04-18,M,001-871-564-8725x0554,zolson@example.com,GB,New Joanne,35043,2026-05-15
C2259057,Amy,Williams,1980-11-22,F,Unknown,brownalvin@example.com,England,East Nicole,82763,2021-10-28
C9252191,Manuel,Diaz,1988-12-13,Other,3344608359,wfrye@example.org,UK,Piercefurt,25900,2023-06-29
C1376764,Leslie,Jackson,1986-05-20,M,(422)582-9166,diana89@example.net,UK,Guerreroborough,64457,2025-09-28
C2854763,Kristen,Nelson,1976-08-28,Other,001-205-987-0599x11570,dboyer@example.com,GB,Lake Stephen,61689,2025-07-02
C2941679,N/A,Burns,1980-03-05,Other,3214084715,steven08@example.org,UK,Port Andrew,82777,2026-03-16
C2213754,Emily,Ruiz,1947-02-06,M,(941)365-3509x1363,jcosta@example.com,England,Kingside,24678,2022-07-14
C5974937,Brandon,Miller,1943-08-11,F,253-254-9077,spencer59@example.org,GB,South Lisa,77758,2024-02-10
C6364327,Gina,Farmer,1994-04-30,F,276-378-0258,dan64@example.org,U.K.,Milesbury,58738,2022-05-15
C6185932,Michael,Martin,1962-10-02,M,973-718-7610x21653,patricia06@example.net,England,Spencerfort,97633,2022-05-15
C5706578,Marc,Allen,1993-03-15,Other,275-832-5430,anthonyryan@example.org,GB,West Hannah,49770,2022-06-20
C7620397,Joshua,Marshall,1983-10-22,M,2666970996,kmeadows@example.com,GB,Bethanyfurt,72244,2022-10-07
C5605320,Destiny,Gonzalez,1989-08-13,NULL,001-430-826-8166x2347,gbauer@example.net,UK,Seanstad,35763,2024-08-16
C2264937,Ernest,Molina,1940-12-24,Other,833.552.2600x8787,wthompson@example.com,United Kingdom,South Gordonchester,03236,2025-06-24
C1049908,James,Moore,1941-08-28,NULL,359.380.5950,brent48@example.com,England,South Heidi,03959,2025-01-14
C9879888,Courtney,Graham,1957-01-01,F,376-445-1985x78946,bkelly@example.org,GB,East Todd,83436,2025-04-18
C4704902,Steven,Thompson,2007-01-01,F,(572)774-6013x933,jamesreyes@example.org,UK,Bridgetton,93402,2023-05-13
C6249325,Christopher,Unknown,1947-05-16,F,001-936-883-7793x07150,hrivera@example.net,United Kingdom,Triciachester,47990,2026-04-06
C2483981,Stephanie,Macdonald,1962-04-09,Other,968.247.6388,eric22@example.org,U.K.,Pamelaburgh,64336,2023-11-12
C6841198,Beth,Wolfe,1977-09-29,F,908.370.0708,caitlynpadilla@example.org,United Kingdom,South Joannburgh,85636,2025-11-16
C486193,Carol,King,1946-05-15,F,001-368-238-2980,dixonjerry@example.org,England,Lake Justin,17393,2024-10-05
C1031084,David,White,1996-10-16,M,856-404-5716,danielharrison@example.org,England,Port Stephaniehaven,02576,2024-05-09
C1455099,Jill,Schaefer,1945-03-27,F,001-906-281-1133,leefrazier@example.org,GB,Peterfort,14017,2022-01-06
C4209214,Jennifer,N/A,1966-06-06,Other,283.241.8818x861,walkercalvin@example.net,UK,Lake Jaredside,72381,751499503
C9370186,Jared,Scott,1974-12-23,M,345-588-4584x55977,barbaragoodwin@example.org,UK,Karenville,19535,2022-01-21
C8416972,Andrew,Cortez,1988-03-10,M,267.508.4480x766,amandaherrera@example.com,United Kingdom,Courtneybury,89435,2025-11-23
C2517161,Unknown,White,Tomorrow,Other,(813)548-0664,brittanycooper@example.com,United Kingdom,Port Philip,68578,2022-04-20
C7185741,Kristy,Barker,1997-06-11,M,6422589827,peter28@example.org,United Kingdom,New Aprilton,30623,2023-04-27
C1587786,Tracy,Brown,1998-02-23,NULL,971.234.8091x5557,meyersalex@example.org,U.K.,Allenland,15654,2022-01-23
C8573559,Blake,Ingram,1974-04-13,M,820-387-2764,deanhannah@example.net,England,Bonniestad,03663,2022-10-08
C1029995,Kara,,1952-11-20,M,(529)433-3417x9793,sdavis@example.net,United Kingdom,Stanleymouth,45952,2024-05-13
C1142363,Henry,Warren,1983-10-19,Other,(577)473-8512x01442,theodorerodriguez@example.com,GB,Leslieport,09136,2023-08-02
C330012,Joseph,Brown,2007-05-21,Other,(772)881-1378x7649,kaiserscott@example.com,United Kingdom,Brendafurt,30011,2025-05-02
C3438262,Brittney,Lester,1963-05-18,NULL,+1-721-981-5021x982,bwilliamson@example.org,U.K.,Loganville,51301,2022-03-08
C6057076,Sean,Mooney,1953-09-16,F,310-285-8793x48849,lrussell@example.org,GB,West Cassidy,91743,2025-07-18
C2602214,Bobby,Roberts,1949-10-30,M,445-769-8284x23612,garzaandrew@example.org,GB,Lake James,47952,2024-04-02
C5004657,Laura,Mays,1940-06-27,F,001-350-973-9460,jstevens@example.org,England,Raymondton,88115,2023-12-23
C6784104,Elaine,Macias,1978-02-23,NULL,001-419-910-6423x004,carterstephanie@example.net,U.K.,South Jasminebury,52859,2023-03-25
C1265277,Craig,Hanson,1944-04-04,NULL,(444)632-7314x6464,rpeters@example.org,U.K.,Johnborough,19848,2026-05-12
C7866190,Rachel,Bell,1950-07-14,Other,711.938.3808,chungheather@example.net,England,Annmouth,47010,2025-12-27
C6665609,Katherine,Guerra,2002-01-04,NULL,209-207-3441,qwalsh@example.com,England,Lake Justin,98838,Tomorrow
C7871331,Janet,Good,1968-01-09,M,(750)842-6724x96877,crystal22@example.com,GB,Tanyaville,98306,2023-01-08
C2571463,Anthony,,1974-10-19,NULL,241-319-8928x51689,jennifer16@example.net,United Kingdom,Oneillfort,22779,2025-07-16
C3257044,William,Davis,1965-07-02,M,001-480-586-9844x30756,emily27@example.org,United Kingdom,South Michael,43722,2026-06-26
C8469161,Jeffrey,NULL,1987-02-11,F,001-375-840-6015x8411,kimberlyaustin@example.net,U.K.,East Williammouth,81581,2022-11-24
C2061467,Paula,Hall,1981-08-08,M,987.537.0223x16609,parrishkaren@example.org,U.K.,Port Katrinahaven,72881,2024-01-25
C877618,Paula,Foster,1991-02-20,NULL,813.222.4917x074,dholland@example.org,UK,Tarabury,89546,2024-08-05
C6179099,Rita,Perez,1962-09-10,NULL,+1-823-928-9056x0996,cohenjonathan@example.net,GB,Lake Ronnie,59568,2026-02-27
C2847670,Robert,Hanson,1971-06-03,NULL,789-971-6529,deannasmith@example.org,UK,Port Christine,07603,2024-02-13
C6136213,Robert,Goodwin,1986-12-08,F,001-952-278-8148x73492,dgonzalez@example.org,England,Curtisburgh,45110,2024-10-12
C8166518,Sarah,Peters,2000-06-24,Other,8703186113,parklauren@example.com,GB,Nicolebury,69119,2023-12-31
C9228820,Keith,Bryan,1940-12-18,Other,(302)316-9525x2844,moorewilliam@@example.com,GB,South Timothymouth,93524,2021-11-19
C9467904,Wayne,Gonzalez,1937-05-18,Other,403.417.6962x0887,tjackson@example.net,GB,South Chadside,17486,2026-06-19
C3967306,Michelle,Harris,1974-10-06,F,942.354.6924x707,spage@example.com,GB,Buchananberg,06637,2023-06-08
C9525193,Donald,Ruiz,1991-12-02,F,,thomasadams@example.net,U.K.,New Maryview,12534,2025-04-08
C3521688,Lisa,Sanchez,1952-07-28,NULL,733-674-0710x14791,hensonjason@example.net,GB,Laurenshire,75193,2023-03-26
C588281,Erin,Mcguire,1952-09-12,Other,283.852.4835x10972,amy86@example.net,U.K.,Lake James,90443,2024-10-29
C1433628,Terri,Griffin,1958-01-09,F,+1-968-935-9470x6087,daviscassandra@example.org,England,Cherrychester,77582,2023-10-05
C7033344,Tommy,Mitchell,1962-03-18,M,001-396-987-0437x918,washingtonelizabeth@example.net,U.K.,Boylemouth,77048,2025-04-19
C9261486,Mackenzie,Nelson,1989-01-19,NULL,(425)506-2481x3288,ybyrd@example.com,England,Martinezview,10660,2021-11-07
C3279773,Amy,Shea,19800714,NULL,(845)728-2922,parsonsandrea@example.com,U.K.,Port Elizabeth,20625,2023-05-06
C6113675,Elizabeth,Pitts,1964-07-11,Other,4242908998,mccarthymadison@example.com,England,Alexanderfort,83244,2024-06-21
C4388404,Joshua,Garrett,1941-05-05,F,509-708-6243x040,whiteshelly@example.org,U.K.,Hansenberg,02681,2023-01-13
C2009495,Kristina,Wright,2000-10-01,F,413.843.2924x068,kirk53@example.org,GB,Michaeltown,63358,2026-05-26
C2670739,Charles,Lewis,16/05/1952,NULL,001-468-436-2090x40433,ashleysoto@example.net,England,Nashport,77133,2023-09-27
C479239,Thomas,Bailey,1985-05-14,NULL,001-266-665-2763x47880,riverabruce@example.org,United Kingdom,Lake Crystalhaven,67886,2023-09-14
C179537,Craig,Glenn,1959-04-12,F,+1-602-274-5077x869,david80@example.org,UK,Brandishire,16381,2025-01-04
C8272581,Molly,Elliott,1975-05-15,NULL,7316333470,gregorymaldonado@example.com,United Kingdom,West Michelleville,71447,2026-07-11
C8005131,Richard,Baker,2006-04-09,M,426-814-5578,mpatton@example.net,United Kingdom,North Luis,93690,2022-07-30
C6377189,Curtis,Herrera,1973-01-15,F,258-294-8636,zvillegas@example.net,U.K.,Lake Anthony,27160,2024-08-10
C7478738,Margaret,Pennington,1940-07-12,M,394-798-2067x1882,nancyholmes@example.org,England,North Jamiemouth,19027,2023-11-01
C2812888,Gary,Jones,1973-01-09,Other,(653)205-5399x864,andrea26@example.org,United Kingdom,West Ethanton,56510,2023-03-28
C4655970,Christian,Lopez,1940-09-28,F,400.930.6285,hritter@example.org,UK,Lake Jack,61777,2026-05-08
C1028833,Darryl,Gonzalez,2007-10-16,Other,(339)905-5685,evanslindsey@example.net,GB,Lake Williamfort,68985,2024-02-05
C4144514,Jacob,Thompson,1961-09-03,Other,292.934.8403x44763,ymoore@example.net,England,Aaronbury,94122,2026-05-09
C2796453,Alison,Anderson,1951-11-27,Other,860-873-3511x59186,robinacevedo@example.com,U.K.,North Toddburgh,84233,2026-08-06
C7380287,Janet,Allen,1959-11-19,NULL,+1-239-373-3764x2255,grantrichard@example.org,England,Port Lisa,47534,2024-04-17
C1789497,Jessica,Anderson,2004-09-22,F,001-883-481-3813x905,ndiaz@example.com,United Kingdom,Maddenborough,14947,2022-05-18
C9906881,Philip,Kelley,2002-02-03,M,,richard91@example.net,United Kingdom,Erinberg,56121,2024-01-02
C7005910,Janice,Wright,1970-08-30,M,NULL,ikennedy@example.net,United Kingdom,Lake Stacey,28917,2022-07-29
C4971264,Justin,Vincent,1988-02-28,M,(886)390-7267x63109,cynthia12@example.org,United Kingdom,Benjaminshire,67267,2025-04-22
C1715369,Kaitlyn,Boyer,1980-10-08,NULL,719.976.2178x7250,troy62@example.org,United Kingdom,New Christopherland,02549,2023-10-20
C66914,Reginald,Kelley,1992-08-30,Other,5006994597,christopherpeck@example.org,GB,New Courtney,70246,2026-06-05
C8309654,Travis,Edwards,1938-07-27,F,001-304-569-2540,cmclean@example.org,England,Bartonberg,81614,2024-09-09
C8078708,Kathleen,Norris,1972-05-15,F,5616331442,andersonchristina@example.com,GB,South Mistyland,67656,2022-02-02
C5530962,Hannah,Jones,1939-11-22,M,579.300.7358x178,nicolehill@example.org,U.K.,Lake Michelle,99931,2023-09-18
C1011113,Anthony,Arias,1962-07-30,M,950-889-1062x9801,michelle88@example.org,U.K.,North Kimberlyshire,86167,2022-04-02
C5086302,Anna,Gomez,1998-11-21,NULL,(803)549-9572x0705,larry23@example.com,United Kingdom,East Henry,05258,2024-08-04
C2702167,William,Hodge,1942-06-22,M,(541)873-0769x182,daviskara@example.com,GB,Jonathanhaven,82874,2025-12-10
C1027118,Kyle,Farley,1957-08-02,NULL,001-956-980-9715,ucollins@example.org,United Kingdom,Bauermouth,19335,2025-11-10
C7632109,Angela,Sims,1938-09-23,M,001-429-246-7148x62384,dixonryan@example.net,England,Richardmouth,61285,2025-03-08
C664314,Kristin,Holmes,1961-12-28,M,684.479.7828,nicholashale@example.net,United Kingdom,New Adamside,14796,2026-06-21
C760761,Patrick,Gonzalez,Tomorrow,NULL,261.843.6535x155,gallen@example.net,GB,East Amyborough,76070,2024-11-16
C104084,Maria,Payne,1974-05-20,NULL,200-318-0072x938,dannysnyder@example.com,England,Danielside,60224,2026-07-11
C8895240,Brian,Hester,1952-12-10,Other,4914990121,usmith@example.com,UK,East Katherine,33581,Tomorrow
C9847377,Sarah,Houston,1944-01-18,M,994.557.5699,pittmanwendy@example.org,England,Colleenchester,31024,2024-09-14
C1946917,Kyle,Mays,1974-07-02,F,611-426-6593x4267,stephanielynch@example.org,U.K.,Hallshire,38276,2025-03-31
C7622276,Adam,Evans,1991-11-08,Other,685-876-1803x9560,ronaldlopez@@example.org,United Kingdom,Garrettberg,05690,2024-04-25
C9093814,Justin,Mckee,2007-05-18,NULL,001-869-338-0501x6119,youngkristine@example.com,U.K.,New Christyville,50541,2023-06-16
C9520819,John,Smith,1984-02-21,M,+1-460-453-3773x8597,swilliams@example.org,United Kingdom,Scottville,09486,2026-01-06
C8743588,Denise,Velez,1942-02-20,F,(555)444-0747,robinsoncrystal@example.net,England,North Linda,73527,2024-05-24
C4962012,William,Clark,1938-03-31,Other,654-559-5225x07038,gregorydenise@example.net,United Kingdom,North Jennychester,11107,2022-09-04
C185617,Joseph,Price,1972-04-07,NULL,001-605-878-6349,vwilson@example.org,United Kingdom,East Tarahaven,47311,2025-09-21
C1091406,Lori,Wilson,1954-12-21,Other,001-754-293-0800x132,robertsonbeth@example.com,United Kingdom,Port Tyler,84721,2021-08-13
C2478100,Sharon,Whitney,1992-05-24,NULL,743-510-9493,pricekatherine@example.net,U.K.,North Scott,40589,2024-11-29
C1922426,Courtney,Hawkins,1993-07-24,Other,001-812-929-0598,tberry@example.org,UK,Moorestad,82896,2023-05-09
C1215068,Wayne,Hinton,1978-10-29,M,(831)970-7743x723,lisa27@example.com,United Kingdom,North Stevenchester,56301,2023-05-05
C1772581,Bruce,Carter,1951-07-10,M,(207)537-2087x563,rhonda76@example.com,England,East Stacyborough,07990,2022-11-20
C9310097,Andrew,Kelly,1965-09-28,M,(487)782-4333x010,wolfashley@example.com,UK,East Sharon,16839,2021-12-16
C2955621,Danielle,Porter,1990-04-08,M,4835335013,heathergordon@example.com,UK,Juliefort,01426,2024-01-26
C3150890,Sarah,Arnold,1979-01-22,F,001-981-890-9168,durhamtonya@example.net,GB,Lake Stephanie,79791,2025-06-01
C9159968,Melissa,Austin,1939-01-14,NULL,001-256-580-5412x1564,elizabeth09@example.org,UK,Briggsview,74381,Yesterday
C1786029,Kari,Garrison,1995-10-21,F,684-320-0214x1352,nicolerivera@example.com,U.K.,Port Kenneth,40788,2023-12-19
C3883447,Anthony,Gardner,1954-12-27,M,635.233.9946x213,jeanne67@example.org,GB,South David,36786,2022-09-02
C7099296,Timothy,-,1962-06-26,Other,(464)755-0140x324,gibbspatrick@example.com,GB,Port Williamchester,29407,2021-09-11
C9542927,Christopher,Mckee,1940-01-19,F,(709)374-2171x56583,petersonmatthew@example.com,GB,East James,19301,2021-09-03
C3339987,James,Salazar,1936-02-29,F,001-384-913-5373,wangchristopher@example.org,England,Michellechester,40545,2022-08-24
C7691341,Nathan,Martinez,1995-02-17,F,(715)867-9362x681,maryzamora@example.org,England,Joshuafurt,89745,2026-04-11
C3844474,Wendy,Sawyer,2001-04-10,F,+1-399-704-4048x0118,regina93@example.com,U.K.,Port Kathy,84867,2025-03-14
C6700469,Jessica,Davis,1996-11-06,M,(510)963-9627x5163,thomas03@example.org,UK,Lake Brianburgh,09711,2021-08-19
C592316,Elizabeth,Roberts,1998-10-16,NULL,(308)916-1575x69073,mcdowellsusan@example.com,UK,East Danielle,23477,2024-04-25
C4230780,Kevin,David,1936-01-13,Other,4953832493,bdavis@example.com,U.K.,North Amy,17430,2025-01-26
C374070,Paul,Estrada,878411241,F,(623)243-5633x6275,dawnfarmer@example.com,U.K.,Hernandezfurt,87110,2025-07-02
C3805236,Ian,Mack,1972-01-13,M,526-798-8580x707,vaughnbeverly@example.com,England,Christinetown,55653,2021-12-20
C4029585,Jasmine,Miller,1966-09-18,F,717.969.7627x014,lbrown@gmal.com,GB,North Mary,52754,2024-01-03
C8467313,Anna,Sosa,1974-01-25,Other,754-270-8622,kimberly39@example.com,England,Estradastad,69084,Tomorrow
C1650834,Jennifer,Walsh,1974-04-10,M,741.485.7705x482,laratimothy@example.net,UK,Westport,22769,2024-08-20
C8938279,Johnny,White,1965-04-20,Other,757-669-1142x1106,amandajohnson@example.net,England,East Angela,74020,2022-11-10
C4835098,Pamela,Suarez,1981-10-11,F,+1-233-210-1128,vsmith@example.net,GB,North Matthewchester,14448,2025-05-25
C9085996,Katherine,Hines,2007-03-02,NULL,9434596159,jeffery62@example.org,U.K.,Boydberg,02093,2022-06-09
C4801055,Jesse,Colon,1949-12-24,M,5369131856,olsonmichael@example.net,England,Walterston,32301,2022-08-09
C8703891,Paul,Pitts,1944-04-29,Other,+1-990-558-9569x43934,melaniefoster@example.com,England,North John,85660,2024-07-05
C3848671,Steven,Hubbard,2008-08-05,F,214-327-9932,kristigarrison@example.org,England,Ariasport,21700,2022-08-15
C2824396,Frank,Sanders,02-27-2008,Other,516-620-2279x13948,courtneyorr@example.org,U.K.,New Manuel,55791,2025-08-23
C8844017,Aaron,Keller,1987-10-02,Other,3615304480,wilsonjenna@example.net,England,Julianland,67899,2022-06-22
C2118209,Jacob,Gomez,1979-04-07,NULL,995.902.1474x3011,jennifermartinez@example.com,United Kingdom,Harrisonborough,30265,2026-04-13
C4768970,Martin,Trevino,1952-04-20,NULL,001-335-781-1635,millertony@example.org,GB,Jacksonberg,01059,2023-11-25
C5666555,Brett,Acevedo,04-27-1949,F,461.373.5180x833,ryan15@example.org,UK,Wendyville,37136,2025-01-03
C7385338,Kristie,Dixon,1948-01-17,Other,617-826-1151x88671,garrettbryan@example.net,United Kingdom,Port Lisaview,70759,2024-07-16
C6813654,Krista,Garcia,1998-02-11,M,(294)531-1953x4199,xanderson@example.com,United Kingdom,Dawntown,47656,2025-10-06
C5430345,Lori,Welch,1960-12-19,F,+1-468-925-5329x917,gesparza@example.net,United Kingdom,Port Mario,01069,2024-05-05
C2274394,Linda,Martinez,1948-05-12,F,(951)442-9080,wrivera@example.com,GB,Johnsonbury,40931,2025-06-07
C6833688,Elizabeth,Hamilton,1954-12-26,NULL,954.942.2399x4173,jimmy23@example.net,England,Floreschester,97018,2024-06-29
C4022094,Andre,Brown,1944-03-26,NULL,001-369-211-5783,nicolejackson@example.net,UK,New Samuelfort,39892,2025-12-16
C4705185,Megan,Moses,1989-08-23,F,253.802.1335x551,williamsjordan@example.com,England,Salazarside,65805,2024-05-06
C1957744,Jeffrey,Rivas,1954-08-11,NULL,592-458-9614x377,jason43@example.com,England,North Bryantown,80183,2026-01-06
C6532909,John,Brooks,1940-01-18,F,(340)763-0498,shawn38@example.net,UK,South Kaitlinshire,68475,2024-10-22
C2926810,Nicole,Harrison,1983-08-22,F,(924)644-7157x560,gwheeler@example.org,U.K.,Danielshire,98520,2026-07-08
C6711860,Michael,Gibbs,1940-07-02,Other,+1-744-212-2774x89567,bsanchez@example.net,United Kingdom,Ruizborough,96005,2024-12-20
C4520088,Sarah,Davis,1985-09-02,M,(677)406-6840x261,martinchase@example.org,GB,South Seanville,51210,2025-02-08
C4749749,Regina,Miller,1936-09-16,F,814-706-2336,briankidd@example.com,U.K.,Osborntown,74629,2026-01-28
C2016397,Jessica,Williams,1950-12-04,F,208-202-7513x44885,wmoore@example.org,GB,East Amyfort,10861,2026-04-04
C2950821,Joseph,Madden,1977-10-16,Other,931-503-1010,williamsdonald@example.com,U.K.,Newtonbury,83974,2021-08-21
C8610001,Michael,Campbell,1936-11-09,NULL,601.430.8640,ngreene@example.net,UK,Molinahaven,15820,2023-10-21
C5550226,Sylvia,Lynn,1945-12-27,NULL,001-644-287-7037,allison21@example.com,United Kingdom,Bethtown,59863,2023-03-24
C5308034,Deborah,Diaz,1959-07-07,NULL,(837)206-5003,vincenthale@example.org,United Kingdom,North Johnfurt,76968,2026-04-02
C9388395,Karen,Brady,1994-06-09,Other,714.899.3502x757,april59@example.org,U.K.,Markview,83018,2025-06-22
C5102477,Michael,Oconnor,1968-06-21,Other,+1-680-828-6951x767,laura88@example.org,England,Lake Mitchellton,29600,2025-11-04
C743471,-,Torres,1980-06-27,F,(797)753-2848x235,tamarameyer@example.org,UK,West Karlaport,82657,2025-04-12
C8016077,Suzanne,Cuevas,1957-01-28,F,2476747430,fjohnson@example.net,England,East Paultown,73700,2024-09-18
C771758,Carolyn,Baker,1988-07-18,NULL,(830)382-9064x76392,joseph08@example.net,GB,Charlesbury,27088,06-04-2025
C5182151,Brian,Thompson,1967-09-01,F,001-897-541-4006,ogomez@example.com,UK,South Thomas,31760,2021-11-20
C7666098,-,Chapman,1939-01-29,M,+1-369-399-8689x3932,zjackson@example.org,United Kingdom,Kimberlyland,22663,2026-06-14
C971865,John,Elliott,1961-02-05,NULL,636.671.2676,debra00@example.com,England,Kevinland,27120,2021-12-13
C5070095,Kelly,Gonzalez,1968-07-11,M,+1-990-731-8570x539,luis11@example.org,UK,Merrittshire,78985,2023-11-18
C278231,Molly,Patterson,1960-12-04,NULL,(841)451-3414x2702,whernandez@example.net,GB,Port Michael,97199,2022-07-30
C8182657,,Cain,1943-09-08,F,001-979-447-1794x73278,murrayjames@example.net,U.K.,Ramosberg,41552,2024-09-13
C2269911,Gregory,Schwartz,1985-09-04,F,+1-215-251-3141,rick32@example.org,U.K.,Nathanville,37666,2024-01-13
C5405676,Daniel,Hartman,1961-06-24,Other,548.358.2818,jonathan54@example.com,England,Moorehaven,31856,2026-06-07
C2432238,Kelly,Reid,1974-09-18,Other,9677040086,rfleming@example.net,U.K.,North Jonathantown,04596,2025-04-15
C2709490,Robert,Wilson,1948-08-09,M,+1-334-914-5493,james95@example.net,U.K.,Millerhaven,72875,2022-06-14
C5977275,Ashley,Walker,2000-03-04,NULL,+1-748-746-0841x290,adavis@example.net,U.K.,Martinville,20844,2026-05-24
C8781018,Thomas,Sanchez,19/01/1976,Other,711-901-1572,zfranklin@example.org,U.K.,New Brett,00636,2022-10-21
C4294901,Jason,Hernandez,1963-03-12,Other,250-723-1582x865,tfischer@example.com,UK,Port Kevin,74887,2023-12-31
C3187078,Daniel,Jones,1963-11-18,NULL,(721)222-1664x068,lucas75@example.com,UK,North Nathanberg,67441,2023-02-03
C1339683,Daniel,White,1949-02-11,M,(670)620-5948x49580,hle@example.net,U.K.,Jameston,72610,2023-12-10
C5191809,Angela,Davis,11/06/1976,NULL,953-769-8420,laurenaguilar@example.net,U.K.,Mathiston,37779,2025-09-07
C1684835,Rebecca,Charles,20060708,Other,3895003215,michael10@example.org,GB,Lake Danielton,01858,2023-10-02
C6325137,Gail,Bryant,1952-07-11,NULL,001-635-299-1062,zcrawford@example.org,United Kingdom,North Amandashire,44921,2022-09-10
C3675103,Valerie,Fischer,1950-01-12,F,+1-922-991-8681x80330,nelsonkatrina@example.com,U.K.,Jamesmouth,51387,2022-03-03
C2116078,Ann,Brown,1978-01-21,M,(697)438-6268x046,schneideradam@example.org,U.K.,North Glen,99260,2023-01-03
C8773427,Kerri,Ramirez,1936-02-06,M,375.348.6272x8363,cpope@example.com,England,Taylorfurt,65026,2022-05-29
C8066640,Nicole,Rowe,1992-11-15,Other,574-930-9006x59308,kathysparks@example.org,GB,Murphyberg,43476,2024-11-18
C3469624,Stephanie,Bates,1943-09-13,Other,486-356-2215x4801,marisamoore@example.net,U.K.,Port Loganville,31256,2023-10-16
C1298663,Benjamin,Meyer,1957-05-13,F,+1-857-428-9181,derekmurphy@example.net,England,Hallhaven,04075,2024-05-15
C3564249,Joseph,Smith,1950-10-08,NULL,374.982.2650,myersjames@example.net,England,Port Frank,00937,10/11/2024
C7401957,Brian,Scott,1994-11-27,Other,001-254-405-6001x06322,barbara65@example.org,UK,Lozanomouth,95403,03-02-2024
C8416260,James,Taylor,1947-02-01,NULL,848-227-1145x6172,huntjonathan@example.net,U.K.,Port Sarafort,36861,Yesterday
C3148965,Kathryn,Reynolds,1960-05-23,F,+1-571-686-2325x8349,patrickgill@example.net,UK,Jasminehaven,91694,2026-02-04
C7874977,Ana,Rodriguez,2001-01-02,F,6768855558,stephanieparker@example.com,UK,Josephside,23914,2024-04-01
C5758913,Kristina,Little,1937-08-07,Other,+1-999-845-4320x52310,dwayne05@example.org,GB,Deniseborough,11303,2023-08-16
C4683364,Kurt,Jenkins,19481122,NULL,(438)321-7320,mgates@example.org,England,Cherylview,05062,2021-09-06
C9241326,Jasmine,Bird,1944-09-01,NULL,448-345-0021,floreskenneth@example.net,U.K.,West Staceyside,67285,2023-07-06
C5884343,Trevor,Lamb,1991-01-11,M,8219059798,ggarcia@example.net,England,Port Michael,33239,2025-08-07
C7031694,Nicole,Scott,1960-08-09,M,+1-941-307-4355x50876,kevin45@example.net,U.K.,New Lisa,03806,2021-11-23
C197671,Tracy,Smith,1973-03-06,Other,NULL,mcdowelldavid@example.org,UK,Waltermouth,42729,2024-02-02
C5992627,Christina,Gilbert,2000-04-13,F,+1-788-382-2137,denise09@example.com,GB,Triciaborough,33216,2024-10-18
C9305970,Tonya,Singh,1952-04-17,F,(817)269-6412,colekimberly@example.org,GB,East Stephanie,06621,2023-10-18
C5676683,David,Reeves,09-05-1943,NULL,3123845549,morrismelissa@example.net,England,North Deniseview,45262,2021-08-18
C6709633,Veronica,Hinton,1945-01-25,M,6778998460,andrea15@example.net,U.K.,Lake Margaret,32335,2024-08-14
C7049377,Kimberly,,1992-02-14,M,+1-366-238-1467x91366,jsanchez@example.com,United Kingdom,New Phillipchester,27986,2026-06-20
C2847010,Brandon,Duke,1941-09-04,F,(210)331-4887,jessica35@example.net,GB,Port Michaelview,13699,2023-10-05
C2342926,NULL,Jones,1989-07-17,Other,+1-594-347-9138,sherry04@example.net,UK,New Terrancechester,57487,2024-12-21
C3213306,Alexander,Gray,1989-09-29,M,324-506-4530x98413,bballard@example.net,U.K.,Port Mary,88306,20260225
C6900918,Jaime,Wilson,1948-10-15,F,+1-698-561-6488x84913,arice@example.net,GB,Brianbury,83865,2024-11-20
C6653036,Maria,Miller,1985-11-14,Other,+1-695-768-9267x4720,douglas42@example.org,England,South Ericshire,81810,2023-07-15
C4113969,Kevin,Kelley,1987-07-28,M,996.718.2273x74278,scott83@example.com,UK,Charlesshire,88062,2026-02-25
C3524977,Amy,Byrd,1996-11-21,Other,001-964-682-5515x127,leemartin@example.net,UK,South Haileybury,25474,2022-07-25
C1825648,Brittney,Dunn,1940-08-15,F,(759)909-2396,wilsonadrian@example.org,England,Lake Jessica,41810,2023-06-28
C6132442,Erik,Kemp,1937-03-29,Other,001-320-877-2370x4114,vaughanjames@example.net,GB,Jessicaburgh,50449,2024-12-21
C4825735,Harry,Morales,1940-12-04,Other,814.663.9423x13554,misty22@example.net,U.K.,Moonburgh,84068,10/01/2023
C404652,Angela,Gross,1942-01-27,Other,(713)735-0654,maria94@example.com,England,Richardsonland,81784,2023-03-21
C5861650,Jacqueline,Peterson,2006-02-26,F,+1-255-284-6375x1108,lstephens@example.org,England,Lake Ronnieshire,37290,2024-04-12
C975709,Dennis,Davenport,1981-05-18,Other,+1-249-633-4112x2974,crystal61@example.org,UK,Millerview,40562,2023-10-26
C3147730,Katrina,Farley,1953-06-22,M,(816)237-0091x7162,james90@example.org,GB,Jenniferborough,30476,2023-10-16
C5760257,Corey,Hill,1986-09-09,NULL,904.421.1272x7723,thomas32@example.org,GB,Mathewborough,64602,2024-10-20
C2908606,Morgan,Christensen,1998-12-23,F,001-657-643-6634x1340,kfigueroa@example.org,GB,Nicholsmouth,94304,2022-11-27
C1089029,Faith,Martinez,1955-08-09,NULL,569-266-0693x6529,david47@example.com,U.K.,Lake Henry,24559,2023-10-28
C7864681,Jessica,Ford,1985-05-25,NULL,421.376.2772x687,peterwilson@example.net,United Kingdom,Lake Stephaniemouth,05641,2024-01-18
C3847127,Michael,Morris,1993-12-02,NULL,777-863-8025x858,hollyochoa@example.org,UK,Baileyville,84828,2024-10-09
C4259771,Lori,Morris,Tomorrow,Other,001-348-531-3695x854,gvalentine@example.net,England,Troyport,32343,2024-04-22
C8177497,Jeremy,Foley,2005-11-15,M,711-712-1959x7761,laurarichardson@example.com,UK,New Frank,20798,2025-03-23
C4804098,Justin,Perkins,1979-06-05,NULL,(858)868-5947x485,jgriffin@example.org,UK,Thomastown,74467,2024-07-23
C7718071,Matthew,Krause,2001-07-12,Other,001-362-620-4746x3838,uharrison@example.com,UK,Bensonview,23629,2023-06-12
C1630319,Elizabeth,Little,2007-02-25,F,575-921-9764,uschmidt@example.org,GB,North Angelamouth,16366,2023-11-04
C4363486,Tina,Brown,1937-02-03,NULL,250.709.3813,robinsonjulie@example.com,England,Robertburgh,99885,2023-10-01
C3119037,Bryan,Madden,1988-05-21,F,(593)264-3337,benjamin76@example.net,United Kingdom,Bishopview,59941,2026-06-25
C7700099,Jo,Lozano,1952-07-29,Other,(559)208-5727x2444,michael92@example.com,United Kingdom,East Christopherside,60193,2026-08-03
C9976368,Katrina,Jones,1997-09-19,F,459.847.5606x65018,davidsonalexander@example.net,U.K.,Millerville,45007,2022-01-22
C1804446,Jason,Olson,1998-10-24,NULL,817-723-1333x33298,ihart@example.com,U.K.,Port Judy,30878,2025-07-03
C9702836,Jaclyn,Reyes,1948-12-13,F,852.386.6978,theresaevans@example.com,UK,Hallstad,66818,2024-11-20
C2013417,Alexis,Carr,2000-07-03,F,+1-989-346-8785x543,lcruz@example.org,GB,Port Craig,94673,2022-12-23
C4067936,Sabrina,Taylor,1977-08-19,Other,216.808.3520x4852,michaelsmith@example.net,England,Andrewshire,71276,2023-10-15
C1677935,Melissa,Phillips,1976-06-03,F,+1-283-411-3619x432,amandaquinn@example.com,United Kingdom,Shieldsmouth,24150,2024-05-16
C7960702,Sarah,Allen,2002-08-24,M,001-914-372-9444x494,otorres@example.net,England,Port David,55062,2025-07-20
C2364487,Kathy,Bryant,1949-09-20,F,848.584.1369,tanner66@example.org,GB,South Brandonshire,80559,07-02-2023
C3331683,-,Simpson,1996-09-05,NULL,(527)670-4163x61408,keithsullivan@example.com,GB,Johnsonborough,79897,2026-05-06
C1670229,Aaron,Vasquez,1974-06-10,M,(796)793-6215x97355,jliu@example.com,UK,Kingborough,25126,2022-03-22
C9819930,Julia,Brown,2000-06-22,Other,272.468.2829x81048,nsmith@example.org,U.K.,Lake Dawnbury,55283,12-06-2022
C411520,Nancy,King,1954-04-01,Other,435.992.0411,ileon@example.com,U.K.,Hernandezbury,19209,2026-01-29
C5024647,Michael,Hill,2001-08-07,NULL,947.778.0095,slong@example.com,United Kingdom,Parkermouth,45400,2022-12-21
C9084458,Nicole,Stanton,1942-08-25,NULL,782-943-7006x7011,hurleymark@example.org,England,West Rodney,98666,2023-10-10
C8154471,Kara,Bauer,1992-03-15,F,001-442-301-7515,smithmark@example.org,UK,Matthewfort,31582,2024-10-26
C1820846,Michael,Lee,1948-05-21,F,+1-389-384-6459x3588,mckinneyeric@example.com,U.K.,Mccormickberg,69793,2026-04-21
C3221516,Peter,Mathews,1959-04-08,Other,(373)817-0321x289,mtate@example.net,U.K.,Thomasfurt,23931,2026-06-15
C6114791,Scott,Kelly,1976-03-01,NULL,(656)297-5757x03327,seanortiz@example.org,UK,East Phyllis,79831,2023-03-05
C6064156,Katrina,Joseph,1946-12-05,M,(422)440-7252x4860,melissa18@example.com,U.K.,South Rachelshire,31664,2026-05-10
C7533562,Angela,Smith,1987-10-06,F,001-503-425-6146x08606,cannonjason@example.org,United Kingdom,New Robert,60916,2025-05-22
C8976338,Levi,Ramos,1978-10-09,F,+1-271-845-6372,dawn43@gmal.com,United Kingdom,South Danielstad,96648,2024-01-25
C961644,Tracy,Lozano,1959-06-09,M,428.375.1811x0758,edwardcampos@example.com,United Kingdom,South Priscillaside,33538,2024-05-18
C6191095,Suzanne,Cooper,2007-05-16,F,510.700.8588x79126,pbrooks@example.com,UK,South Davidstad,93536,2024-11-28
C9903418,Colleen,Wilcox,325711575,NULL,(828)388-8661,brittney76@example.org,GB,Tracieborough,22343,2022-02-05
C2817595,Timothy,Snow,1979-11-26,Other,6477426683,paul79@example.org,UK,Lake Ryan,93086,2026-05-31
C1768385,Barbara,Waters,1942-05-03,Other,+1-264-461-2067x40553,lorettasullivan@example.net,England,North John,84099,2025-11-07
C140341,Mario,Perry,1954-07-11,Other,695-584-0036,howejeffrey@example.net,England,Lake Michael,77565,2025-09-08
C2573274,Scott,Burns,1939-04-30,Other,+1-554-580-0339x5448,francisco97@example.org,United Kingdom,Mooreport,16668,2024-10-25
C8153804,John,Hicks,2001-12-17,NULL,(892)454-9008,tylergardner@example.com,U.K.,Tinaside,62898,2023-10-17
C265926,Benjamin,King,1992-11-27,Other,933-787-2097x6465,fishergeorge@example.com,England,East Jeffrey,17130,2021-10-06
C6000573,Nicole,Matthews,2008-02-05,M,+1-331-671-5529x6004,gmercado@example.org,UK,Rojasshire,15478,2026-01-30
C3985189,Brian,Crosby,Yesterday,Other,001-364-480-5597x843,lbarron@example.com,UK,Adambury,19305,2024-11-14
C1650746,Patrick,Rogers,1953-04-16,F,+1-760-760-7622x78743,stephengallegos@example.org,UK,North Jason,48312,2024-06-12
C4593918,Ernest,Davila,1986-02-11,F,+1-720-466-1102x4211,kleinlori@example.org,GB,South Christopherburgh,06044,2025-03-15
C4908337,Allison,Cruz,1984-04-07,Other,001-440-489-5349x284,sharon98@example.org,GB,Mendozaburgh,93878,2025-08-09
C890526,Christina,Reeves,1935-11-04,NULL,(995)493-4353x97714,nicholasscott@example.org,United Kingdom,Prestonside,21076,2023-02-12
C8548944,Jessica,Holloway,2004-01-09,F,358.747.5229x5042,elizabeth23@example.com,GB,North Sara,43948,2024-12-05
C7810711,NULL,Rodriguez,1989-02-14,F,(383)741-0080x2792,cjones@example.com,England,Martinezshire,30178,2025-02-28
C9064819,Anthony,Clark,1946-05-08,NULL,+1-231-916-1186x785,james74@example.org,England,Amberside,90160,2021-12-27
C219534,NULL,Perry,1937-06-04,NULL,+1-828-346-1506x569,wilsonjennifer@example.net,U.K.,Clarkland,59332,2021-09-20
C7937637,John,Fischer,1993-05-31,NULL,420-469-9067x6037,jonesjustin@example.net,United Kingdom,North Josephfurt,88538,2023-09-02
C6283791,Elaine,Rodriguez,1953-02-15,Other,603.500.2513,nicholas29@example.com,England,Port Austin,80645,2024-01-31
C6415585,Tonya,Hart,1937-07-23,M,597.291.4526x565,youngjacqueline@example.org,United Kingdom,Huangchester,34717,2023-07-10
C1454475,Luis,Schneider,1942-07-27,Other,(666)665-9553x09817,pjones@example.com,GB,Stephenshire,29860,2025-06-05
C9735813,Luke,Newman,1938-02-11,F,798.937.6276x436,yriggs@example.net,U.K.,Derekfurt,33918,2026-04-05
C2536628,Gloria,Jimenez,1960-06-19,Other,+1-260-893-8790x986,jacob03@example.net,United Kingdom,East Kathryn,21032,2022-01-16
C7933705,David,Stafford,1960-08-12,M,(660)559-3127,plopez@example.org,U.K.,Port Crystalhaven,80169,2026-04-11
C5528167,Donna,Hale,1982-02-17,NULL,,hensonpatrick@example.com,England,Kaiserstad,19318,2022-05-30
C1496225,Ralph,Davila,1955-07-28,Other,962.631.9431,miranda76@example.org,England,Turnerstad,61778,2025-01-16
C7249100,Anthony,Williams,1990-12-15,Other,829-607-2214x43307,isims@example.org,England,East Benjamin,20207,2024-04-02
C5612089,Samuel,Hill,1960-04-19,NULL,352.224.6229,eyates@example.org,GB,New Mollyshire,35414,2023-12-31
C4529456,Sean,Allen,1937-02-24,NULL,001-938-221-9863x3698,thomasrobbins@example.org,U.K.,Kyleton,52275,2023-10-21
C4366776,Deborah,George,1992-05-30,F,+1-420-631-1992,hintonshawn@example.org,United Kingdom,North Steven,14216,2024-08-06
C71018,Dennis,Mcdonald,1969-08-20,Other,+1-761-634-8117x2050,ramseysusan@example.org,England,East Angelaport,51140,2022-08-06
C9086651,Kimberly,Mcintosh,1993-01-10,M,529-501-7419,elizabethjackson@example.org,UK,Wattsmouth,48332,2024-08-11
C503008,Randall,Terry,1972-02-12,NULL,235-677-9720,patricia98@example.org,England,Rollinsshire,53680,Yesterday
C5710155,Beverly,Nelson,1992-06-26,NULL,594.647.8872x5235,denise49@example.org,UK,Lake Laurie,46019,2022-07-23
C5582120,Morgan,Griffith,1965-09-11,M,+1-258-459-1721,larryblake@example.net,GB,West Stephen,69266,2023-01-05
C9979712,Bobby,Ward,1938-11-29,F,973.372.6993x2226,romeroshane@example.com,UK,East Austinmouth,45778,2025-11-30
C1944226,Michelle,Cook,2004-02-09,NULL,616.236.7056x22962,qwilkins@example.org,UK,South Kenneth,13017,2023-08-16
C1997218,Ryan,Miller,1935-11-23,Other,(836)724-8304,danielhall@example.net,England,Port Ryanmouth,67288,2023-03-14
C6403917,Johnathan,Nunez,1970-10-17,NULL,+1-811-698-2671x291,hallmichael@example.org,U.K.,New John,58642,2024-02-17
C9888960,Deanna,Gray,1949-02-23,M,(941)437-7244x8812,sgutierrez@example.com,GB,North Michael,71562,2022-03-18
C9490840,Sarah,Little,2000-04-19,Other,(330)449-5515,mark66@example.org,UK,South Williamborough,78522,2026-06-03
C1906914,Lori,Smith,1969-01-17,NULL,+1-431-636-0636x578,thall@example.com,UK,Port Sarah,83589,2025-11-07
C4615257,Michael,Peters,2005-03-03,M,(601)543-5154x8017,imitchell@example.org,United Kingdom,Jennifertown,29874,2025-04-11
C6433263,Daniel,Schultz,2003-07-12,Other,001-905-858-9658x01688,gomezsusan@example.org,U.K.,West Maureenport,70398,2025-12-28
C4586889,Cody,Carroll,1956-10-10,Other,428.913.5774x08597,bradleyallen@example.com,GB,Port Ryan,36311,Tomorrow
C9130643,Aaron,Brewer,1949-11-15,NULL,791.592.6900,gdennis@example.net,UK,Port Toddchester,03566,2024-09-08
C901667,Bryan,Reyes,1998-04-07,Other,5924421602,brian98@example.net,England,East Mariaview,76445,2022-08-15
C8810138,Michelle,N/A,1936-07-08,Other,381.836.4580,james47@example.net,UK,East Michaelside,05074,2025-12-19
C8142044,Pamela,Gonzalez,2006-01-14,Other,001-489-445-1439x28576,jessicawall@example.net,GB,Benjaminview,60243,2023-05-16
C4662949,Christopher,Guerrero,1939-08-02,F,8977269611,xmurphy@example.org,England,Barbarabury,20774,2026-06-08
C8803677,Jonathan,Holden,1942-12-31,NULL,791-652-7322,hayley31@example.com,U.K.,East Taraton,35473,2025-08-06
C3199806,Amy,Farley,2002-11-11,M,001-861-962-5424x04854,joseph02@example.net,U.K.,Woodland,65852,2022-10-22
C2649100,Anna,Carter,2004-11-23,F,+1-796-387-1842x374,ericfisher@gmal.com,England,Port Jamesborough,08921,2021-10-30
C6231008,Dean,Acevedo,1983-01-19,NULL,-,clarksarah@example.com,United Kingdom,East Nicole,92602,2022-02-18
C5821143,Erin,Wright,1963-01-11,F,001-915-213-7418x876,kirkmary@example.net,England,New Andres,73019,2021-08-14
C5274866,Kathy,Garcia,1939-02-01,NULL,001-973-703-1598x37409,robinsonlaurie@example.com,England,North Denise,47444,2025-03-19
C3125609,Amanda,Serrano,1968-11-08,Other,207.255.0334x4559,davidalvarado@example.net,England,Ashleyside,13685,2023-05-20
C1850207,Susan,Fisher,1996-01-19,F,278-410-5355x997,frederick31@example.org,GB,West Robert,29456,2022-07-16
C2852169,John,Bonilla,1939-09-01,M,+1-339-289-0711x0905,lisa69@example.com,U.K.,North Kenneth,41529,2024-04-27
C7827525,Terri,Shannon,Yesterday,M,878.410.0855,joycekevin@example.org,U.K.,North Robert,98964,2026-07-06
C2000270,Jasmine,Dixon,1950-10-24,F,+1-456-465-4557x95796,jamesrussell@example.net,England,South Ashlee,45986,2023-06-13
C2402750,Ashley,French,1963-03-19,M,5175937889,james96@gmal.com,U.K.,East Hectorstad,59132,2024-09-15
C2602961,Michael,Hancock,1971-02-05,NULL,566.392.8487,ojensen@example.com,UK,West Danielle,30406,2021-10-14
C4245176,Sean,Christensen,1977-12-02,M,373.648.0552,candicejohnson@example.org,GB,Fitzgeraldfurt,80362,Yesterday
C6133145,Andrea,Rodriguez,1975-04-18,Other,398-895-4700,mejiajustin@example.com,England,West Melissa,33169,2023-12-07
C5148328,Daniel,Stafford,1994-05-09,Other,+1-367-267-4825x92180,kevinmedina@example.com,GB,North Lisamouth,17173,2023-05-23
C4629713,Theresa,Shaw,1956-01-23,F,+1-991-258-9047,allenmelissa@example.net,United Kingdom,West Brenda,19524,2022-12-19
C8680275,Ashley,Phillips,1961-01-08,F,822-425-4423x148,dana12@example.net,England,Mccallside,33139,2022-12-04
C7823729,John,Hensley,1942-12-21,NULL,378.997.5444x155,riggschloe@example.net,United Kingdom,Lindsayfort,29178,2023-02-05
C7258991,Robert,Henry,1968-07-15,M,695.352.7802x378,calexander@example.org,GB,Port Michaelville,22234,2022-03-30
C6205874,William,Espinoza,1977-09-21,M,412.753.0769x5312,smay@example.com,United Kingdom,Maryborough,10787,2023-09-03
C7271088,Melinda,Graves,1940-05-19,F,(735)251-5219x652,sarah09@example.net,UK,Jonesshire,52769,2023-11-09
C8353943,Amanda,Bennett,1990-09-04,M,+1-616-766-2483x21748,diana68@example.com,GB,Meredithport,75552,2025-11-17
C9545602,Jeffery,Barrera,1957-03-23,F,001-258-595-7193x63378,molinajohn@example.com,United Kingdom,East Gregory,79922,2026-04-18
C4864683,Jessica,Nguyen,1948-10-30,M,580-716-5050x96621,jennifer30@example.org,England,Alexismouth,16044,2022-06-30
C835176,Caitlin,Martin,1976-09-12,F,251-892-4086,fcarey@example.net,U.K.,West Tommy,50575,2024-06-23
C8239363,Juan,Compton,1964-03-30,NULL,+1-412-804-2671x834,hsaunders@example.org,U.K.,West Heatherborough,24860,2025-06-23
C3308351,Michael,Smith,1951-11-08,NULL,+1-306-607-6914x560,james47@example.com,United Kingdom,East Tammytown,74629,2022-06-15
C1497682,Cheryl,Brown,1961-09-14,NULL,439-503-0274x62219,carriefowler@example.org,United Kingdom,Estesburgh,12331,2026-06-25
C8676593,Richard,White,2003-02-17,NULL,2117435472,lisa86@example.net,UK,Owenfurt,40255,2023-08-26
C7861060,John,Lewis,1938-04-13,NULL,398.705.8639x5297,lcollins@example.com,GB,South Cheryltown,82576,2023-09-16
C6509846,,Wagner,1962-10-19,NULL,497.976.4582,joseph37@example.net,U.K.,Port Robertside,80002,2023-03-30
C5506220,Laura,Wood,1964-01-14,F,956-791-2885,rogersgina@example.net,U.K.,South Kevin,22901,2024-02-11
C8544935,Bridget,Morrison,1940-08-16,M,001-454-507-3628,cfuller@example.org,England,North Debbieside,75525,2024-12-19
C4460600,Monica,David,1962-04-02,F,545.973.1618,epaul@example.net,England,South George,98083,2025-10-16
C2644492,Matthew,Fleming,1998-03-04,F,+1-287-938-2590x95517,riverajulie@example.com,GB,Deannaborough,74622,2025-05-17
C8378322,Katherine,Hudson,1966-05-08,F,517-776-0071,swalker@example.com,U.K.,New Jacquelineborough,08389,2025-12-07
C5204453,Wesley,Woods,2006-12-16,F,935-290-9753x7871,brownnathaniel@example.com,U.K.,Dustinton,93881,01-04-2024
C3588703,Brian,Miller,1973-11-03,F,(915)205-6663x3751,johnsonricardo@example.com,U.K.,Port Scottchester,61345,2022-04-07
C3019091,Brian,Snyder,1969-07-04,F,343-388-4472,xwilliams@example.org,UK,West Pamela,48803,2024-11-11
C3322929,Kristy,Rubio,1958-01-12,M,905.620.1722x137,hmills@example.net,U.K.,Padillaport,60940,2024-10-24
C3549568,Mackenzie,N/A,1962-12-14,NULL,465-812-2838x128,andrewsdavid@example.org,UK,Sherriberg,26815,2025-05-14
C6991387,Robert,Salas,2004-05-01,NULL,(635)578-4059x004,richard39@example.org,England,Port Sarahborough,95272,2023-04-18
C6254137,Scott,Russo,1950-05-22,F,+1-826-889-0133,jessica02@example.net,GB,Lake Frankborough,59982,2025-02-20
C1222552,Christopher,Rodriguez,1947-04-24,M,(906)395-7283x10015,jason71@example.org,GB,Michaelside,55263,2025-11-18
C920425,Vincent,Lane,1943-11-10,M,+1-474-565-8035x7828,juanestes@example.com,U.K.,New Deborah,93170,2025-01-28
C2026941,Chelsey,Campbell,2007-02-22,NULL,430-982-5583x181,rodney12@example.com,GB,Andrewmouth,64432,2026-06-04
C1499771,Andrea,Webb,2003-11-08,NULL,001-304-682-7285x1858,deborah79@example.net,United Kingdom,West Gary,03263,2023-08-03
C2650551,Christian,Jackson,02-04-1937,NULL,519-448-8853,laurierodriguez@example.org,UK,Elizabethfurt,12418,2025-12-29
C7799453,Mike,Sanchez,1938-02-08,NULL,884.638.1746x73161,simmonsmichael@example.com,England,Charlesview,95469,2024-05-06
C6977623,Cheryl,Ellis,1992-12-24,F,(689)267-4168,robert54@example.org,UK,West Shawn,33347,2022-10-31
C2351636,Tanya,Fuller,1972-07-24,NULL,001-830-782-5582x017,ireynolds@example.net,United Kingdom,New Johnview,02179,2025-11-26
C7970115,Anna,Watson,16/04/1946,Other,(854)693-2004,jenna22@example.net,UK,Medinabury,84697,2024-04-01
C1731829,NULL,Holden,1959-05-23,M,(298)628-1543x5836,mmorris@example.org,UK,Millerbury,66909,2023-07-11
C8518421,Cynthia,Jones,1960-11-28,Other,(289)975-3361x7378,paul74@example.net,U.K.,Parsonsport,56294,2025-07-05
C7837471,Kristina,Smith,1984-02-11,Other,+1-877-489-5287x40810,lisa76@example.net,U.K.,Lake Chloetown,68190,2023-01-05
C3439798,Rebecca,Baker,1972-11-22,M,348-391-9643x8065,astewart@example.net,England,North Don,11871,2023-02-24
C616257,Joseph,Palmer,1938-12-05,M,291-477-6374x0357,kclark@example.org,England,North Kelly,05499,2026-03-29
C8395397,Brandon,Hess,Tomorrow,M,001-859-761-2865,jennifertaylor@example.org,GB,Ricardochester,08816,2023-10-18
C4065230,Mark,Adams,1956-09-11,NULL,+1-976-244-4085x45444,howardmichelle@example.com,England,Ethanmouth,95557,2023-01-21
C8430487,Ricky,Brown,2001-03-30,NULL,8654268216,seth05@example.org,England,West Stephentown,30981,2023-10-21
C865209,Pamela,Mccall,1971-07-01,NULL,4927443034,howardjeanette@example.org,UK,Lake Danielborough,74917,2025-06-23
C783049,Henry,Moreno,1995-11-06,M,2257998865,april79@example.org,UK,Whitemouth,49103,2021-12-26
C6548122,Tracy,Fox,1977-09-08,NULL,001-738-617-5185x1859,jeanettenovak@example.org,U.K.,Stephenville,05435,2023-02-06
C6463465,Aaron,Clark,1998-04-16,F,(814)528-9793x0144,mdavis@example.net,GB,East Ivanport,32414,2021-09-25
C3648609,Richard,Miller,1962-06-30,Other,214.880.4383x25620,michaelmorris@example.net,GB,West Valerieberg,24883,2024-12-09
C9507404,Victor,Lopez,1957-08-29,Other,370.809.3554,isingleton@example.org,GB,East Kimberlyshire,41210,2022-09-05
C208685,Morgan,Le,1943-04-17,M,(282)842-6404,rsweeney@example.org,U.K.,Johnstonfurt,32615,2025-04-19
C4922709,Justin,Wells,1974-02-21,NULL,+1-594-439-6157x1089,william57@example.net,GB,Teresaport,48785,2024-09-23
C8866774,Travis,Sanchez,1940-11-14,Other,001-672-969-9450x562,alexanderadams@example.com,United Kingdom,West Terrenceshire,94693,2022-09-26
C6335885,David,Romero,1976-01-07,NULL,536-489-5939x018,mary05@example.org,UK,New Patrickbury,48579,2024-03-04
C4233249,-,Sanchez,1948-05-24,Other,371-713-3342x044,calvinneal@example.com,UK,New Leah,62995,2026-07-17
C4912019,Richard,Mitchell,1953-11-14,Other,+1-540-510-2351,sarah20@example.org,United Kingdom,North Justin,03291,2021-08-17
C8503242,Joy,Davis,19731210,F,NULL,ngarcia@example.net,England,North Christopherville,09681,2022-12-22
C9314198,Nicole,Boyd,1960-09-15,NULL,(494)393-5636,jackie50@example.net,GB,Whitneyside,96581,2025-01-09
C6788133,Paula,Smith,2005-08-14,NULL,739.242.0204x92913,hreed@example.net,United Kingdom,Isabellaberg,22240,2024-11-20
C9230581,Andrew,Palmer,2006-04-24,Other,7993344365,kennethhenson@example.org,UK,West Matthew,21478,2021-12-21
C1803710,Jeffrey,Griffith,1976-10-05,M,001-647-564-8751x1042,esmith@example.com,England,South Meagan,84816,2025-10-10
C258911,John,Martinez,1959-08-01,F,001-454-562-2688x20914,derekwalker@example.com,U.K.,East Jeffery,91392,2024-11-07
C6025249,Elizabeth,Jacobs,1995-09-21,F,875.314.6768x7181,gmejia@example.org,U.K.,Hintonshire,04264,2026-06-01
C1469074,Mark,Boyd,1960-08-03,NULL,749.661.6124x8438,kingcharles@example.org,U.K.,Sydneystad,72268,2024-04-22
C7092085,Unknown,Carter,1948-08-05,F,001-494-698-6785x8945,juanguzman@example.org,England,New Nicole,81733,2022-03-27
C6299816,Janice,Lee,1968-11-25,Other,(571)653-2251x914,wadams@gmal.com,United Kingdom,South Elizabeth,67429,2021-10-21
C4133341,Andrew,Williams,1949-08-17,Other,+1-739-613-2265x965,jeffery35@example.org,UK,Trevorside,96987,2026-07-28
C1363850,Cynthia,Hall,2003-09-08,F,4526063299,anthonyward@example.org,GB,South Nathan,64224,2026-04-24
C4672627,Justin,Jones,1978-10-13,M,724-588-6903x916,darlene57@example.net,England,Barreraview,05428,2022-02-28
C2223742,Heather,Reid,2004-07-22,F,592-305-0562x12368,johnhuynh@example.net,GB,Jamesbury,52693,2023-01-11
C852642,Mark,Anderson,1972-08-15,Other,(782)362-9352,xfrazier@example.org,GB,New Jennifer,50721,2022-03-16
C8432587,Douglas,Flynn,1944-11-18,NULL,+1-815-695-7397x5141,nromero@example.com,England,New Thomas,76697,2026-07-02
C3039353,Martin,Vasquez,1987-04-17,F,+1-487-448-2204x780,donna91@example.net,U.K.,Dakotamouth,95271,2025-11-17
C6283117,Jessica,Williams,1959-03-03,Other,+1-508-362-2794,angelabest@example.org,U.K.,East Brandi,07454,2025-01-29
C4413074,Scott,Carter,2003-10-01,M,(226)453-2786x0804,sergioryan@example.net,UK,Burgessview,87549,2024-03-10
C2623897,Edward,Nelson,1943-10-25,NULL,482.826.2556x09584,jesselopez@example.net,England,Millerview,11950,2026-02-20
C3310210,Cindy,Ramos,1955-06-23,NULL,2656749345,rodriguezmichael@example.org,UK,New Anthonyport,72414,2026-04-24
C9194164,Tammy,Malone,1962-06-05,M,539.929.3612x8510,rickyandrews@example.com,GB,North Jesse,97283,2024-03-26
C794798,Angela,Mason,1991-07-12,Other,543.686.5030x143,thomaskristin@example.com,U.K.,South Melvinshire,95661,2024-08-02
C9019989,Melinda,Parker,1965-10-30,M,+1-940-889-6222x1672,karendavis@example.net,U.K.,New Lisahaven,71113,2022-07-17
C9158444,Angela,Baker,1975-10-22,M,431-926-0272x736,richardlloyd@example.com,UK,New Bobbyton,78269,2025-08-07
C3275249,Antonio,Miller,1985-11-04,F,903-916-0149,ashleymcdaniel@example.net,England,North Robertbury,79967,2025-09-24
C2970038,Paul,Martinez,2001-01-30,F,(796)202-4720,randy42@example.com,United Kingdom,Conleychester,37099,2023-12-05
C1357875,Kevin,Huang,1981-03-30,Other,591.609.9102x50313,michaela78@example.com,GB,South Shawnborough,37956,2022-06-01
C7037642,Fernando,Thomas,2006-05-12,Other,+1-478-689-6615,kennethwilliams@example.org,GB,Smithtown,86862,2021-10-14
C6424524,Anthony,Patel,1959-03-11,NULL,606-315-9280,isabellasmith@example.org,England,Jennastad,10558,2023-06-07
C8442298,Ernest,Anderson,1972-02-08,M,+1-685-287-4220,gbooker@example.org,GB,Smithborough,29783,2023-12-27
C7581962,Martha,Torres,1956-09-14,Other,+1-763-603-0219x29331,wendyrivas@example.com,United Kingdom,Brookehaven,82518,2025-09-02
C2367419,Christine,Edwards,2005-02-16,F,802-370-8038x516,zacharyorozco@example.org,U.K.,Heatherberg,90711,2026-06-25
C2070116,-,Harris,1953-01-11,NULL,534-903-9010x56977,mike31@example.com,UK,Evansmouth,76253,2024-03-10
C8118800,Mark,Newton,19670918,M,5845802774,david64@example.net,United Kingdom,Lake Johnburgh,49351,2021-11-05
C4713397,Lisa,Little,1942-07-12,M,(604)714-8505x80983,xjohnson@example.org,England,Longmouth,69678,2024-01-25
C9504159,Susan,Black,1984-11-07,Other,579.815.2663x72585,vvillanueva@example.com,GB,Smithshire,08931,2024-03-19
C7423532,Nicole,Campbell,2007-05-25,NULL,7908503646,tmanning@example.net,UK,New Amber,65470,2022-04-18
C5102691,Unknown,Mendez,1987-03-18,Other,001-442-424-8340x0473,raymond10@example.com,U.K.,New Diana,87955,2024-01-20
C7089039,Amanda,Short,1943-11-03,M,-,timothy95@example.net,U.K.,Darrylland,15934,Yesterday
C8163101,Joshua,Kim,1942-05-14,F,(270)987-7787,samanthawatts@example.net,England,Lake Annaland,31982,2022-09-26
C5319577,Hailey,Jensen,1936-05-21,NULL,879.311.4374x33500,thomasbarbara@example.net,GB,West Michael,76557,2023-03-11
C9019036,Charlotte,Harrison,1950-02-08,M,NULL,yleach@example.org,United Kingdom,Brendamouth,16137,2025-10-19
C1629945,Unknown,Shannon,Tomorrow,F,271.393.7220x047,jorge31@example.com,UK,West Gabrielchester,53593,2025-07-18
C4161019,Crystal,Cook,1988-09-30,NULL,+1-726-336-3115x815,mpena@example.com,U.K.,South Scott,17619,2021-08-26
C1765833,Christopher,Walter,1999-03-23,F,+1-527-919-8125x121,oliverrebecca@example.org,UK,Moodyfurt,24948,2021-12-04
C2650743,Ashlee,Jackson,2005-06-21,F,519-457-9414x036,ashley62@example.com,GB,Lewisville,24531,2023-09-18
C7473886,Danielle,Mcpherson,2006-05-10,M,001-369-290-1422x6735,juan96@example.org,U.K.,West Emily,65533,2021-09-21
C1686063,James,Smith,2007-06-19,M,631.468.2524,julie20@example.org,England,South Leah,03880,2026-04-22
C1172805,Charles,Guerrero,Yesterday,M,961.837.3196,pamelaallison@example.org,U.K.,North Kenneth,86204,2022-01-26
C7060558,John,Edwards,1935-09-26,NULL,659.946.6646x717,butlereric@example.net,GB,East Sherry,88974,2024-12-20
C7192721,NULL,Wiley,2003-04-16,Other,670-896-0624,sara31@example.org,U.K.,Tanyamouth,52483,2022-07-31
C9704205,Vincent,Atkinson,1959-12-23,Other,7779746948,jessicastevens@example.net,U.K.,New Candace,02212,2023-04-17
C9579653,Katherine,-,1958-06-11,F,-,anthonysandra@example.net,UK,Thomaschester,69497,2025-02-09
C5629848,Beverly,Bass,1987-04-19,NULL,+1-705-244-3788,susan13@example.com,GB,Richardfort,65916,2023-03-25
C3685974,Eric,Obrien,2000-12-24,Other,+1-785-304-9345x9276,dennisramirez@example.com,United Kingdom,East Nicholasshire,44184,2024-11-18
C3916621,James,Lee,2002-11-05,F,831.275.4064x13946,parkalexis@example.com,United Kingdom,Tranburgh,51854,2021-10-21
C2101405,Michael,Horton,1961-08-29,M,877.547.2247x905,kingjeremy@example.net,United Kingdom,Jennyside,40509,2024-08-18
C6857503,Ryan,Orr,1982-11-13,M,(398)275-4628,kimberlyreed@example.com,U.K.,Osborneton,75823,2024-07-05
C1283306,Mark,Reed,1943-09-09,NULL,795-727-5773,tconway@example.com,United Kingdom,Hamiltonchester,21603,2022-12-25
C596759,Sean,Greer,2006-08-20,F,001-432-974-1911x7566,patrick01@example.com,GB,Ryanchester,26463,2025-07-14
C8187474,Michelle,King,1979-11-23,F,001-492-731-1794x8859,christina56@example.net,GB,New Andrew,76226,2021-09-27
C3728965,Eric,West,1943-06-09,M,357-509-1344,millermichael@example.net,UK,New David,21157,2025-03-19
C807767,Adrian,Wilson,1964-04-09,F,7982286557,yavery@example.net,UK,Martinezton,72401,2023-04-16
C1237770,Brian,Carter,1969-04-05,M,529-208-5080x993,anndiaz@example.org,U.K.,Port Taylorburgh,58787,2026-04-28
C2898687,Kelsey,Allen,1967-03-06,NULL,(813)398-5322,joshuabishop@example.org,United Kingdom,Nicolasborough,90051,2025-12-13
C8251323,Michael,Castro,1940-09-01,NULL,9215922638,harrisryan@example.com,GB,New Noahville,10895,2024-03-27
C6185627,Michele,Stone,1986-10-22,M,(777)905-9099,qbrown@example.org,UK,Lancefort,20156,2023-10-16
C7429740,Hunter,Sullivan,2000-02-17,M,(403)484-4040x5115,wheelermichael@example.com,UK,Veronicachester,71092,2026-07-06
C6944803,Heidi,Huffman,1959-12-10,F,689.881.9736x7326,angie01@example.net,United Kingdom,West Devinhaven,15265,2024-03-29
C5302842,Heather,Holland,2007-11-10,F,841-435-9476x671,grantmatthew@example.net,United Kingdom,Woodschester,18660,2023-04-13
C1251638,Dorothy,Juarez,1949-11-06,Other,001-909-283-0718x096,vmarshall@example.net,GB,Jesusmouth,31623,2023-01-05
C9947201,Mariah,Hancock,1944-01-10,F,(999)872-5580,wrightchristopher@example.com,United Kingdom,Ashleybury,54839,2022-02-27
C7085796,Dakota,Cannon,1975-06-09,F,552.399.9993,allenkathleen@example.org,England,West Barbaraview,59960,2023-03-27
C9668885,Whitney,Edwards,1988-05-31,NULL,(741)886-0753x89700,patrick80@example.com,United Kingdom,Youngport,22255,2023-08-10
C8465649,Dustin,,1954-07-04,Other,(572)470-9166x3366,bradleymckee@example.net,United Kingdom,Williamsside,99808,2026-08-05
C9376547,Darin,Nguyen,1986-11-13,M,(362)936-8338,taylorpaul@example.org,England,Jimburgh,84718,2024-09-13
C7960324,Linda,Baker,Tomorrow,NULL,(819)479-3486,nichole28@example.com,U.K.,Ashleyberg,68140,2024-06-23
C2805317,James,Smith,1997-08-07,M,393-718-3980x18683,alisonwilliams@example.net,U.K.,Cookberg,72423,2022-06-13
C2805475,,Alexander,1971-08-06,F,263.984.0892,tdavis@example.org,United Kingdom,Williamland,39790,2022-11-24
C6636337,Lindsey,Perry,1951-03-19,Other,252.257.4361x93056,cross@example.org,England,Maryside,19849,2025-09-22
C7695767,Maria,Rivera,1960-03-30,Other,903-452-2570x986,ashley55@example.com,U.K.,Lake Sarahport,73134,2024-02-28
C3307797,Jonathan,Butler,1993-11-20,M,453-483-3530,yspence@example.net,GB,East Vincentburgh,81297,2022-01-19
C9366435,Andrew,Mosley,1942-03-20,Other,(258)835-0372x1726,wterry@example.net,GB,New Randyfort,45436,2023-10-03
C1462579,Peggy,Sanders,1993-12-31,NULL,(400)835-8946,amyjones@example.net,U.K.,Jenniferville,35826,2026-01-31
C1268039,Linda,Barron,1970-06-25,NULL,(282)964-3578x473,lance68@example.com,U.K.,Gonzalezchester,75464,2023-04-02
C2342649,Keith,Lowery,1975-06-18,NULL,370.585.6305,avilathomas@example.org,UK,Stefanieside,39395,2022-01-02
C359109,Emily,Booth,1952-03-18,M,(855)951-2412x1918,crystal90@example.net,GB,Fowlershire,69300,2021-09-08
C6450534,Steven,Pittman,1963-08-11,M,2528587450,samantha02@example.net,GB,North April,96311,2025-07-19
C4054855,Shawn,Hernandez,19610719,Other,7404091050,daniel77@example.com,GB,New Ethanbury,95129,2021-09-30
C1665844,Douglas,Thompson,1956-12-27,M,+1-819-955-9922x1767,howarddale@example.org,UK,Ricardoberg,48274,2024-11-07
C9017095,Marvin,Jones,1966-11-05,F,+1-658-789-6521,NULL,United Kingdom,Robinsonmouth,98294,2023-09-02
C2707627,Wesley,Nelson,1952-02-09,M,299.795.0143x688,jbuckley@example.net,England,Walkerberg,14028,2026-07-02
C5566583,Maria,Harris,1985-11-06,NULL,(403)338-3675,natalie63@example.org,UK,Crystalbury,70775,2023-11-06
C1193947,Eugene,Davis,2005-05-30,NULL,994-676-7523,willie41@example.net,GB,South Tamara,79271,2025-04-04
C1423412,Brenda,Unknown,2003-07-03,M,8272026244,james09@example.com,GB,Lake Jimmy,82068,2022-03-05
C3161637,James,Jenkins,1953-06-21,M,+1-782-551-6093,steveryan@example.net,UK,Charlesbury,16694,2023-07-13
C9537322,James,Smith,1992-10-09,F,(543)347-8436,virginiaramos@example.org,United Kingdom,Conleyberg,60175,2022-07-13
C8682422,Janice,Gray,1938-02-19,M,707.951.3871,lisa41@example.com,England,Lake Julieside,24130,2026-06-16
C1061214,Bonnie,West,1984-06-21,F,(522)290-9823x7161,ythomas@example.net,GB,Sandersport,42559,2023-05-17
C3537031,Theresa,Lopez,1957-10-26,M,325.512.1191x860,david67@example.org,United Kingdom,Rodriguezberg,85777,2025-06-16
C8969699,Amanda,Stuart,1999-03-13,Other,(267)503-0087,josephgonzales@example.com,GB,West Kristine,70786,2024-03-29
C1297274,Robert,Nelson,1955-09-03,M,234.297.8963,castillohailey@example.net,GB,New Johnbury,51245,2024-07-25
C173442,Robert,Buchanan,1990-11-02,NULL,+1-247-663-9958x1424,thompsonjames@example.org,England,Evanport,62110,2022-08-24
C9203394,Daniel,Le,1978-02-07,M,(347)515-7912,judytrevino@example.com,United Kingdom,Nelsonburgh,24121,2021-12-05
C1105900,Tony,Bryan,2003-05-05,F,212-437-8617,emilyflowers@example.net,GB,Chandlerfurt,06470,2023-12-11
C3170520,Jacob,Mccall,1994-01-11,M,5943231523,cindy59@example.com,United Kingdom,Joshuahaven,10625,2023-07-04
C2374954,Melissa,Osborne,1940-08-19,M,643.385.1266,samantha12@example.com,United Kingdom,Roberttown,31204,2023-10-18
C1861343,April,Moore,1980-12-08,Other,+1-331-565-2919,smithdaniel@example.com,UK,East Christy,34206,2026-01-25
C5527859,Adrian,Blevins,1984-09-24,M,(480)306-0595,susanbaker@example.org,UK,Clarkhaven,13222,2023-04-22
C4760422,Phillip,Cochran,1990-10-25,Other,434-269-2038x317,ecook@example.com,U.K.,Williamsstad,30548,20/10/2022
C2838688,Patricia,Padilla,1942-02-21,Other,2803576408,nwarner@example.com,U.K.,Ramosside,52940,2023-07-14
C718420,Christopher,Webb,1986-07-18,NULL,342.365.7651x5388,brooksdouglas@example.net,U.K.,Markfort,47994,2022-01-31
C491334,Deanna,Valencia,1977-07-05,NULL,2388925907,pittmanjennifer@example.com,England,Brownland,73818,2026-03-18
C2121215,Kevin,Bradford,2001-03-30,F,+1-209-698-8250x548,imartinez@example.net,GB,Port Timothy,83727,2022-01-05
C2145125,Kimberly,Johnson,1958-03-06,NULL,+1-343-985-6768x1043,rodriguezkrystal@example.com,England,East Danielle,41910,2023-12-24
C9850318,Dustin,Williams,1995-04-26,F,721.311.0016,hbeck@example.org,GB,Lake Susanmouth,49457,2024-04-09
C9576654,Richard,Cole,1988-02-05,M,587.823.3193,larry51@example.net,U.K.,Port Danielville,19111,2024-03-13
C6943733,Jamie,Thompson,1936-10-27,M,423.351.0550,jessicagraham@example.net,United Kingdom,Heatherberg,74771,2022-11-28
C1319283,Clifford,Miller,1992-09-29,Other,(280)597-3045,robert87@example.org,UK,Huffstad,84748,2022-12-19
C4967440,Michael,Henry,2008-01-30,Other,001-374-856-1079x163,charlenecarson@example.com,England,New Lindseyville,78766,2021-08-10
C8466498,Katherine,Bennett,1979-05-31,M,001-533-785-6632,kellywright@example.net,England,Port Jonathan,23818,2022-01-18
C9733496,Marissa,Leon,1994-02-24,Other,(689)467-2113x144,ayalajonathan@example.net,UK,Port Anthonytown,53798,2021-08-16
C445504,Thomas,Munoz,1942-11-24,Other,001-609-967-4680,shane68@example.org,GB,Mitchellchester,27790,2022-08-30
C181076,Matthew,Walker,1954-10-05,Other,395.427.7055,udominguez@example.net,GB,Port Daniellefurt,21605,2023-06-25
C3846963,Jennifer,Martin,1961-11-26,NULL,001-842-539-7829x0035,lyonskaitlyn@example.com,UK,Danielchester,39901,2023-11-23
C5126269,Jessica,Taylor,1968-07-15,Other,906.873.0414x87458,lhopkins@example.com,England,East Desireeview,92654,2023-04-18
C266048,Daniel,Hammond,02-20-1938,Other,(825)298-7892x1285,kleonard@gmal.com,United Kingdom,Sheenamouth,76573,2021-11-04
C2359795,Kelly,Nicholson,1965-08-13,NULL,817-785-9244x4885,amay@example.org,U.K.,Christopherfort,40123,2022-03-09
C2040055,Sarah,Esparza,23/06/1982,NULL,+1-768-637-3768x45866,angelicachan@example.net,United Kingdom,Schwartzchester,64598,2024-08-17
C3411473,John,Flores,1994-06-01,F,9863946066,pacekenneth@example.net,United Kingdom,Port Rachel,09052,2022-12-17
C8373238,Christine,Thornton,1958-11-16,F,824-946-8569,johnsonmartin@example.net,United Kingdom,North Katherine,75510,2023-05-13
C237923,Stephanie,Johnson,1976-05-20,Other,779.320.4705x822,kaitlynhill@example.net,United Kingdom,South Jeffport,69086,2023-12-16
C9843006,Heather,Weaver,1950-09-06,M,205-234-5676,erinhuff@example.net,England,Vanceside,48671,2025-05-05
C7957062,Sharon,Anderson,1936-11-22,M,,eugene18@example.com,UK,Lake Stephanieberg,85448,2024-07-05
C1108863,Haley,Lee,1987-08-02,Other,+1-641-502-9292x283,anthony36@example.net,GB,Martinezfort,38239,2025-09-11
C8188760,Lori,Hill,1970-09-13,F,(958)261-5051x9062,barkerpaul@example.org,GB,Jacquelinestad,62051,14/05/2024
C4794461,Jamie,Coleman,1952-09-20,F,808-586-8831,gregory07@example.org,GB,Tylerbury,07021,2025-08-10
C5631038,Wesley,Cummings,1966-10-29,M,(744)675-2712,danny22@example.org,United Kingdom,South Samanthamouth,46035,2026-05-23
C8986084,Ann,Jenkins,1984-05-15,M,Unknown,cherylhays@example.org,United Kingdom,Angelaview,16941,2022-10-23
C9936533,Michael,Ross,1998-09-30,NULL,+1-240-649-2660,krista33@example.org,England,Lake Brandonville,48621,2023-12-21
C1069185,Rebecca,Baker,1971-04-22,Other,408.577.9015x19908,tammysmith@example.org,GB,South Tara,41604,2023-11-16
C4569589,Jennifer,Mills,2004-05-30,NULL,+1-895-536-6802x301,vmoreno@example.org,GB,Lake Michael,74156,2022-09-12
C315416,Jessica,Ross,1945-04-08,NULL,001-485-221-5606x60327,stacywebb@example.org,UK,Duncanport,20947,2022-01-06
C3876133,Karen,Dunn,1985-10-04,M,3309094325,tdiaz@example.com,GB,Deantown,35694,2025-05-24
C9132810,Russell,Evans,1955-08-02,M,001-348-999-4302x5067,sheilasmith@example.net,England,New Jasmine,82321,2022-03-12
C8505494,Sharon,Bennett,1938-01-26,F,711-251-4047x21537,npalmer@example.com,England,Cabreraside,25896,2024-06-11
C7668134,Eric,Cuevas,1982-01-13,Other,661-764-9186x227,katie00@example.net,United Kingdom,Vargasview,26802,2021-12-13
C9400556,Jimmy,Rodriguez,1938-11-19,F,434-589-0891x1765,holly22@example.net,GB,Pereztown,94116,2026-04-24
C8735077,Suzanne,Martin,1994-05-29,F,(968)977-5558x136,rholt@@example.org,England,East Michael,98452,2024-07-31
C3665740,Stephanie,Garcia,1942-03-27,NULL,882.716.9168x42888,buchananjoshua@example.org,England,South Michelleport,33128,2026-03-04
C7499475,Richard,Martinez,1950-02-07,Other,5302056040,douglas99@example.net,England,South Robertton,11559,2026-02-27
C8008450,Charles,,1961-06-07,F,+1-435-959-1806,lorimorrison@example.com,U.K.,New Denisemouth,01776,2023-01-17
C7460970,NULL,Wright,1958-11-08,NULL,351-335-5443,patrick06@example.net,U.K.,Lake Sharon,65071,2022-06-28
C5102227,Alyssa,Wright,1973-02-11,F,599.969.2659x402,jensenjessica@example.com,United Kingdom,Lake Seanborough,71787,2025-04-28
C6705776,Tiffany,Hill,1963-07-06,Other,898-319-0011,ericksonsamuel@example.org,UK,Bentleyburgh,81486,2024-07-03
C2021703,Carl,Calhoun,05-20-2003,Other,+1-727-540-9633x060,brian55@example.com,GB,Edwardsland,81212,2024-05-03
C2724947,Thomas,Carlson,1979-05-25,Other,886-591-9208x5885,lisastephenson@example.com,England,Port Tracy,26309,2026-03-23
C4783675,Tina,Olson,1969-07-14,M,7026660071,robert95@example.org,United Kingdom,Richardfort,97723,2024-04-05
C1044685,Carrie,Unknown,1939-01-09,M,001-432-477-1654,christine17@example.net,United Kingdom,Annabury,41254,2025-05-04
C2468137,Brandy,Roman,1994-02-16,Other,001-291-281-5127x330,jessicadavis@example.com,United Kingdom,Lauraland,62380,107207727
C6160318,Meghan,Wright,1971-09-12,M,001-849-381-7377x726,linda88@example.net,U.K.,West Christina,13025,2025-07-22
C9678778,Sarah,Callahan,1980-02-23,F,653-778-2660x53922,ginarice@example.org,England,Kathleentown,60797,2025-07-27
C324033,Jennifer,Klein,1968-01-10,F,4859030210,barronnicole@example.org,U.K.,Millerport,50176,2022-04-10
C6974558,Evelyn,Johnson,1963-02-06,NULL,001-368-582-6743x03914,billduran@example.com,United Kingdom,Leonardbury,47790,2023-07-22
C6731270,Jonathan,Stokes,2004-12-19,F,886-928-4931x7904,alexis95@example.com,UK,East Jessicaberg,85085,2022-03-11
C7058448,Mary,Hardy,1995-01-21,F,463-902-4414,lawrencemurphy@example.org,England,Baldwinbury,62746,2022-06-08
C411869,Wendy,Smith,1982-09-27,NULL,+1-329-777-0822,elizabethbrown@example.com,UK,Port Austinberg,77819,2022-09-11
C8470650,Calvin,Mendoza,1981-08-02,Other,(442)944-5044x3365,tammy77@example.net,U.K.,Sanchezstad,40127,2024-01-29
C3620852,Dwayne,King,1971-11-18,NULL,435-850-6081x3943,ybennett@example.com,UK,Christopherbury,93617,2025-07-15
C9963063,Linda,Gray,1976-10-10,Other,(507)790-9981,juanmorgan@example.org,U.K.,Tammyside,59501,2023-10-01
C3978789,Steven,NULL,Yesterday,NULL,001-226-560-1161x420,johnssteven@example.org,UK,Port Kenneth,87252,2024-09-17
C6409878,Ana,Sherman,1982-11-27,NULL,(629)823-1901,jaclynchen@example.org,England,South Thomas,88898,2023-06-11
C1302559,Karen,Khan,1970-04-30,Other,(836)623-3282x232,anthony55@example.org,U.K.,Lake Jessica,70224,2021-09-22
C5139162,Steven,Melton,1985-06-20,M,353.738.2027,mary41@example.com,England,Carlhaven,17770,2021-11-24
C773701,Cassandra,Ruiz,777095137,Other,001-295-580-9872x1993,jessica26@example.net,United Kingdom,Lake Christina,18273,2024-05-05
C6614672,Danielle,Taylor,1963-12-12,M,479.894.9560x6067,smithchristian@example.com,United Kingdom,South Heatherburgh,97612,2023-03-11
C7424966,Robert,Cole,1937-11-25,M,+1-762-671-2450x31009,scottward@example.com,United Kingdom,East Joseph,27326,2026-07-11
C5261388,Wanda,Gonzalez,1942-07-28,NULL,8965929205,williamssherry@example.org,England,North Stephenmouth,96182,2021-08-31
C993543,Cindy,Rogers,1991-02-19,Other,001-211-837-9073,xklein@example.net,GB,Michaelmouth,85787,2024-02-03
C4709642,Christopher,Booth,1987-03-12,M,N/A,johnsongary@example.net,U.K.,North Brenda,61178,2024-09-03
C8362075,Robert,Young,1993-05-30,Other,662-380-3071,iraymond@example.com,UK,North Jeremyport,84662,2021-11-13
C4481953,,N/A,1966-12-10,F,001-355-582-5810x9595,tiffanypennington@example.com,England,North Antoniofurt,36174,2026-03-06
C2226717,Robin,Vargas,1991-06-26,F,673.954.8733x182,courtney37@example.net,United Kingdom,Markstad,69314,2024-10-08
C4664325,John,Jackson,1952-03-04,F,001-549-406-9501x5420,levipierce@example.org,UK,New Tiffany,19614,2024-05-07
C7678659,John,Martinez,1951-06-29,M,001-442-605-0934x41969,mitchelltara@example.net,UK,Ryanland,26292,2026-01-10
C5359042,Jo,Hood,1952-04-15,M,001-861-610-0600x308,patrick52@example.net,U.K.,North Mary,46228,2026-02-22
C6013827,Michael,Winters,1939-07-18,F,576-536-3895x339,xwilliams@example.org,United Kingdom,North Josephbury,31633,2025-09-22
C7192765,David,Reid,1950-11-09,Other,4463524942,wjohnson@example.net,UK,East Dana,07786,2026-06-28
C9477648,Joseph,Perez,2002-02-22,F,206.585.2748,littleearl@example.com,GB,Davidsonland,34795,2025-12-24
C2349591,Kurt,Lynch,1982-11-25,NULL,745-241-7619x195,kennethsullivan@example.com,GB,Monicamouth,31114,2025-07-28
C1300645,Ronald,Smith,1993-09-27,F,292.724.3027x0428,fdurham@example.com,England,Martineztown,88336,2022-07-01
C7834474,Melanie,Gonzales,2008-07-23,Other,(863)777-2674x12340,lindseyharris@example.net,United Kingdom,East Joshua,17512,2025-06-30
C8777935,Henry,Ross,1995-10-25,F,N/A,danielmyers@example.net,England,Schneiderside,95327,471674826
C3107161,Christine,Clayton,1992-01-19,F,6114839388,michael00@example.org,England,South Edwinton,50100,2021-11-08
C2244710,Kevin,Jackson,1965-10-15,Other,001-832-983-8474x58441,timothyzimmerman@example.org,England,Morrisonville,22980,2024-11-26
C1167418,Brandon,Jones,1974-06-08,M,444.815.4404x12579,christopher71@example.org,United Kingdom,Port Jessica,11141,2023-08-21
C2831016,Lawrence,Nguyen,1997-10-15,F,(893)996-3892x908,marissareyes@example.com,England,Douglasshire,16035,2026-02-25
C95337,Kristy,Kelley,1975-02-10,F,839-559-0306,jgreen@example.org,United Kingdom,Onealside,70154,Tomorrow
C2107963,Casey,Thomas,1986-07-07,F,444-307-5426x6951,hernandezjames@example.org,United Kingdom,South Nicole,79548,2025-05-29
C5094564,Yvonne,Diaz,1989-05-26,F,213.307.0603x898,zbrown@example.net,England,Jasontown,28012,2021-10-15
C7965314,Kara,Duran,1991-12-18,M,647.830.2484x14056,qmontes@example.net,U.K.,Tinaton,36152,2025-02-25
C1432467,Lori,White,2006-09-09,Other,316-268-0473,garciaandrew@example.org,UK,Kevinmouth,26460,2023-05-13
C18515,Michael,Blake,1965-05-05,Other,(225)652-5307x1073,ashleyedwards@example.org,GB,Kevinstad,42457,2021-10-14
C715873,Dustin,Nguyen,1959-04-24,F,(510)249-4276,tnelson@example.com,GB,West Nicoleville,62459,2024-01-23
C1792432,Amanda,Charles,1966-09-03,M,(742)416-5285x163,joshuavaldez@example.net,United Kingdom,Barronborough,62586,2024-10-30
C112644,Angela,Pugh,1940-01-22,M,(632)987-5911x59595,matthew55@example.com,GB,Lake Willieburgh,25545,2024-07-07
C5428383,Charles,Porter,2008-05-04,NULL,305.991.0188x3610,achan@example.com,GB,West Jesse,36310,2024-04-16
C8962337,Steven,Crawford,1942-10-02,NULL,+1-873-332-7137,robinflores@example.com,UK,Williamsmouth,13720,2024-10-21
C6780542,Scott,Greene,1947-05-20,F,(698)338-3618,bruce64@example.net,GB,Kristyport,96314,2024-09-26
C9893463,Maxwell,Lopez,1991-07-22,M,(969)776-9891x400,sean59@example.org,England,Jerryborough,42510,2025-03-16
C7232589,Kristi,King,2000-04-28,F,3372649426,amy95@example.com,United Kingdom,West Barbaraport,05424,20220411
C6645495,Mary,Howard,1948-03-01,M,,ramireztroy@example.net,UK,South Michaelton,26822,2024-07-31
C1407387,Gregory,Washington,1946-01-20,NULL,+1-417-536-0047x66169,scott50@example.net,UK,Port Mike,31148,2021-12-31
C8939048,James,Coleman,1944-03-21,M,+1-650-392-2796x7310,hawkinsronald@example.net,GB,Lake Johnland,75394,2021-10-11
C7237274,Jaime,Garrett,1956-02-13,Other,(872)609-4256x228,pfriedman@example.org,United Kingdom,Littletown,71628,2022-02-14
C6851695,Matthew,Gibbs,1984-02-12,F,(938)219-4544x256,stewartjasmine@example.net,GB,East Lauren,52995,2025-04-02
C9848680,Andrew,Andersen,1937-01-30,F,903.832.5164x37300,alexis40@example.org,England,Lewistown,35247,2026-02-14
C8752925,Jennifer,Green,1941-07-10,M,001-660-655-5683x666,hilljoshua@example.com,United Kingdom,Mcintoshtown,11904,558259234
C4055829,Hayley,Barnes,1976-03-17,Other,213.221.2795,grossjennifer@example.net,UK,Laurafort,46772,2025-10-12
C9237439,Steven,Welch,1967-07-20,M,3804847351,murphyshannon@example.org,GB,Port Katie,07785,2026-07-08
C3707983,Jeffrey,Smith,1984-09-09,M,+1-331-724-5322,vrivera@example.net,UK,Williamstad,54704,2022-07-17
C9234099,Stephanie,Herring,1969-07-06,NULL,(202)751-4456,brenda68@example.com,U.K.,South Melissabury,22091,2024-06-08
C8553578,Patrick,Moreno,1976-03-15,F,+1-498-916-1418x412,igonzalez@example.org,United Kingdom,Scottchester,84163,2022-04-16
C5105421,Jacqueline,Mack,Yesterday,NULL,416-609-2478,meganedwards@example.com,England,North Daniel,74350,2021-10-04
C4643248,Scott,Perry,1984-02-20,F,374-744-1787x9682,berrycarolyn@example.net,GB,North Kimberlyfurt,35166,2022-11-17
C5425923,Jennifer,Camacho,1961-05-08,M,(420)554-7724x80054,dcampbell@example.com,United Kingdom,Thomasport,35243,2024-11-05
C3405480,Nathan,Schultz,2008-07-08,F,841.756.9980x54370,baileyandre@example.com,UK,West Erica,28080,2024-04-21
C5075805,Kayla,Allen,1936-09-11,NULL,001-616-644-1131x5663,vfaulkner@example.net,UK,Conwaytown,16821,2022-05-05
C6664477,Laura,Hogan,1987-04-29,NULL,(925)624-2121x4902,christopher31@example.net,England,West Andrea,64076,2024-11-17
C8014533,Brianna,Perez,1965-07-14,F,623.657.5171x72402,hernandezmelinda@example.org,U.K.,East Matthewtown,65329,2024-10-15
C6947883,William,Casey,1992-10-16,NULL,825-884-9432x31202,ashleerodgers@example.org,UK,North Kellyton,40391,2025-07-11
C5445084,April,Macias,1939-10-04,F,(501)832-1330,ylopez@example.com,United Kingdom,East Malloryview,34279,2025-06-22
C9171007,Michael,Harmon,1957-11-14,F,001-276-717-7197x758,holmeschristopher@example.net,UK,Pettyland,29135,2021-10-31
C7393039,Carolyn,Woodard,1955-08-07,F,778-924-4978x9086,janetray@example.com,GB,Michaelshire,46211,2022-01-27
C6888066,Monica,Thomas,1999-01-14,Other,001-850-886-1901x64465,markcollins@example.com,GB,Garzastad,66224,2025-01-08
C6984498,Ruben,Ramirez,1981-04-19,NULL,+1-669-473-2498,johnsonmatthew@example.com,United Kingdom,Roachmouth,56793,2023-11-22
C5394053,Emily,Gutierrez,Yesterday,Other,+1-791-949-3747x481,millerbrett@example.net,United Kingdom,Port Patrick,81050,2021-10-03
C126219,N/A,Mann,1939-10-28,NULL,687-423-0477x5518,rfuentes@example.org,U.K.,Barbaraville,38423,2024-09-29
C1530257,Paula,-,2003-12-17,NULL,8433564147,eugene25@example.net,England,North Victoriabury,29764,2024-05-29
C1341640,Shannon,Sanders,1954-12-22,Other,(354)306-1341,rlopez@example.com,England,Younghaven,88401,2025-12-12
C236627,Sabrina,Trevino,1981-02-19,NULL,9479967053,williamsjeremy@example.com,UK,Saundersburgh,23884,2025-12-18
C1664840,Teresa,Harris,490485454,M,8652205765,janiceferguson@example.com,U.K.,Laneton,25903,2025-06-26
C7600208,Alyssa,Mccullough,1978-01-17,F,+1-592-678-6791x441,rebekah40@example.org,UK,Shannonside,69250,2022-04-17
C3584595,Cynthia,Powell,1979-05-05,M,(736)297-3599x3472,velezdanielle@example.com,UK,Nelsonview,54249,2024-01-28
C4234929,Anthony,Hawkins,1992-01-14,M,317.403.5079x0033,justinphillips@example.net,England,North Christopher,94268,2022-04-07
C1870077,Daniel,Crawford,1986-02-14,Other,3714652189,mark49@example.org,United Kingdom,Lake John,84582,2026-03-14
C2940627,Courtney,Graves,1985-05-22,F,673-394-9950,donaldcruz@example.net,United Kingdom,Lindaburgh,02855,2022-01-24
C5537279,Kenneth,Young,1998-06-15,Other,7514119927,albertlutz@example.net,U.K.,Andersonfurt,16960,2025-11-23
C4720070,Joshua,Barron,1943-12-10,F,425-422-7674,jameswilliamson@example.net,UK,New Philip,97372,2024-08-25
C6092550,Amanda,Curtis,1952-08-11,Other,+1-532-316-2315,millercolleen@example.org,United Kingdom,Barnesbury,10062,2025-06-11
C3673725,Tiffany,Hoffman,2005-07-13,Other,+1-274-878-6904,christophermanning@example.org,United Kingdom,Caitlinland,90983,2026-04-08
C9501779,Lisa,Smith,1983-05-18,Other,(202)355-9888x244,matthewnewton@example.net,England,South Harold,65276,Tomorrow
C3984729,John,Castro,1988-03-09,NULL,+1-758-700-7442x8642,ythompson@example.net,England,Stacyside,40723,2021-08-12
C1308555,Daniel,Lyons,1976-07-09,NULL,(558)204-0939x32784,lanenathaniel@example.org,GB,Lake Cristianport,99589,2022-01-31
C3884250,Rachel,Stewart,Yesterday,NULL,2818516570,garnerann@example.net,England,Richardshire,19026,2025-11-10
C4652750,Chelsea,Fischer,17/03/1962,M,+1-650-554-7521x6818,donald68@example.net,GB,Watersstad,15352,2021-12-18
C6301689,Brandy,Lee,1948-12-25,F,+1-938-642-2433x974,alvaradochristopher@example.net,UK,Port Christopher,99107,2023-07-19
C386319,Jason,Smith,1936-04-01,Other,405.707.2000x627,dwall@example.net,U.K.,Turnerville,62832,2023-10-08
C3935816,Kristen,Smith,1972-04-07,Other,799.395.9993x8241,joshuamoody@example.com,GB,East Kenneth,08477,2024-02-12
C5354022,Darren,Carr,1967-06-19,Other,(431)729-5334x41758,shaun59@example.org,England,East Victoriaport,48405,2023-06-04
C5986965,Frank,Holmes,1989-09-05,F,900.479.0954x28458,leefrancisco@gmal.com,U.K.,Port Randallborough,68388,2022-07-02
C4945410,Christopher,Thompson,1989-05-09,NULL,NULL,lsawyer@example.org,United Kingdom,Kathrynborough,91439,447564149
C2768858,Steven,Kennedy,1985-05-23,F,654-577-7746,tiffany92@example.org,U.K.,Shirleyville,96314,2025-03-15
C2762139,Victoria,Kennedy,1987-02-06,M,+1-580-389-8282x2361,bclark@example.com,United Kingdom,North Williammouth,01605,2026-04-17
C2181661,Amanda,Simmons,1940-11-18,M,7616921649,cjames@example.net,U.K.,North Alexis,82163,2026-05-10
C618050,Richard,Stephens,1946-08-27,Other,+1-778-636-2583x02115,uclay@example.net,GB,East Rebecca,17222,2023-06-09
C8332845,Sharon,Medina,1987-03-31,Other,703-275-7165,huntcynthia@example.com,U.K.,Nelsonbury,97698,2026-05-06
C6582952,Diana,Hudson,2003-01-23,M,322.793.3009x09401,lfoley@example.org,U.K.,Jacobstad,09249,13/08/2025
C8222176,Allison,Henry,1995-07-30,Other,866-269-5030x3994,melissawilliams@example.com,U.K.,South Hannahberg,42902,2022-08-10
C3063108,Brian,Johns,1955-06-11,Other,966-884-4015x82612,petersonkevin@example.net,United Kingdom,East Stevenfurt,25453,12-28-2023
C2545103,Unknown,Buchanan,1942-11-07,F,733-979-5565,joannlang@example.net,England,North Amber,48110,2025-12-03
C1391446,Mario,Chapman,1952-04-26,M,001-607-274-9728,harrischristine@example.org,United Kingdom,Rodriguezhaven,66862,2024-12-06
C9361927,Benjamin,Nguyen,1959-11-07,Other,(519)211-9504x924,kristenhines@example.com,England,Lake Debra,47371,2021-11-23
C3490390,Jason,Mendoza,1996-01-14,F,576-316-8518,thomasponce@example.net,UK,Lake John,36430,2026-07-22
C701671,Gerald,Waller,1970-10-12,M,834-318-6376,carlos72@example.org,U.K.,Lake Kyleton,60872,2023-11-24
C7246293,Andrea,Schaefer,Yesterday,F,(367)710-8243x90011,taylorkatie@example.com,England,Craigland,79683,2021-08-15
C7406922,Billy,Williams,1987-05-11,M,+1-367-800-6147,christinareyes@example.com,GB,Brandonstad,85630,2022-06-29
C5587300,Patrick,Malone,1997-11-26,NULL,255.851.8576,alfred63@example.com,UK,West William,70537,2026-02-22
C2741838,Brooke,-,1986-04-14,Other,274-596-9218,heathchristopher@@example.net,GB,Port Dianeburgh,80676,2025-03-03
C1863888,Robert,Russell,1945-06-18,M,279.411.2218,rgross@example.com,United Kingdom,Hahnbury,52580,2024-12-24
C7829082,Tina,Nelson,1974-02-08,Other,+1-601-766-9671x969,lanceschmidt@example.net,U.K.,West Chelsea,12064,2023-12-16
C33739,April,Obrien,1975-10-02,M,8843618477,victoria90@example.com,UK,Martinezbury,39864,2024-06-20
C5568043,Isaac,Ortega,2006-02-22,M,733-449-1380x668,wheelercindy@example.com,GB,New David,83752,2023-05-10
C3045429,Cameron,Anderson,2006-07-10,F,455-987-1222x86579,mrocha@example.org,UK,Richardborough,50771,2023-06-19
C4380006,Nathaniel,Dunn,1947-12-19,M,607.977.3841x48649,williamrichardson@example.com,U.K.,Garciaport,38345,2025-12-25
C7503598,Dennis,Taylor,1975-11-29,M,(797)561-8270x815,willislori@example.org,United Kingdom,North Brittany,84180,2022-12-23
C9540382,Jonathon,Moore,1955-12-06,M,257-380-4473x863,sheltonfelicia@example.com,England,Yuview,68247,2024-11-18
C5866346,Christopher,James,1948-06-02,M,001-589-793-7067x630,matthew25@example.con,U.K.,Petersonchester,30089,2024-11-09
C2985325,Steven,Perkins,1959-10-02,NULL,362.387.3636,bryan94@example.org,UK,Amandabury,34687,2023-09-13
C343674,Christopher,Martinez,1935-10-28,F,(791)378-9116x75986,jesseramos@example.net,U.K.,Port Deborahland,77624,2022-11-15
C5220270,Barbara,Parks,1956-08-08,M,808-564-5258,james94@example.com,U.K.,Shafferland,32504,2021-08-12
C3625314,Jonathan,Mills,1976-09-23,F,(412)996-3607,NULL,GB,Markfort,58755,2023-08-14
C5605845,Amber,Buchanan,1950-12-04,Other,(605)662-1286x83422,vickieross@example.net,United Kingdom,South Lisa,92918,2021-12-27
C3440912,Donald,Stone,1957-06-24,NULL,597.884.9094x8438,betty85@example.net,GB,North Alexton,76626,2026-01-28
C6953290,Donald,Lowery,21/05/1991,F,292.889.4770,aknight@example.com,United Kingdom,Johnside,58109,2023-07-02
C5472914,Lauren,Howard,1950-03-08,Other,(659)591-5183x6950,susan92@example.com,England,Karlfurt,30434,2023-06-02
C6193154,Lauren,Evans,1964-02-09,NULL,(567)709-9921,wilsonandrea@example.org,U.K.,West Melissaborough,26682,2023-12-09
C4628334,April,Gallagher,1975-11-23,Other,232.598.4667x684,hughespatricia@example.net,U.K.,Albertburgh,24246,2022-01-09
C838628,Theresa,Carr,1993-05-03,Other,384-322-5669x314,jeanettemyers@example.org,UK,Johnview,93914,2021-11-15
C5338467,,James,1953-06-20,NULL,396.538.7392,christopher45@example.org,England,Mistyberg,90586,2023-10-01
C9252820,Hannah,Thompson,1949-12-14,M,410.218.1639,dawsonpaige@example.net,England,Port Matthewburgh,46816,2025-11-14
C7065249,Joseph,Turner,1941-07-17,F,289-817-5343x25762,smithjoseph@example.net,UK,New Andrew,05204,2023-07-06
C7330816,Theresa,Sweeney,1955-01-28,NULL,001-641-979-5283x550,annettebarnett@example.org,GB,West Ryanfurt,95682,2024-05-15
C9969755,Unknown,Kelly,1982-02-08,M,264-902-5371,jeremiahklein@example.org,England,New Katieport,17046,2024-01-31
C5458067,Sydney,Beard,1961-10-22,M,(242)770-8438,robinsonkaitlin@example.net,GB,Morrisfort,71299,2025-07-02
C8787667,James,Hodge,1946-02-12,Other,2546589556,abigailramirez@example.org,England,Reginaldbury,71262,2021-12-22
C2797961,Erica,Gonzales,1973-04-15,F,+1-847-283-0434x9124,emily31@example.org,England,West Kathryn,70851,2025-07-09
C8165199,Ethan,Ramirez,1974-09-16,Other,566.492.8843x874,robert81@example.org,GB,Thompsonburgh,23163,2024-09-23
C6110835,Vincent,Moreno,2000-08-15,F,391.481.9347,rollinsdavid@example.net,GB,South Claudiaport,01731,2024-08-03
C6710038,Harold,Sharp,1966-11-19,F,(936)577-4987x02869,danieldillon@@example.org,United Kingdom,Jamesland,57752,2025-08-20
C3099494,Brian,Thompson,2008-04-07,Other,001-540-893-7736x66615,cynthia21@example.org,United Kingdom,New Amanda,11850,2025-10-29
C9447131,Samuel,Foley,1946-06-12,M,001-862-614-7070x07746,velezdavid@example.org,U.K.,Whiteshire,83087,2025-02-09
C1315275,Brianna,Hayes,1975-01-31,NULL,+1-726-779-0347x73349,jimenezmelissa@example.org,U.K.,Christopherport,76942,2023-11-10
C8246191,Margaret,Parker,1952-03-01,M,578-335-6029x2438,thart@example.com,England,Judithmouth,62075,2024-11-28
C302379,Joseph,Smith,1951-06-11,F,001-740-814-0652x5060,christian31@example.com,U.K.,Port Michaelside,62730,2022-12-22
C6911644,Joshua,Wolf,1964-01-06,F,(720)850-3735x108,jamesgray@example.org,England,Lake Trevor,83037,2024-12-27
C6153291,Bradley,Holland,1987-04-28,F,001-582-556-5270,courtney49@example.com,U.K.,Justinbury,20479,2026-04-05
C7769559,Kevin,Johnson,840677899,Other,(945)304-1900x39783,briantrujillo@example.org,United Kingdom,Port Shirley,68846,2025-10-24
C9826033,Scott,Warren,1942-05-18,F,9429707636,kimberlymcdowell@example.net,GB,Dylanland,78716,2023-02-28
C6532252,Jesse,Cobb,1999-12-03,NULL,225.295.8339x627,joy46@example.com,U.K.,Port Lindseyland,75648,2023-05-06
C8663883,Danielle,Boyle,1989-06-17,Other,(786)576-6194x0522,wmoore@example.com,GB,Everettland,45055,2025-11-19
C6360505,Donna,Martinez,1936-03-26,Other,883-804-8475x197,samuel46@example.net,United Kingdom,East Juliefurt,84055,2023-12-21
C8510243,Matthew,Delgado,1998-10-26,NULL,670.749.9475x48791,reeddebra@example.com,GB,Lake Danieltown,54429,2021-09-29
C6349683,Diane,Hancock,1946-07-10,NULL,(298)713-3529,odomcory@example.net,United Kingdom,Sparksberg,88172,06-12-2026
C2599806,Jose,Jackson,1939-05-04,F,001-988-445-3759,dominiqueosborne@example.com,England,South Michele,53689,2023-04-15
C7445871,Scott,Barnes,1952-03-09,F,541.455.0626,fostersara@example.com,UK,Kellerview,85206,2026-02-26
C7684869,Kenneth,NULL,1952-10-11,Other,337.877.8978x108,connerdouglas@example.net,GB,Torresburgh,15647,2022-10-25
C4621636,Phyllis,Strong,1988-08-13,M,+1-613-243-1523,robinsonkristi@example.net,U.K.,North Michaelville,47038,2023-11-12
C8314443,Carmen,Norman,1971-07-01,Other,548.670.7116x74642,knightjohn@example.org,U.K.,East Rachelmouth,92619,585544642
C5521551,Jerry,Hill,1945-09-19,F,207.404.6332,nberry@example.org,UK,Paulport,87184,2025-10-10
C6517127,Maria,Hartman,1938-01-25,M,+1-353-962-5936x67469,fullerrobert@example.com,United Kingdom,New Beth,98619,2026-05-23
C3593113,Zachary,Smith,1956-07-29,F,001-441-954-2760x7619,amiller@example.net,UK,Garrettburgh,90569,15/05/2022
C1119346,Bryan,Collier,1969-07-15,NULL,4007860711,gedwards@example.com,UK,South Bruce,10756,2022-07-18
C7362001,Marcus,Unknown,1951-05-02,M,+1-502-791-9917x932,meganrodriguez@example.net,England,South Kristi,29645,2023-08-22
C9444430,Margaret,Gill,1982-01-18,NULL,582.495.8480x335,hbean@example.com,United Kingdom,Russellburgh,52188,2025-09-11
C7776136,Kathryn,Alexander,1942-04-07,Other,+1-884-500-9034x726,bailey35@example.net,GB,Smithshire,97167,2023-09-02
C8055397,Aaron,Morgan,1936-05-15,NULL,001-325-366-9436x741,ebarnett@example.org,England,Acostamouth,61675,2025-02-02
C4813368,Ariel,-,1978-01-04,M,989-608-8590x3172,lmiddleton@example.net,United Kingdom,Stevenport,79450,2025-05-29
C6453812,Daniel,Duncan,2004-01-03,M,+1-445-309-6049x11713,wpalmer@example.net,United Kingdom,East Nicoleshire,73897,2021-08-21
C4794065,Stacie,Jensen,1937-02-07,M,+1-290-409-6522x713,christinaweiss@example.com,UK,Anthonyburgh,85578,2021-12-23
C5509473,Miranda,White,1960-07-30,NULL,215-294-3727,stephensonjoseph@example.org,U.K.,Port Brianbury,30255,2022-03-18
C8641559,Cynthia,Miller,1943-03-10,Other,001-826-528-3999x93587,xhernandez@example.org,GB,West Elaine,00616,2022-04-10
C1712374,Krystal,Jefferson,1938-06-30,M,412-736-2953x4838,ymichael@example.com,England,North Ann,14595,2026-04-02
C2363137,John,Lynn,1990-11-02,M,+1-870-606-9906x33748,srobertson@example.com,UK,Alexischester,12237,2026-01-31
C7479552,Danielle,Campbell,1936-06-24,NULL,389.775.1095,bandrews@example.net,United Kingdom,New Walterton,32615,20220723
C2070904,Kim,Tanner,1960-07-05,M,+1-704-830-5163x6330,bweber@example.net,United Kingdom,North Randall,50188,2023-01-18
C7865272,Jeffrey,Eaton,1953-01-03,Other,829.305.0639,vwallace@example.org,United Kingdom,New Kellyburgh,19844,2025-06-04
C379457,Rachael,Parker,1955-11-18,F,2329758278,qwilliams@example.org,United Kingdom,Port Tracy,02990,520250735
C7930738,Alice,Reed,1960-09-29,NULL,+1-531-527-0695,allenwilliam@example.com,GB,West David,33421,2024-11-09
C8318058,Mary,Harding,2003-09-16,Other,348-324-9405,samanthacortez@example.com,GB,East Jamesburgh,76223,2025-04-02
C5637229,Travis,Beltran,1943-12-04,M,(291)959-1978,flemingmarissa@example.org,GB,Williamsburgh,04331,2022-11-25
C457383,Brooke,Campbell,30/11/1968,M,2932987375,laura45@example.com,England,Kirkport,93692,2025-01-07
C4473251,Janet,N/A,11/07/1981,F,246-763-0368x615,smiller@example.org,United Kingdom,Kennedyland,10059,2022-07-06
C6665555,NULL,Lawson,1983-07-11,M,+1-322-690-7965,xcasey@example.net,U.K.,Jennifershire,37377,2024-12-11
C857769,Kevin,Joseph,2000-07-12,Other,629.413.8843x70633,jessica40@example.org,UK,New Brandonbury,93163,2025-10-25
C8928766,Tammy,Larson,2006-02-12,F,804.503.4827x6574,jennifergreen@example.net,England,Knightview,57293,2021-10-12
C5318126,Lisa,Hooper,1956-11-26,NULL,(779)551-5115,stephanie64@example.com,United Kingdom,Victoriaville,06984,2023-06-27
C5377853,Brady,Brown,1947-03-20,F,793.994.7100x9405,escobarkent@example.net,GB,West Aaron,11689,2026-01-27
C6186849,Megan,Hamilton,1948-05-12,Other,595.667.7434x9721,hendersonrobert@example.org,GB,South Laura,25433,2023-10-14
C5341110,Jorge,Oneal,1938-03-12,NULL,7576373600,mariaarias@example.org,UK,New Christinechester,77068,2023-07-21
C6954014,Karl,Gordon,1983-12-18,M,474.205.5225x78289,roykevin@example.com,England,Sarahberg,10641,2024-12-18
C740027,Michael,Adams,1984-04-04,Other,+1-699-241-8623x3505,brandon76@example.com,UK,Kellymouth,23628,2024-04-13
C5402689,Anthony,Reyes,1948-10-15,NULL,505.803.1147x43280,michaelpatterson@example.com,GB,Sheilaport,60953,2026-03-29
C7963456,Andrew,Walker,1968-04-06,F,+1-914-659-0407x673,christian21@example.com,U.K.,Bruceview,44246,2025-06-01
C6466474,Isabella,Doyle,1958-11-05,NULL,001-214-582-8781,brooke71@example.org,UK,Lake Angela,23400,2025-02-17
C7410748,Curtis,Huang,1957-11-19,M,6862805663,dgordon@example.com,United Kingdom,West Derekstad,30728,2023-03-06
C7830839,Heather,Leon,2006-01-28,F,759.235.7821x27146,martinezkatie@example.org,UK,South Jennifer,25199,2025-09-16
C1692923,Ana,Porter,1938-05-01,F,2276677404,maysdawn@example.net,U.K.,Lake Robert,87148,2023-10-10
C5747040,Edward,Mcconnell,1942-10-11,NULL,561-278-4431,hharris@example.net,England,Lake Ann,92034,2023-07-31
C1296568,Cynthia,Hill,1964-04-27,M,726-800-2216,nicholasbarr@example.org,United Kingdom,Nguyentown,90705,2023-08-22
C1073850,Austin,Hogan,1943-11-09,M,001-815-502-7836x17328,mcdonalddennis@example.net,UK,Jamesborough,99329,11-14-2025
C4096004,Justin,Kelly,2005-12-22,M,827-817-8358x7019,kristinallison@example.net,U.K.,New Williamside,54549,2021-08-12
C6847423,Willie,Estrada,1999-05-23,Other,7036039415,roweadrian@example.org,U.K.,South Hector,31475,2025-07-27
C277348,Kyle,Klein,1965-06-11,M,380.712.8197x482,stephen26@example.org,GB,Craigmouth,90499,2026-04-29
C5890798,Tina,Garcia,1959-06-15,NULL,821-768-4811x99218,ernestjohnson@example.org,England,East Rebecca,45792,2023-11-16
C90766,Christine,Scott,1964-10-19,NULL,(950)607-8179x9576,jeremymaynard@example.net,England,Amandaborough,42571,2025-05-04
C2398583,Anthony,Smith,2008-03-03,Other,999.443.5694,christian20@example.org,United Kingdom,West Gregoryhaven,07908,2023-04-04
C8589781,Pamela,Bailey,1969-01-23,Other,571-234-2672,johnstonjohn@example.net,United Kingdom,New Michael,19715,2025-01-04
C7703460,Sonya,Scott,1970-10-25,Other,001-512-819-5675x211,wsmith@example.com,GB,Kimstad,98603,2022-07-22
C5139859,Mary,Miller,1977-09-18,F,001-404-508-8873,mmcdowell@example.net,GB,Hallton,02811,2022-08-28
C6954613,Olivia,Figueroa,1955-11-06,NULL,001-710-886-7997x97707,mweaver@example.org,U.K.,North Brandon,94517,2021-12-26
C3816209,David,Ferguson,2007-10-28,NULL,386-983-3410x32337,veronicafernandez@example.org,England,Trevinobury,31698,2024-07-12
C2270789,Douglas,Smith,1978-08-16,M,280.482.7993x697,julie32@example.net,U.K.,North Meganside,54657,2024-03-23
C5830195,Michael,Smith,1994-05-17,F,+1-415-746-5699,sara89@example.net,GB,North Dawnland,33973,2023-04-02
C2351568,Nancy,Cox,1960-05-04,M,+1-483-299-0030x7850,collinsmichelle@example.org,England,South Rebeccaburgh,36244,2024-08-21
C3236884,Jenny,Caldwell,1996-08-12,F,(321)622-6951x241,lisa98@example.com,United Kingdom,East Amanda,95913,10-31-2022
C8003825,Beverly,Hart,1951-02-23,M,001-533-599-8935x03289,garciadavid@example.com,United Kingdom,Shannonstad,68018,2026-07-08
C2540154,Eric,Bryant,19430120,M,801-698-4508x227,stonebrent@example.com,U.K.,South Matthewburgh,12103,2024-07-05
C6777625,Tammy,Holden,1999-12-24,M,(713)847-4296x9368,buckthomas@example.net,England,Randytown,19383,09/08/2024
C98326,Randy,Hunter,2003-11-12,F,599-385-6080x13081,kristenross@example.com,UK,New Saratown,64652,2026-04-01
C9407666,,Meyer,1989-11-26,NULL,(301)808-5317x666,anne54@example.org,UK,Thompsonville,30404,2023-10-05
C230348,-,Taylor,1975-07-07,NULL,+1-530-518-0366,lstrong@example.net,England,Kellerchester,32029,2022-06-28
C5841850,Brandon,Clements,1939-11-04,M,315-903-8400x4630,lmoore@example.org,GB,Port Crystal,05525,2024-08-11
C7136959,Kiara,Hernandez,1996-02-23,NULL,(978)537-4978x427,roconnell@@example.com,UK,New Dianamouth,38314,2022-01-03
C927188,Scott,Jones,1961-08-26,M,001-398-614-9445x4354,patrickgonzales@example.org,U.K.,Johnsonport,61365,2024-07-21
C1120050,Juan,Reid,1975-10-30,F,8974075075,longnicole@example.org,England,Robertochester,52286,2024-09-16
C1074499,Christina,Sanders,1968-04-06,M,9897881366,woneill@example.com,UK,Kimberlyview,18877,2024-07-06
C2630946,Nicholas,Moss,1961-01-05,M,221-538-3020x091,grossjohn@example.net,GB,North Dakotaton,07323,20251023
C6876453,Erin,Stafford,1943-01-03,Other,+1-548-313-6580x322,emilyleach@example.org,England,East Lisamouth,86495,2025-02-02
C3936446,Christopher,Lucas,1987-04-22,Other,455-414-4841x0168,jennifergarcia@example.net,GB,Port Shellyside,10925,2022-10-19
C7298218,Connor,Joseph,1982-08-20,F,(238)943-7982x4945,kimberlymurillo@example.org,England,Morganmouth,50322,2025-02-08
C2496181,Pamela,Rivera,2006-02-28,Other,+1-546-912-3744x984,gerald66@example.org,UK,Jasonshire,56172,2023-05-10
C3227419,Stephanie,Brown,1980-06-18,F,359-497-2352,hickmanalison@example.net,GB,Lozanoland,27478,2023-12-17
C9928115,Olivia,Wright,1980-11-27,F,7545455574,sabrina33@example.com,England,South Andrea,19772,2021-10-27
C1200101,Cynthia,Allison,1980-08-08,NULL,287.214.7250x1099,vanceryan@example.net,U.K.,West Stephanie,68958,2024-10-02
C8938331,Catherine,Douglas,1942-01-21,Other,6669765743,lburnett@example.com,England,Johnnystad,33946,2023-12-20
C749991,Robert,Moore,1973-03-18,F,001-894-413-0354x6370,wburgess@example.com,UK,Elizabethborough,47168,10/12/2024
C8399641,Judy,Peterson,1944-05-02,NULL,NULL,joshua73@example.com,United Kingdom,Stephanieton,81708,2025-09-27
C2148055,Becky,Holland,1971-12-27,M,(374)773-1496x4612,zscott@example.net,United Kingdom,West Kennethhaven,31938,2025-08-07
C9105854,Jason,Delgado,2005-02-11,NULL,001-935-359-0772x405,lisastewart@example.net,United Kingdom,South Christopherton,40099,2024-06-04
C8589983,Kurt,Hoffman,1943-08-20,NULL,323-940-1908x068,lee14@example.net,U.K.,Hooverport,60291,2023-05-02
C2036259,Timothy,Perry,1936-04-12,Other,966-222-7787x8678,wibarra@example.com,GB,Lake Stephaniefurt,58822,2025-01-20
C226142,Sydney,Park,1953-12-10,Other,218.909.0234,kmassey@example.net,U.K.,Lake Bryanburgh,57588,2023-04-04
C7239712,Erin,Rivera,1945-06-07,Other,6523747073,staceylewis@example.com,England,Denisefurt,46248,2026-03-02
C6841555,Bridget,Moss,1964-01-29,F,(203)440-9477,benjamin92@example.org,GB,South Greg,96236,2022-09-13
C2045233,-,Murphy,1945-06-13,NULL,236.916.2715x1853,qalexander@example.org,U.K.,New Lauraburgh,15820,2021-12-02
C3700695,Charles,Ward,2005-08-16,NULL,(440)994-8552,catherine97@example.org,UK,Hubbardstad,13605,2026-04-30
C5071356,Christopher,Diaz,1991-04-20,M,+1-931-895-4977,vcross@example.com,United Kingdom,Theresabury,38671,2022-10-13
C6541364,Gordon,Matthews,2006-11-26,F,5746106906,hsanchez@example.net,UK,Dillontown,57615,20221124
C4584959,Rita,Fields,2007-11-04,Other,+1-491-495-9820x7382,wardbecky@example.net,U.K.,Port Lauren,05909,2025-05-21
C6007676,Christine,King,1966-10-22,F,(354)219-8108x388,brian68@example.org,England,Fisherview,44834,2024-03-10
C7843438,Victoria,Goodwin,1959-01-28,M,234-899-1893,elizabethnavarro@example.net,United Kingdom,East Jeremy,73154,2022-08-27
C284283,Penny,Cole,1958-04-14,NULL,522.836.3644x7872,anthonyhull@example.org,England,New Tiffanyland,68368,2023-06-03
C2539302,Paul,Robinson,1972-09-08,Other,902.443.0964x223,swilliams@example.org,UK,New Danielbury,52037,2022-09-28
C2879879,Antonio,Leonard,1972-03-06,Other,968-958-7843x0168,darryl64@example.net,UK,Patriciamouth,87818,2026-01-18
C5449391,Joshua,Patton,1970-10-06,F,+1-611-481-0153x335,allison25@example.org,UK,Patelland,28493,2026-02-07
C6164106,-,Krueger,2001-03-22,F,370-995-1551,johnphillips@example.net,United Kingdom,Port Morganview,22455,2024-12-14
C4442028,Laura,Dominguez,1975-12-28,NULL,276.755.3530x2696,fgolden@example.com,England,Jesseburgh,59391,2021-09-07
C7419651,Joel,Wilson,2008-07-03,F,(440)615-7783x534,cgalloway@example.org,UK,East Carloschester,22676,2024-05-20
C9403647,Stephanie,Anderson,1996-02-15,F,001-862-332-5652x833,vlopez@example.org,U.K.,Port Joe,33311,2025-12-21
C7677466,Daniel,Barnes,1955-05-05,Other,966.350.6622x40919,rolson@example.com,United Kingdom,Dunlapport,38132,2022-02-06
C8973427,Jennifer,Franklin,1938-02-20,Other,+1-870-217-8663,crystalvega@example.com,UK,Tatehaven,12680,2024-01-23
C4192450,Mark,Allen,1950-05-11,NULL,+1-904-809-4093x64522,valerie20@example.org,GB,Lake Theresamouth,34676,2023-12-24
C2630891,Cheyenne,Lucero,1940-02-02,F,+1-709-615-5600x060,justinforbes@example.org,United Kingdom,Tonyland,10479,2023-07-01
C8206769,Brandy,Rhodes,1949-07-24,NULL,(497)740-3056x95439,brittany67@example.com,GB,Lauraland,33501,2024-03-11
C1749571,Harry,Crawford,1960-06-13,NULL,587.650.5578,jonesashley@example.net,England,Port James,45943,2026-06-29
C5467612,Bradley,Christian,1942-12-26,F,001-499-459-9816x7722,kevin06@example.net,United Kingdom,East Karen,25890,2023-03-25
C2196890,Aaron,Lopez,2005-08-08,F,001-652-385-9227x52198,cwalker@example.org,U.K.,Fosterborough,35209,2023-11-04
C9904495,Andrea,Williams,1978-01-23,F,001-519-411-1477,johnking@example.net,UK,Danielschester,32526,2026-06-01
C2808299,David,Blackburn,2006-06-19,NULL,3318378692,sean69@example.org,UK,Danielberg,31004,2026-02-15
C5433483,Thomas,Smith,1975-09-17,F,565-718-0762,olsenamy@example.com,GB,Moranmouth,48334,2024-01-13
C5239015,Zachary,Chen,1979-03-05,NULL,429.713.5496x81326,gjohnson@example.net,UK,Gonzalezfort,44061,2025-08-06
C4768884,Marie,Petersen,1953-10-21,Other,4805957921,mary66@example.com,England,Donnamouth,61216,2022-01-16
C2391530,Kerry,Phillips,1951-12-11,F,+1-909-900-2513x278,brandon46@example.net,GB,Foleyside,68201,2022-11-12
C3825079,Erin,Lopez,1998-05-04,NULL,(828)742-4224,shelby24@example.com,United Kingdom,Rushmouth,89132,2026-01-21
C2758772,Donald,Harris,1972-11-21,M,001-815-616-2885x16941,newmanjulia@example.net,GB,West Samanthamouth,27986,Tomorrow
C1072196,Kevin,Taylor,1993-01-18,Other,(883)321-8048,yoderkimberly@example.org,GB,Navarroville,66077,2025-07-13
C791962,Maria,Tran,1953-10-19,M,001-934-531-1092,elaine67@example.org,U.K.,New Christopherhaven,73635,2022-09-25
C6028637,Vickie,Delacruz,1940-05-01,M,+1-402-230-0593x7986,hbrady@example.com,U.K.,Owensburgh,92902,2024-06-27
C2964449,Daniel,Howell,1972-09-13,M,244-735-0905x437,jacob72@example.org,UK,South Ronald,30117,2025-04-29
C6849420,Pamela,Nguyen,1968-04-13,Other,683-636-2990x05805,alexis66@example.org,UK,South Ashley,43225,2022-06-24
C3166240,Joseph,Mason,1940-10-30,NULL,+1-415-401-0819,phillipbarnett@example.com,England,Anthonyland,61329,2022-11-05
C6902651,Clifford,Brown,1942-11-21,M,(479)600-5056x857,xarnold@example.com,GB,Rushberg,83861,2022-11-05
C4072569,Lauren,Nichols,1966-11-16,F,(883)660-2365,marksims@example.org,England,Carolynside,37641,2021-08-24
C6816018,Lee,N/A,1962-01-17,F,+1-886-931-8724x69343,hsmall@example.net,GB,New Joshua,42171,2025-05-26
C8147470,,Brock,1940-08-25,NULL,+1-692-722-7348x92485,james48@example.net,U.K.,Lyonsborough,11824,2022-02-18
C1432412,Kathleen,Thomas,1940-09-25,F,001-455-798-2929,leachrobert@example.org,England,Brittanyland,28290,2024-06-01
C4453243,Stephanie,Ware,1989-02-15,M,001-540-284-0861x7709,kristyclark@example.net,England,Rebeccaland,65104,2023-11-29
C3803959,NULL,Haynes,1937-12-27,M,655.287.0330x0397,ystephens@example.com,England,Martinshire,30113,2022-11-25
C2118926,Michael,Burke,2000-12-31,F,001-311-867-9706x37006,ddaniels@example.com,GB,Jenniferside,71494,2024-10-03
C4496449,Kimberly,Silva,1992-11-24,Other,(378)618-1079x54658,chennathaniel@example.net,UK,West Brian,12714,2024-09-16
C8211411,James,Johnson,1951-05-25,F,4094534711,steven70@example.org,England,Amandaview,49829,2023-07-09
C6137286,Patrick,Thomas,1976-11-11,Other,001-648-544-6709,tiffany62@example.org,England,Port Markhaven,20646,2026-07-17
C9728198,Caitlin,Martin,1938-06-17,NULL,318.781.4432x435,stanley46@example.com,U.K.,Davidstad,15697,2025-01-24
C3586949,Rachel,Martinez,2002-03-20,Other,001-332-483-9303x381,stevendavis@example.org,England,Kramerbury,88329,2022-07-14
C6596666,Janice,Moyer,1947-07-12,Other,001-493-663-5741x53201,tmorgan@example.com,United Kingdom,Garciamouth,01154,2024-02-28
C7555207,William,Long,1969-05-15,M,727.702.3201,osbornsara@example.com,England,New Julie,06219,2022-12-21
C7602853,Heather,Robbins,1981-11-27,F,(546)537-5133,juan34@example.com,UK,Marquezland,50590,2025-11-18
C2323692,Cody,Molina,1958-03-25,NULL,Unknown,woodelizabeth@example.net,U.K.,New Gabriellaberg,59853,2025-04-09
C9625056,,Everett,1996-10-07,M,+1-921-793-9758x728,vrodriguez@example.com,GB,West Carolfort,42191,2024-09-28
C5419470,Brandon,Best,1967-08-17,M,4867838500,scottlawrence@example.net,UK,South Sharon,18087,2022-06-13
C6769108,Nichole,Ross,2005-08-24,M,440-984-3684x1854,kurtchavez@example.com,U.K.,West Mariafort,50397,Yesterday
C4650891,Jonathan,Sims,1955-03-01,Other,(203)839-2784x72798,thomas63@example.net,England,Taylorton,63963,2023-06-04
C212048,Julie,Hickman,1983-09-04,M,364.760.7363x44959,uwaller@example.com,England,West Christineside,62194,2022-08-24
C2953505,Michael,Bray,1975-05-04,M,001-735-991-6387x0140,cberry@example.net,U.K.,Wagnerburgh,87328,2021-12-06
C2957447,Walter,NULL,1942-09-22,Other,6952399118,aknight@example.net,U.K.,Lake Jasonville,89725,2022-08-05
C9337582,Jason,Cunningham,2008-05-04,Other,001-247-445-0775x9913,wlong@example.com,United Kingdom,New Amandaburgh,25738,2026-03-08
C105027,Anna,Benton,1981-09-16,M,633.644.8060x2116,erikpacheco@example.org,UK,Port Joshua,09145,2025-10-27
C3285822,Justin,Simmons,1999-09-05,M,+1-851-593-0147,bsmith@example.org,UK,Caldwellberg,07456,2022-09-24
C36960,Alex,Peterson,1971-07-28,M,NULL,iwang@example.net,England,West Judithfort,07873,2023-03-13
C6351456,Sarah,Chapman,1952-09-23,M,+1-749-773-6185,rachel75@example.org,UK,Deckerfurt,66084,2024-12-11
C5125409,Adrian,Olsen,1983-03-31,F,001-812-265-2298x704,kyliesmith@example.com,GB,North Coreyfort,58866,2023-04-07
C3428586,Donna,Santana,1939-07-29,F,564-498-1465,ysmith@example.com,England,Patrickchester,51443,2023-04-29
C6664738,Donna,Davis,1963-10-14,NULL,(258)252-1060x854,tyronecarlson@example.net,U.K.,North Christina,54415,2024-04-04
C3538686,Norman,Hancock,1997-10-22,F,+1-871-483-5144x7831,lfoster@example.org,England,Weberview,26112,2021-09-21
C2071180,Nicole,Shelton,1946-07-24,NULL,864.224.7197,cookricardo@example.com,United Kingdom,North Kirk,09599,Tomorrow
C1013471,Lisa,Massey,1946-01-10,F,495.900.7087x170,vwillis@example.com,UK,Davidfort,35554,29/07/2022
C6730144,David,Evans,1938-08-24,NULL,860.635.9496x6739,gonzalezalbert@example.org,U.K.,New Matthew,07727,2026-01-06
C93407,Christian,Myers,2007-09-28,M,(748)282-9488,james38@example.net,U.K.,South Mirandafurt,02482,2025-06-26
C7401116,Pamela,Smith,1957-11-18,F,001-970-972-1616x13405,gailmorales@example.org,UK,East Alexander,46161,2025-09-15
C3288494,Susan,Brown,1967-11-13,M,(769)203-8162x08793,timothyweber@example.net,GB,Robertside,89906,2026-05-27
C9672953,Anthony,Pierce,1990-10-10,M,332.378.4867,collinmcgrath@example.org,United Kingdom,Port Dakotafurt,75558,2024-05-06
C3350142,Emily,Logan,Yesterday,NULL,+1-576-852-2384x0056,zlawson@example.org,GB,South Sherriside,38858,2022-11-09
C9041902,Sandra,Adams,1947-03-15,Other,001-605-913-4182x88205,hannah52@example.net,UK,Lake Emily,56009,2024-11-12
C9178327,Brian,Montgomery,1937-08-15,NULL,393-248-1679x692,laurieberry@example.com,United Kingdom,Port Kathy,56828,2025-02-18
C3125205,Julie,Miller,1984-03-26,NULL,(402)971-1761x12584,brownsandy@example.net,GB,Frankland,25902,Tomorrow
C4227751,Jill,Price,1939-08-22,NULL,+1-784-538-9012,graypaula@example.org,UK,Teresafort,97763,2025-07-13
C5168301,Tonya,N/A,2007-08-15,F,001-881-767-0735x1462,kylehooper@example.net,GB,Lake Deniseview,81145,2022-10-06
C2515738,Vincent,Hall,1972-11-12,M,001-614-710-8587x6166,rogersamy@example.net,United Kingdom,New Rebeccastad,34683,2024-07-10
C2695199,Allen,Morton,2008-03-28,F,444-251-0543x6453,ashley30@example.com,England,Lake Maria,09508,2024-10-06
C6826995,Leslie,Ewing,1969-01-01,NULL,894-558-1468x02320,kgarcia@example.com,UK,Dudleyland,99552,2026-05-21
C4612874,,Taylor,1996-06-16,Other,(687)279-4483x29204,terri89@example.org,UK,East Crystalview,68846,2022-02-02
C4062089,Jeremy,Thornton,1959-05-25,M,(408)835-0816x37839,kelly45@example.org,England,Smithville,45947,2026-05-15
C7932568,Jennifer,Smith,1982-04-08,NULL,477.570.4317,rachelrose@example.net,England,New Raymond,09083,2025-12-02
C6226748,Andrew,Hunt,1981-03-04,Other,393-897-4646x795,moorejoseph@example.net,England,Port Courtney,90012,2025-11-15
C6443518,Barbara,Perry,2000-02-28,F,925-637-9833x4469,gdavis@example.net,GB,Westville,00670,2022-04-06
C1427786,Joshua,Allison,1977-08-09,NULL,,jenna87@example.net,UK,South Rachel,16469,2023-09-23
C1239191,Rebecca,Berg,19530719,Other,246-377-2210x258,bradleycook@example.net,United Kingdom,North Williammouth,69680,2022-03-25
C6960626,Chris,Wood,1985-10-30,NULL,9124608063,phillipspaul@example.org,UK,Beckport,73021,2022-02-09
C2815683,Jeffrey,Morgan,1956-11-14,NULL,9658076069,paula19@example.net,GB,South Natalie,25539,2024-07-03
C8131237,Brian,-,2007-11-06,F,+1-466-429-4464x1287,amanda99@example.org,GB,East Anthony,45999,2024-12-24
C6783381,Jessica,Irwin,494443751,NULL,+1-229-749-6871x8535,sgray@example.org,United Kingdom,South Emilymouth,11461,2023-01-13
C4447584,Thomas,Franklin,1992-11-10,Other,001-807-814-9723x5498,joshuanielsen@example.org,UK,New Meaganside,57585,2025-07-12
C6984823,Michael,N/A,1998-04-30,M,(768)775-7775x419,john57@example.org,England,Pinedahaven,72817,2024-04-26
C9152956,Douglas,Alvarez,1939-02-19,Other,+1-526-616-0308,cbaird@example.net,U.K.,Marybury,15582,2023-11-23
C4963647,Ashley,Morgan,1982-11-24,Other,001-743-267-9984x32848,tuckermelissa@example.org,England,Rothside,93934,2025-04-17
C784427,Laura,Hamilton,1956-10-09,M,759-978-3542x03663,ikelly@example.com,United Kingdom,West Erin,97999,2022-03-01
C6858193,Holly,Blankenship,1991-05-05,F,001-217-716-5039x40063,glittle@example.net,U.K.,Woodardchester,13303,2022-10-07
C622291,Debra,Reid,1950-07-10,Other,+1-407-521-3790x67242,fmorris@example.com,England,Rossport,51692,2021-12-13
C6903410,Donald,Davis,1995-09-18,NULL,(706)385-9899x6569,onealmorgan@example.org,United Kingdom,Johnsonview,63851,2024-02-03
C962230,Jennifer,Evans,1963-07-27,NULL,2862817495,brycegutierrez@example.com,England,New Brandistad,59074,2021-11-16
C5573693,Sean,Bell,1978-05-29,Other,638.456.5021x7951,carlos73@example.net,United Kingdom,Huynhshire,12060,2021-09-02
C7985622,Kristin,Hernandez,1943-01-04,NULL,284-455-0206,drakekatherine@example.org,UK,North John,54478,2023-04-11
C2032490,Stephen,Lewis,1998-06-30,Other,(597)985-6606x610,alexanderlee@example.org,U.K.,New Spencer,13847,2025-07-01
C1097886,Amber,Simon,1950-06-27,M,(218)519-2536x0509,teresastevenson@example.com,GB,Cochranmouth,40007,2025-09-15
C6452691,Joann,Combs,1981-08-23,Other,Unknown,kruegeramanda@example.net,UK,East Catherinestad,02933,2026-02-20
C1736411,Michael,Gallegos,1962-03-23,F,441-934-9045,davisclinton@example.net,GB,New Samantha,53181,2022-09-25
C955979,Erik,Webb,1979-07-11,Other,693.531.5430x957,donnaberg@example.com,GB,Nancytown,21441,2022-09-24
C6994696,Laurie,Church,1942-06-02,M,913-485-6435x27573,brett17@example.org,UK,Cassandramouth,41252,2024-03-30
C9495571,Kyle,Simpson,1955-05-09,F,(354)245-5529x712,hickmananita@example.org,United Kingdom,Adamsview,20884,2026-07-14
C4887022,Amanda,Shepard,1958-04-01,Other,+1-878-516-1325x950,wwebster@example.org,England,East Johnside,32557,2022-02-08
C1140823,Kristen,Jimenez,1999-08-01,NULL,+1-328-794-5495x56304,cruzlindsay@example.com,UK,Lake Lori,33206,2026-02-23
C9687231,Kelly,Brown,1970-03-23,NULL,567-866-1175x496,grahamderek@example.org,GB,North Holly,63013,2026-07-03
C3630330,Melissa,Anderson,1943-02-28,M,+1-469-440-7660,peterseric@example.com,United Kingdom,Amyborough,07186,2026-04-05
C9579097,Marie,Morales,1979-10-20,M,577-202-4624x3753,iholden@example.net,United Kingdom,Cynthiashire,07033,2026-02-15
C7917559,Joanna,Sanchez,1967-02-17,Other,490-516-4668,danielrodriguez@example.org,UK,Port Brooke,02313,2025-03-08
C8485428,Kelly,Johnson,1988-05-01,M,442-830-1299,qwong@example.net,England,Ginastad,55395,2023-01-19
C4292208,Robert,Nguyen,1979-02-09,F,967.391.2197,bradley51@example.net,GB,North Courtney,95826,2023-12-17
C6859976,James,Wallace,1984-04-02,F,+1-899-330-4498,jeremyhull@example.com,England,New Christopher,21089,2025-05-30
C302677,Christine,Mcknight,23/01/1988,NULL,517-604-9479,derek66@example.com,England,East Marcus,55430,2026-05-13
C9730979,Martha,Rodriguez,1999-07-08,F,001-444-511-1901x8785,coxkristen@example.com,GB,Williamshire,47228,2022-04-08
C7283468,Melissa,Morgan,1936-03-07,NULL,Unknown,fieldsmichael@example.net,England,Lake James,13289,2022-12-12
C6316162,Joseph,Burgess,1961-09-28,F,+1-566-889-7056,bbenjamin@example.org,U.K.,North Russell,06140,2024-09-19
C3864968,NULL,,1995-03-31,M,001-388-852-1725x182,hernandezcorey@example.net,United Kingdom,Gordonport,74903,2025-12-20
C4827171,Daniel,Taylor,1939-06-18,F,(674)566-3549x641,rodneyhenderson@example.org,United Kingdom,North Trevorport,01386,2022-03-05
C8671932,Kevin,Rice,1989-01-28,NULL,+1-567-446-9254x840,anthony38@example.net,GB,Joshuaville,40325,2023-02-18
C4186916,Luis,Garcia,1943-06-26,M,001-540-606-9366x554,josephmiller@example.org,UK,Port John,66381,2022-08-25
C934584,Travis,Morris,Yesterday,M,+1-519-885-5718,ehiggins@example.org,England,Alyssaburgh,42401,2026-05-06
C8659390,Jason,Perez,1992-03-11,F,001-382-340-7065x440,camachojoel@example.net,U.K.,Lake Johnbury,95535,2024-11-08
C9124626,Eric,Torres,1984-04-09,F,(427)531-6123x14417,boydlouis@example.org,England,South John,46623,Tomorrow
C4273063,Amber,Rogers,Yesterday,F,3673476788,harveysara@example.com,UK,Crawfordmouth,04469,2025-08-09
C2841399,Tanya,Lutz,1982-11-18,Other,541.229.3532,tedwards@example.net,UK,Jamieberg,46528,2021-12-04
C9108596,John,David,1958-01-26,M,001-926-637-7861x212,pbenton@example.org,U.K.,Sherylburgh,49866,2024-03-22
C7715538,Patrick,Mckee,1944-07-08,F,563.375.2303x23736,denise41@example.net,U.K.,New Donald,09493,2023-08-15
C8949177,Jason,Valencia,1995-02-25,Other,+1-934-536-1861,jimmycastro@example.net,United Kingdom,Samuelview,31348,2022-02-12
C1612537,-,Whitaker,1978-05-04,M,+1-370-842-7540,payers@example.org,England,Stevenville,45087,2026-08-04
C6510073,Mary,Gonzalez,1963-05-12,F,5119773281,amartinez@example.com,U.K.,New Darlene,83734,2024-12-23
C3783969,Yvonne,Wells,2000-02-14,F,(943)546-9258x630,lauracastillo@example.net,England,North Pamelashire,12881,2022-02-24
C9310282,Jonathan,Gonzalez,19351210,M,706-826-2824x22624,ucarroll@example.com,GB,Mcclainton,38403,2025-02-05
C9623237,Carl,Jennings,1962-03-04,M,(877)357-5702x410,nathan88@example.com,England,Lake Marcusborough,13407,2024-09-29
C6469133,Marcus,Whitney,1993-09-26,NULL,594.592.8724x286,fosterjessica@example.net,UK,Brownchester,91677,2021-11-26
C6564950,Joseph,Walker,1982-10-16,F,+1-829-518-8740,maldonadorobin@example.org,UK,Port Jenniferhaven,33748,2026-04-25
C4655519,Scott,Schaefer,1982-04-05,Other,230-650-5815,uanthony@example.org,U.K.,Seanport,82926,2023-02-02
C9006223,Barry,Cole,1979-03-25,NULL,920.565.4862,johnsondavid@example.net,England,Rachelfurt,75084,2026-04-03
C3469049,Ryan,Cantu,1953-03-27,Other,001-685-989-8388x554,sclark@example.net,GB,Spenceville,47682,2022-05-11
C283960,Bridget,Monroe,1993-11-29,F,699.417.9659,justinfitzpatrick@example.org,U.K.,South Joseph,80652,2025-01-26
C8422837,Cassandra,Hamilton,1955-12-24,F,+1-390-531-8441,michaelrogers@example.net,UK,Paulville,46809,2024-06-14
C8516239,Michael,Pearson,1959-05-19,Other,644.540.0140,hfoster@example.com,UK,East Jennifer,56996,2025-11-06
C7147716,Christina,Jones,1996-07-28,F,498.783.7617x234,sadams@example.net,UK,Williamsonport,05918,2022-06-18
C7776934,Jennifer,Tucker,1961-11-04,F,+1-563-984-4551,curtisrobert@example.org,U.K.,Port Anthonyville,35246,2025-01-13
C2106404,Ricky,Schmitt,2004-05-30,M,708-255-2740x71270,raymond40@example.org,England,South James,19366,2024-09-23
C9890264,David,Bryan,1937-06-26,Other,210-378-4054,jacksoncharles@example.org,United Kingdom,New Jacob,62323,2023-04-19
C5572985,Nicholas,Harris,2002-12-31,NULL,+1-808-986-6126x68832,pjackson@example.com,GB,Kellyton,88030,2024-01-17
C8096575,Crystal,Glover,1935-11-12,Other,286-399-6638x6193,ryan28@example.org,U.K.,New Dawnstad,54209,2026-01-25
C6924488,Stephanie,Turner,1979-06-13,F,NULL,melissagarrett@example.net,England,North Michaelchester,21578,2022-03-23
C3635116,Gregory,Greer,1973-11-21,Other,+1-366-772-2985x134,brownshawn@example.org,United Kingdom,North Royborough,31186,2021-09-15
C7073949,Monica,Jones,1982-08-23,M,(508)779-6338,greenjonathan@example.net,U.K.,Velezbury,23894,2022-11-05
C8667804,Lynn,Foster,1961-01-03,NULL,7367002279,alexander64@example.org,GB,Gilmorefort,31025,2022-12-13
C3861406,-,Mcdonald,1982-11-19,F,695-787-0212,douglaslowery@example.com,England,Matthewmouth,57655,2024-08-29
C8513560,Jonathan,Day,1988-12-08,NULL,+1-732-499-6225x8368,bryanchristopher@example.net,GB,Austinside,25941,2025-09-19
C8712494,Robert,Crawford,1941-11-19,Other,+1-315-335-1697x2370,brianna92@example.com,U.K.,Ashleyfort,55168,2025-08-14
C1761001,Jose,Unknown,1980-12-21,Other,(314)365-7642x713,qwright@example.net,UK,Andreamouth,81227,2022-02-10
C9912899,Julian,Bennett,1950-08-05,M,800.384.0683x1866,gcrawford@example.net,U.K.,New Kyleburgh,18212,2025-05-20
C8930429,Donald,Dunlap,1996-09-30,NULL,768-631-2160x736,atyler@example.org,England,East Erin,43456,2021-09-02
C3520943,Jennifer,Bell,1989-05-21,F,(593)290-2680x09784,loricook@example.net,GB,New Anthonymouth,65826,2026-03-27
C3224776,Kathy,Williams,1952-07-16,Other,8384252476,thomastaylor@example.org,United Kingdom,North Jonathan,04327,2024-05-01
C8843753,Carmen,Hill,1960-07-28,M,(554)851-7799x143,dennishamilton@example.com,UK,South Stevenside,90311,2024-11-05
C1952650,Kimberly,Hurley,1971-01-09,NULL,374.902.1694,sherimills@example.org,U.K.,West Andresside,93044,2022-11-15
C170953,Lori,Robinson,2001-07-19,NULL,+1-817-532-2445x133,james10@example.com,England,Kennethfort,73027,2022-01-16
C4428947,NULL,NULL,1969-07-20,F,3185884031,myersrebecca@example.org,England,Reginamouth,70141,2022-11-04
C5378090,Christina,Stevens,1998-01-21,F,+1-778-388-5258x83080,katherine17@example.net,United Kingdom,North Brian,80567,2025-12-02
C6264845,Melissa,Mayer,2003-02-01,M,001-872-548-5277x90976,leesarah@example.com,England,Melanieberg,32427,2025-10-26
C5747010,Andres,Marshall,2002-01-31,F,617.915.3385x4114,xcole@example.net,United Kingdom,Michaelchester,91234,2022-05-09
C7060040,David,Jones,1977-04-18,Other,(606)703-9769x19121,margaretbrown@example.com,UK,East Jennifer,53638,2022-09-06
C8618908,Cynthia,Williams,1991-10-04,NULL,001-785-275-7186x68789,webergary@example.org,UK,Jacobfort,62584,2022-08-09
C7360444,Jeffery,Mckee,02-18-2003,M,(398)884-9211,flowersjennifer@example.com,United Kingdom,East Masonville,64811,2022-09-14
C6543530,Brandi,N/A,1967-11-12,NULL,906.522.7343x797,larsoncaleb@example.org,UK,North Carly,68199,Yesterday
C1074597,Jordan,Smith,1972-03-23,Other,+1-482-626-4093x2080,daniel17@example.org,United Kingdom,South Brianhaven,57899,2024-08-08
C6082347,David,Young,1996-09-24,F,(399)983-8185,mcguirealexander@example.net,England,South Gloria,51951,2024-11-11
C6452210,Sandra,Washington,1955-05-25,M,(333)917-2134x320,rcortez@example.com,England,East Melissatown,98295,2022-07-11
C1098164,David,Palmer,1991-10-02,Other,521.536.3225,chad07@example.org,GB,Clarkeville,04263,2026-05-08
C7850044,Christina,Flores,1975-03-06,M,+1-700-411-3034x1041,pateldonna@example.net,England,Dustinland,83237,2022-04-27
C92882,Christopher,Thompson,1941-01-05,F,(485)693-1171,pgomez@example.com,GB,North Brian,11430,2024-06-18
C1613802,,Harris,1978-12-22,Other,785-234-0551,andersonkenneth@example.com,United Kingdom,New Catherinechester,28142,2024-05-17
C8483716,Brenda,Hopkins,1991-12-12,Other,856-433-1632x654,elizabethmcgee@example.net,UK,Maloneshire,47403,2021-10-29
C6373711,Unknown,Benitez,1968-04-24,NULL,526-415-2830,dthompson@example.com,England,Leslieview,14923,2023-03-26
C3689652,Michelle,Pierce,1994-10-09,F,(633)394-0829,hjones@example.org,England,Jamesshire,42498,2023-05-07
C3565530,Wendy,Brown,1956-01-05,NULL,(794)422-1632x14152,stewartjasmine@example.net,England,Lake Christopher,44173,2021-10-06
C8700706,Kristen,Palmer,1961-08-25,Other,5988546136,rodriguezbrittany@example.org,GB,Robertbury,04785,2023-03-18
C9501517,,Atkins,1994-01-02,Other,+1-321-748-9462x93111,millerthomas@example.net,England,Collinsview,63495,2025-01-26
C4626511,Karen,Brown,1981-03-24,Other,809.426.0139,ksosa@example.org,United Kingdom,West Alexanderborough,61641,Tomorrow
C5417411,Jessica,Blake,1962-11-13,M,(922)265-9104x8776,zsanchez@example.com,U.K.,Simshaven,98683,986732021
C3955211,Nancy,Walker,1996-08-10,Other,3243378934,williamgreer@example.org,U.K.,East Matthewton,35822,2022-08-15
C7944134,Amy,Greene,1959-01-04,Other,+1-458-705-7050x6119,cbooth@example.org,GB,Port Jocelynport,91803,2023-10-22
C2171670,Matthew,Ward,1982-04-19,M,(511)887-1143,cvaughn@example.org,United Kingdom,South Victor,92963,2022-04-02
C6263560,NULL,Spence,1974-03-11,Other,974.663.4768x3597,kathryn37@example.org,United Kingdom,Ashleyshire,75079,2022-12-17
C4757403,Melanie,Morgan,163722926,Other,469.810.4317x1994,zliu@example.net,England,Tracyside,34248,2025-09-19
C6318801,Mandy,Ryan,1953-06-17,NULL,803-260-9465,fsantiago@example.com,England,Lake Benjaminchester,47875,2021-09-08
C5133751,Ronald,NULL,1978-11-27,F,+1-517-846-8566x9520,rmendoza@example.net,England,Edwardbury,04184,2022-05-26
C4096796,Douglas,Wilkins,2007-02-16,NULL,4802378115,daughertyann@example.com,England,West Maryside,76978,2026-05-13
C9313346,Brian,Martinez,1985-06-19,NULL,850-521-3052,murrayjenna@example.org,GB,Timothyfort,39984,2024-05-20
C112105,Joshua,Hernandez,1967-07-15,NULL,(437)914-9657,sandersholly@@example.net,England,New Charleshaven,03134,2025-11-18
C9621427,Stacy,Sanchez,1943-10-09,M,(428)260-5033x737,hocarol@example.org,United Kingdom,Ellisport,25378,2023-08-18
C2204565,Kathleen,Garcia,1954-02-09,NULL,(373)589-2135x12515,chad26@example.net,U.K.,Hofurt,78741,2024-04-10
C642295,David,Peck,1987-01-11,F,(761)721-0268,lambertjorge@example.net,England,Michaelville,41831,2026-07-02
C4311150,Joel,Young,1968-10-02,M,(401)397-1488x88699,nathanburns@example.org,GB,Analand,93463,2024-09-02
C2630418,Alexander,Smith,1953-07-15,NULL,,ftaylor@example.org,United Kingdom,New Daniel,33549,2025-07-22
C181192,Rebecca,Graham,1970-09-23,M,001-640-534-3334x2072,bentonjohn@example.org,U.K.,Craigbury,50359,2021-09-22
C3985475,Katie,Martinez,1967-09-19,Other,+1-905-865-2731x8595,hbullock@example.org,United Kingdom,Rodriguezborough,54159,2022-11-26
C3154355,Erica,Hernandez,1948-11-06,F,N/A,emilygomez@example.org,U.K.,Loriberg,44054,2023-10-17
C741429,Jesus,Williams,1957-06-22,F,404-901-5441,manningjames@example.net,United Kingdom,North Matthew,47505,2023-07-08
C9019032,Angela,Mercado,1946-09-13,F,925-672-5215,fbeck@example.com,UK,West Carlchester,87034,2022-06-02
C3194635,Shawn,Williams,1980-04-30,M,+1-888-505-4672,sunderwood@example.net,England,Jamesburgh,03179,2026-05-03
C5390212,Jessica,Villarreal,1946-05-02,M,951-985-8284x10670,donaldhiggins@example.com,England,South Adam,96615,2021-08-18
C9184821,Samuel,Cooper,1941-08-04,M,528.268.6094x76949,matthewsnyder@example.net,England,Morenomouth,92274,2024-05-17
C5331301,Darren,Gibbs,1940-09-06,Other,833-487-6108,michaelmoore@example.org,U.K.,Miahaven,50212,2026-03-10
C1616821,Jamie,Gonzalez,1944-08-27,NULL,492-274-1633x9726,jonathan48@example.net,England,Hillchester,89346,2023-01-30
C1480790,Megan,Gonzales,1937-02-13,Other,787-203-7435x182,arollins@example.org,England,Austinberg,66322,2025-12-21
C4894525,Andre,Miller,1969-11-23,NULL,(699)611-5214x39771,fsmith@example.net,United Kingdom,East Dianastad,74032,2025-01-06
C7810426,Patrick,Copeland,1997-06-11,Other,001-565-586-3199x70245,shelly51@example.com,GB,Kingside,52936,2021-08-28
C1880726,Lauren,Mack,2002-06-18,NULL,001-995-638-9633x52353,rosborne@example.com,UK,South Deborah,34371,2023-06-12
C874685,Charles,Smith,1983-04-20,Other,(771)668-5707x9641,lmorgan@example.org,United Kingdom,Lake Jacobtown,38247,2023-03-01
C5953611,Sherri,Thomas,1968-10-16,Other,001-461-556-6760x11774,jenniferriggs@example.net,UK,Smithside,82387,2026-06-09
C9503912,James,Beck,Yesterday,M,(399)900-4522x83825,mooredeborah@example.com,GB,Lake Jessica,69105,2025-08-23
C4477115,Robert,Carr,1959-07-29,M,001-313-605-0351,bettymckee@example.net,U.K.,Lake Sue,45158,2025-08-28
C1518534,Seth,Walker,1969-07-04,F,989.245.0223x904,delacruzlinda@example.net,UK,South Matthew,53346,2024-01-11
C1181924,Jose,Mccann,1944-07-11,F,581.886.6131x019,marissamoore@example.net,U.K.,Maddenberg,47857,2026-04-10
C779610,Dawn,Cummings,1993-06-15,Other,477-847-1566x312,ryan51@example.net,UK,Lake Julieview,31525,2025-04-04
C8685809,Larry,Fitzpatrick,1976-11-28,F,637.351.7932,gwalker@example.org,England,Port Lindsaychester,54527,2026-06-02
C7554520,Janet,Monroe,1985-07-17,F,230.204.2198,ebernard@example.net,U.K.,Ericshire,64694,2024-04-21
C3353460,Amanda,King,1976-03-07,NULL,001-328-236-0599x55718,natalie84@example.org,GB,Gambletown,30738,2025-01-14
C7101017,Carolyn,Hudson,1962-06-09,M,852-379-8635x7798,privera@example.net,UK,Port Davidfort,81955,2022-10-01
C7050037,Amy,Heath,1991-12-08,F,(688)402-7316x528,fespinoza@example.org,United Kingdom,Kristineland,54446,2025-04-20
C2907110,Krista,Mathews,1966-07-03,F,(525)697-6731x838,charlesjohnson@example.com,GB,Jenniferland,06265,2024-09-08
C1144854,Charlene,Lowery,1962-05-16,F,(583)381-8444x24901,william95@example.com,U.K.,West Kendrafurt,26673,2026-08-03
C8051410,David,Santos,1945-10-03,M,201.360.6693x487,andrearodriguez@example.org,UK,Stewartfurt,07148,2022-07-31
C8084405,Brian,Gibson,1997-06-15,NULL,001-953-758-5163,lawrenceharold@example.com,GB,Gabrielleside,06837,2025-04-18
C6087916,Julie,Smith,2004-05-28,F,(594)577-0837x729,mooremario@example.net,England,West Sherribury,13883,2022-12-29
C3750483,Chris,Nguyen,2002-12-11,Other,+1-944-840-2460,bondsophia@example.org,UK,West Theresa,26868,2024-04-14
C8466277,Kelly,Unknown,1943-07-07,F,566-834-0497,justin68@example.net,United Kingdom,West Lisa,37212,2026-01-30
C33506,Joe,Joseph,1946-08-31,Other,+1-887-317-2605x318,cshort@example.org,U.K.,East Johnny,70773,2026-05-09
C4563719,Daniel,Johnson,1948-06-25,Other,283-326-7418x31399,renee48@example.com,United Kingdom,New Ashley,86546,2026-06-16
C6346003,Sonya,Franklin,1945-05-13,M,001-802-325-9537x166,yangmatthew@example.org,GB,Grantside,23894,2025-11-10
C933422,Alexis,Oneal,1979-11-22,F,(466)924-6942x672,owenbrian@example.com,United Kingdom,Pacefort,23693,2025-05-01
C6572558,Amanda,Brown,1994-10-14,Other,601-532-4994x433,millerkimberly@example.com,UK,West Jessica,82208,2023-09-14
C2769168,N/A,Bowers,1974-09-14,F,(812)784-1768x06101,padillakatherine@example.com,United Kingdom,Owensberg,00791,2022-11-25
C5087033,Suzanne,Boyd,2007-04-16,Other,(236)847-0717x8485,evansluke@example.com,England,Riversburgh,19524,2023-11-08
C4396363,NULL,Levine,1990-01-05,M,498.230.1711x347,ronaldramos@example.net,GB,Williamsburgh,68860,2023-04-23
C6211331,Jamie,Brown,1944-05-31,NULL,7109250196,preston17@example.org,UK,Ramirezmouth,09302,2026-07-02
C7501101,Jasmine,Clark,1952-01-09,NULL,001-406-234-3987,steelekimberly@gmal.com,U.K.,West Lori,59681,2026-03-06
C7161902,Cameron,Robinson,1952-01-15,Other,(960)616-3503,richardslisa@example.com,GB,Mariabury,07827,2022-09-27
C2831489,Jenna,Carroll,1991-05-10,F,+1-719-655-9613,aschneider@example.com,England,Avilachester,66822,2026-02-18
C7040002,Megan,Roberts,1969-06-08,M,+1-974-405-8422,gsmith@example.org,United Kingdom,West Sarachester,52693,2021-09-07
C3096753,Denise,Caldwell,1947-07-02,F,(954)987-9427x9219,hunterdouglas@example.org,England,East Holly,60227,2022-12-27
C5346405,NULL,Bradshaw,1947-12-05,Other,001-246-804-1770,tricia34@example.com,U.K.,Annettemouth,03263,2023-05-11
C5157786,Molly,Wilson,1975-04-02,M,285-860-6988x475,martinlucas@example.net,England,East Jacobfort,62351,2022-06-26
C3241918,Sandra,Moyer,1991-11-04,F,001-890-330-3994x604,johnsondebra@example.org,U.K.,New Paul,82528,2022-04-24
C4594411,Sonya,,1956-02-16,F,+1-249-887-9063,serranomax@example.com,UK,South Williamside,94383,2026-07-02
C1378735,Jason,Walker,1967-01-24,NULL,(802)374-0569,ashley72@example.com,United Kingdom,North Davidmouth,83765,11-29-2024
C4137010,Jose,Douglas,1956-07-16,Other,001-544-966-5810x27677,jenniferlucero@example.org,UK,East Heather,20890,2023-07-20
C8242903,Danielle,Nelson,2004-05-04,F,236-881-8929,craig24@example.net,UK,Port Christopher,35450,2024-09-09
C994885,Shannon,Pierce,1974-04-24,M,408-653-2714,melody88@example.com,UK,Mendezborough,71902,2022-06-18
C5486474,Pamela,Carpenter,1996-04-23,NULL,895-903-8835x10665,cooleywilliam@example.org,UK,West Juan,79522,2022-07-29
C2408338,Lawrence,Oconnor,1960-05-30,M,001-388-424-3562x41167,charles94@example.org,England,Coltonview,27985,2026-02-01
C468899,Alexis,King,1970-07-11,NULL,641-759-9107x57407,christinenorris@example.com,United Kingdom,Lynnfort,88056,2023-03-05
C6458146,Tina,Smith,1974-04-08,M,(803)653-3493x380,tjackson@example.com,UK,Rossshire,18055,2021-12-07
C6641401,Brent,Roberts,1943-11-09,NULL,568.348.1424,xlyons@example.net,England,Lake Nicholasland,93276,2026-04-01
C6375215,Joseph,Rush,2006-08-24,Other,(315)566-3856x51189,jamesweaver@example.net,UK,Mistyville,11088,2023-09-01
C8269082,Michael,Tran,1949-02-26,Other,804-847-4625x9134,jeffrey03@example.com,U.K.,South Brianna,08211,2023-04-12
C4354718,Charles,Mcdonald,1998-02-14,NULL,(769)394-0074x3310,nicolejohnson@example.net,United Kingdom,Solisville,26932,2022-05-04
C599828,Sergio,Gill,1967-07-30,M,6619488990,michelle86@example.com,UK,Jessicaberg,40650,2023-03-07
C8876216,Keith,Mcdonald,1978-09-28,NULL,+1-383-243-3802x17139,space@example.com,UK,Laurenmouth,75736,Tomorrow
C5927879,Jeremiah,Kelly,1980-10-17,Other,304.759.6328,barrjohn@example.net,England,Taylorland,70321,2023-09-25
C86981,Kevin,Johnson,1968-03-18,M,416-296-0257x0015,yolanda93@example.org,England,West Danielbury,11202,2023-10-22
C5943390,Samantha,Chandler,1965-10-04,NULL,965.908.8806x0279,timothy84@example.net,United Kingdom,Joshuafurt,76559,2021-10-25
C8771721,Linda,Kane,2007-05-03,NULL,+1-246-867-0682,joseph89@example.org,U.K.,West Jessica,43547,2024-04-11
C3548791,Robert,Woods,2003-06-04,F,(246)476-7538,ysilva@example.net,United Kingdom,Parkerfort,81468,2023-08-11
C5296892,Heather,Mckinney,1946-07-17,Other,522-423-6483x980,pbrooks@example.net,U.K.,Christopherton,00858,2024-07-11
C695114,Rose,Martinez,19570214,F,651.414.5053x57159,julianbonilla@example.net,U.K.,Debbieshire,61506,2026-03-04
C2214191,David,Porter,1973-06-16,NULL,(627)295-2096x32278,cgonzalez@example.net,GB,West Tanya,93796,2022-04-23
C4356674,Robert,Park,1948-02-05,NULL,(546)243-2140x63095,robert33@example.com,United Kingdom,Selenafurt,76825,2025-01-18
C8049197,Jessica,Mckay,1993-07-11,M,001-415-266-1489x096,ytaylor@example.com,United Kingdom,New Shane,60804,2024-07-05
C1728157,Ian,Torres,1972-03-26,M,319.985.7074x3624,shane04@example.com,England,Lake Michaelfurt,58410,2026-05-14
C2817327,Sara,Santana,1986-02-27,Other,876-589-7063,davissean@example.org,U.K.,West Kristi,56636,2021-08-21
C9181089,Regina,Simmons,Tomorrow,NULL,NULL,kristinsantos@example.com,United Kingdom,Torresmouth,64380,2022-06-14
C7400417,,Banks,1978-02-24,M,001-471-554-8326x68081,gallagheralexander@example.com,United Kingdom,New Mary,06471,20230917
C9951603,Elizabeth,Carson,1964-04-05,Other,583-824-5789,vross@example.org,United Kingdom,Hornfort,07165,2024-05-19
C3777965,Tina,Baker,1942-01-24,F,9753149124,jacobmcintosh@example.net,England,New Michael,28928,2022-06-12
C8501611,Judith,West,1971-09-11,F,001-340-720-3324x339,simmonsadam@example.org,UK,Johnton,63404,2026-03-30
C4153449,Brittany,Unknown,1984-04-18,F,550.709.6954x5618,latoyaherrera@example.com,United Kingdom,West Richardfort,96481,2023-11-05
C1911258,Katelyn,Chan,1984-03-11,Other,001-464-761-4743x16915,stoutanthony@example.org,U.K.,North Davidmouth,71334,44103712
C2575346,Katelyn,Poole,1973-04-12,F,682.596.4796x066,heather71@example.net,UK,Susanfurt,45861,2024-07-13
C3791878,Susan,Roberts,1975-11-15,M,(915)709-4679,jenniferbutler@example.org,UK,Jimenezmouth,89344,2022-03-31
C7492330,Tracie,Smith,1936-07-24,M,+1-224-551-7782x2803,fsmith@example.com,U.K.,Reidchester,13546,2023-12-14
C7934610,Stephanie,Silva,1950-09-06,NULL,001-253-680-4896x11274,haleycooper@example.org,England,Weavermouth,37529,2023-07-18
C113731,Jaime,Ramos,1961-11-12,M,+1-714-217-6786,hrivas@example.net,UK,East Lindsay,97341,2025-02-07
C9784326,James,Williams,1943-05-25,M,+1-328-574-9787x55048,carlaparker@example.com,England,East Gary,31351,2024-03-20
C5625248,Patricia,Price,1995-12-30,NULL,288-765-8560,juliebrandt@example.com,GB,West Nataliechester,18767,2024-02-01
C9630764,Kevin,Jones,1972-01-15,M,001-721-274-1685x852,hernandezmichael@example.com,United Kingdom,Edwinstad,33443,2022-10-15
C4049100,Susan,Krause,1951-08-03,NULL,907.832.2528x77273,cheryl31@example.net,UK,Josephview,08448,2024-04-27
C7741814,N/A,Gray,1944-06-03,NULL,+1-960-377-2337,mullenterry@example.com,England,Tylerchester,20143,2023-03-03
C2001519,Susan,Owens,1993-05-06,F,001-261-206-8580x9622,cartervanessa@example.org,United Kingdom,Roseburgh,74132,2023-11-24
C5645060,Sean,NULL,1982-09-01,F,812.362.0813x0867,melissaclark@example.com,GB,East Austin,16148,2022-07-16
C4710150,Gail,Anderson,1956-05-19,Other,+1-428-982-9119x06931,wellsjulie@example.net,England,South Cassidyside,43517,2023-10-05
C3147490,Billy,Choi,1951-05-01,M,594-323-8845x21984,fostercatherine@example.org,GB,Jasonstad,72408,2023-03-11
C3646988,Brenda,Zimmerman,1955-06-21,Other,216-594-6032,hernandezlonnie@example.com,England,Jillburgh,47949,2024-02-22
C1430706,Julia,Gomez,1976-12-25,F,+1-590-423-0723x068,qfox@example.org,GB,South Michael,51653,2026-04-19
C5756920,Mark,Lam,1951-05-18,M,438.634.6388x75904,gcunningham@example.org,U.K.,Tannerhaven,18011,2026-08-05
C6064438,Larry,Lee,1949-05-29,NULL,239-945-7674x4821,caseyrogers@example.com,England,Lake John,60201,2025-07-04
C5109330,Priscilla,Ferguson,1950-08-02,F,(691)991-5542x13453,williamsscott@example.com,GB,East Scottport,81408,2023-05-01
C4770085,Megan,Mcdonald,1948-06-07,NULL,001-234-608-5156x953,jwells@example.org,England,New Bailey,85620,2025-06-01
C8005935,Gerald,Lyons,1935-08-18,F,+1-882-567-6078x4123,mark73@example.com,UK,South Theresa,20056,2023-01-31
C130001,Derrick,King,1975-11-26,M,001-297-623-4258x970,williamdillon@@example.com,U.K.,Wallsfurt,57781,2021-10-30
C1528244,Mary,Jenkins,1950-08-23,Other,N/A,ojones@example.org,UK,South Frank,49711,2024-12-19
C1167712,Emily,Wright,1998-07-07,F,397.674.8843,carterandrew@example.org,GB,Derrickville,13511,2024-12-29
C1298038,Steven,Torres,1959-02-23,M,+1-981-762-7294x02325,darryljordan@example.org,GB,Leebury,49258,2021-09-17
C5740432,Stephanie,Ford,1979-05-04,NULL,+1-519-327-9010,richard41@example.net,England,Andersonshire,28991,2023-07-25
C3062272,Lindsey,Christensen,1979-09-26,Other,(482)266-8609x4412,esmith@example.com,U.K.,Fuentestown,59390,2025-11-07
C8669242,Steven,Kelly,1997-03-03,M,+1-563-714-7386x15181,nathancampbell@example.com,UK,Bartontown,64870,2025-07-27
C2604806,Susan,Taylor,1937-11-12,F,001-479-290-8124x57730,esmith@example.com,United Kingdom,New Ronald,48926,2026-06-28
C4375530,Robert,White,1970-10-05,F,(914)643-1773x15635,sheri13@example.org,United Kingdom,Charlesview,28770,2025-12-20
C4414873,Emily,Rangel,1976-07-27,NULL,(332)307-8109x5067,matthew66@example.org,England,West Jamie,96975,2023-06-15
C3611221,Laurie,Santana,1945-12-22,NULL,001-524-939-8741x06598,sierranichols@example.net,UK,West Pamela,97350,2022-09-20
C4092269,Gary,Ray,1982-08-15,F,379.923.9366x9208,sara83@example.org,U.K.,New Vincentchester,96264,2025-05-07
C6093366,Kyle,Gonzalez,1999-05-10,Other,+1-306-534-5443x33083,rangeltiffany@example.com,GB,Nashside,39361,2025-11-03
C3523899,Sydney,Phillips,1980-11-11,Other,555.979.8441x43199,matthewburns@example.org,GB,Joseville,72857,2024-06-22
C513581,Loretta,White,1991-06-24,Other,001-393-443-9164x5683,carlos55@example.org,U.K.,Port Angelatown,31970,2024-06-24
C4509904,Louis,Joyce,1972-04-27,M,001-361-636-9464x71833,scottwilliams@example.org,GB,Vincentport,39741,2025-02-22
C7162809,Gina,Robertson,1941-10-18,F,832.950.7018x682,eking@example.net,U.K.,Holmeschester,52575,2024-06-10
C2320353,Alex,Hickman,1944-07-19,F,2572008606,kdavis@example.org,UK,North Heatherberg,98591,2023-05-01
C1932073,Ryan,Sims,1960-01-19,M,288-622-6543x841,michaelkelly@example.net,United Kingdom,Ianton,14691,2022-01-16
C5006885,Brandon,Clay,1983-04-20,Other,358.814.4513x052,austin14@example.com,U.K.,Cooperville,58792,Tomorrow
C8763542,Jane,Moore,1961-10-05,M,793-960-8260x1339,andersonbradley@example.com,United Kingdom,North Kimberlyberg,62768,2022-03-23
C9618482,Michael,Payne,1968-02-18,M,(256)786-7694,gail80@example.org,GB,Tinaborough,63173,2021-11-02
C7953912,Aaron,Conway,2007-04-16,F,+1-289-470-2503,jessicabell@example.org,England,Port Christopher,74543,2023-12-10
C7051802,David,Diaz,1998-11-22,NULL,888.642.7458,yparker@example.net,U.K.,Teresamouth,66534,2021-11-30
C771627,Jessica,Peterson,1968-10-08,Other,(678)895-3735,kentdarren@example.net,GB,Hartside,14218,2023-05-30
C9067826,Victoria,Dawson,1976-03-30,M,001-909-875-8346x8609,daviscraig@example.org,England,East Patrickton,47073,2024-02-17
C7459116,Eric,Hansen,1995-05-29,Other,(359)738-2096x37899,taylormayer@example.org,GB,Susanshire,33349,2025-08-22
C3209721,Shelly,Hartman,2004-06-05,F,(891)915-1262,mary12@example.org,England,Bradyside,57220,2021-12-06
C9512907,Melissa,Steele,1952-10-20,Other,+1-331-262-0035x16337,tannerchapman@example.net,England,North Brandon,25059,2023-06-27
C7710106,Gina,Hardin,1963-11-25,Other,+1-473-892-8653x140,taylorjanet@example.com,United Kingdom,North Carolmouth,69455,2021-10-25
C1824871,Janet,NULL,1987-09-26,F,3038833867,kennethwilson@example.net,England,West Alyssa,04009,2021-08-11
C6570969,John,Johnson,1957-05-23,F,827-407-0476x88847,racheljohnson@example.org,UK,Brianmouth,42544,2026-05-02
C4891398,Patricia,Young,1945-02-26,Other,001-526-400-1872x2121,garciaraymond@example.com,U.K.,South Heatherview,55283,20230307
C9268105,Felicia,Wood,1986-04-24,Other,+1-479-232-3172x052,ephillips@example.com,England,Hunterhaven,85164,2025-05-31
C1751432,Shane,Martinez,1960-06-30,NULL,641.252.8759x351,mitchellcody@example.org,England,Rogersfort,90846,2025-03-25
C4918702,Randy,Bauer,1942-08-30,F,8293675308,oball@example.net,England,North Michael,13794,2024-11-23
C318667,Sarah,Vasquez,1957-06-18,Other,(308)592-4203x273,brandonhensley@example.net,UK,East Lori,74454,2026-01-26
C9305601,Rebecca,Williams,1959-07-01,F,+1-652-762-6860,jacob66@example.net,GB,Port Nicole,33830,2023-09-11
C1319696,Tara,Gardner,1948-07-29,M,(711)527-8428x86857,victoria17@example.org,United Kingdom,East Cory,45893,2023-05-11
C9054260,Shelley,Mills,2005-08-14,F,5757563619,margaretvaughn@example.net,U.K.,Robertside,70121,2025-09-01
C6989129,Jessica,Fitzpatrick,1981-08-26,F,267.985.2604x32128,veronicadillon@example.com,England,Deanhaven,21935,2022-03-27
C1114505,James,Castillo,1943-07-30,Other,+1-901-774-3787x66565,stevenwilliams@example.com,GB,West Kelsey,08664,2026-07-18
C9998512,Lisa,Rodriguez,1975-12-31,M,904-946-3611x7407,meyersvictoria@example.org,England,Sandraton,50546,2022-03-25
C8426831,Daniel,Graves,1965-03-24,NULL,001-944-791-8886,taylorkayla@example.org,GB,Jenniferbury,84637,2025-07-24
C8684251,Barbara,Li,1972-01-15,Other,-,rodriguezluke@example.org,GB,West Trevor,25249,2021-08-11
C8885705,Daniel,Glover,1939-11-22,F,+1-845-647-1579x0766,fwilliams@example.com,UK,Michellemouth,47434,2023-06-05
C898667,Shirley,Underwood,1957-09-12,Other,695.298.3076x22777,xsmith@@example.net,England,Kellytown,21806,2025-02-16
C4143646,Robert,-,1950-03-26,NULL,001-828-257-6999x309,ovalencia@example.com,England,Cookton,58653,2024-07-22
C8025732,Daniel,Martin,1991-03-18,NULL,+1-574-513-4672,burnsamber@example.net,England,New Rebeccashire,59143,2024-11-29
C9213753,Michelle,Foster,1999-08-13,F,471.491.4625x47707,NULL,England,Weaverland,52139,2023-03-20
C5276567,Ricky,Williamson,1937-09-19,M,(284)305-4244,denise82@example.com,U.K.,New Frances,65655,2026-08-02
C5160539,Jonathan,Simpson,1985-05-16,M,+1-406-202-9354,watsonkaren@example.net,U.K.,Fordton,04594,2021-08-11
C5053494,Denise,Hickman,2007-09-17,F,638.897.1772x49577,fernandezcaleb@example.net,UK,Sancheztown,58994,2025-03-12
C2314580,Michelle,Ellis,1984-04-01,M,915-417-3418,donalddunlap@example.org,UK,Pamelaview,07878,2024-05-11
C4317714,Kenneth,Quinn,1944-08-23,F,736.730.6998x769,ekrause@example.com,England,Hartmanborough,68983,2024-02-19
C9386660,Bruce,Gibson,1975-12-09,M,(878)243-7313x7955,donnadonaldson@example.org,England,Lake Philiphaven,24716,2025-12-09
C5911317,Janet,Long,1971-11-09,M,001-906-648-2744x928,zjohnson@example.com,England,New Elizabethport,58919,18527752
C864817,James,Walters,2006-06-02,F,001-261-251-8636,wilsonleslie@example.net,UK,Jenniferport,24662,2023-09-13
C2577090,Michael,Taylor,1986-12-21,M,731.289.2341x628,owashington@example.net,England,Thompsonfurt,47935,2023-03-26
C1180852,Brandon,Garcia,1955-11-09,NULL,626.703.2273x052,phowe@example.com,GB,Turnerview,26406,2023-08-17
C5466687,Mary,Chen,1977-01-31,M,(326)630-4482x74331,jonespaul@example.org,GB,East Jillside,73861,2024-12-11
C9255699,Kelly,Pace,1989-10-03,NULL,7088992678,dennis25@example.com,England,Davisborough,77118,2023-12-02
C318956,Mark,Long,03-31-2000,M,001-790-809-2930x847,qwalker@example.org,England,Codyland,37440,2025-09-14
C9854870,Andrew,Wang,1942-11-06,F,(636)826-3446x629,rachel24@example.org,GB,Staciestad,51122,2025-10-19
C8165975,Denise,Howell,1947-03-06,F,(381)451-5251,browndavid@example.net,United Kingdom,Matthewshire,22963,2025-03-16
C3675575,Erika,Rivera,1996-01-22,Other,001-335-619-4322x322,dhoward@example.org,UK,Jonburgh,49288,2022-06-06
C7859657,Raven,Obrien,1999-12-01,F,8067247223,erika77@example.com,United Kingdom,Johnstonburgh,55322,2024-04-30
C9414349,Kimberly,N/A,1994-05-20,NULL,426.634.9354,wallermadison@example.org,England,Valdezburgh,97906,2021-09-25
C542480,James,Woods,1951-01-26,M,+1-624-998-5038x971,mark78@example.org,U.K.,South Erika,59115,2024-06-02
C9605597,Brandon,Phillips,1952-11-26,M,+1-527-743-7156x84119,amybutler@example.com,U.K.,Krystalberg,64172,2024-01-29
C3538759,Tonya,Mitchell,1977-12-23,M,710.951.6158,csmith@example.org,UK,Sarahberg,93837,2023-04-22
C1190632,Cathy,N/A,1986-05-18,Other,001-243-399-7605,jamiebaker@example.org,United Kingdom,Garyborough,93028,2022-03-15
C6329415,John,Mason,2002-12-11,F,+1-544-936-0015x61080,joshuadavis@example.net,UK,Stephanieborough,62524,2021-09-20
C3569648,Kevin,Lyons,1961-10-26,Other,447.963.2527,robbinschristopher@example.com,U.K.,Larrystad,88952,2023-08-23
C7397123,Angela,Foley,1961-07-11,NULL,465.653.8904,prattzachary@example.org,GB,Garciaside,86263,2022-08-03
C9050890,Stephen,Johnson,1972-04-10,NULL,499-911-7266x724,simpsonsteven@example.org,United Kingdom,Santosburgh,55448,2025-03-22
C9570984,Deborah,Johnson,Tomorrow,Other,001-270-427-6385x7699,catherine09@example.org,GB,West Lauraton,80748,2025-02-02
C9403846,Madeline,Taylor,1969-09-07,F,4174662778,jennifernavarro@example.org,UK,Farmerfort,39518,2022-04-08
C4905289,Jared,Moore,1980-10-31,NULL,6367135529,todd25@example.net,England,Peterborough,81317,2022-04-17
C6385464,Jacqueline,Flores,1954-07-02,F,(409)826-4181,travishill@example.net,England,Kelleyside,12166,2023-11-15
C1785551,Dustin,Jordan,1945-06-23,M,389-769-0664x6950,riosmichael@example.org,UK,West Robertton,74996,2022-12-17
C2100383,David,Smith,1996-03-12,Other,375.604.3423,xjackson@example.com,United Kingdom,Wongstad,89126,2022-08-07
C3921972,Bobby,Hendricks,01-11-1959,M,366.491.5920x3248,bergercole@example.com,U.K.,North James,64954,2026-01-01
C9106222,Gerald,Marks,764152796,F,(811)880-1155x5123,acurry@example.org,GB,Port James,07391,2023-04-14
C9503749,Chelsey,Lyons,1938-11-29,M,339-235-5274x53932,bethany70@example.com,UK,Thomaschester,30381,2024-07-26
C1153434,Shirley,Schmitt,1996-01-06,M,001-907-949-7996x20417,wrivera@example.com,GB,Evansfurt,71844,2024-11-27
C9992451,William,Hendricks,1986-03-17,Other,917-949-4999x33118,velasquezjoseph@example.com,U.K.,Christopherhaven,05727,2022-12-05
C8370494,Kristin,Scott,1952-06-23,F,(680)371-8461,morganjones@example.net,U.K.,Crosbyview,47042,2026-01-19
C9131082,Karen,Mills,1975-03-06,NULL,001-350-667-1203,jeremiah19@example.org,England,East Michellebury,06094,2025-10-19
C9479296,Jason,Perez,1999-07-08,NULL,001-878-704-2959x8647,jwagner@example.com,England,New Preston,32667,2023-08-05
C2938742,Darlene,Franco,Yesterday,Other,813.520.9672x30149,sbaker@example.com,United Kingdom,West Taylor,55876,2023-09-29
C3503670,Kimberly,Barron,1959-06-11,Other,6852502393,rachel56@example.com,England,New Josephhaven,20718,2023-09-24
C8609021,Vincent,Mcclure,2008-04-04,M,(393)208-0000x198,pittstyler@example.net,U.K.,Lake Sarah,66654,2023-12-04
C9375751,Carol,Todd,1982-06-25,M,8776300891,perkinstracy@example.net,United Kingdom,Delgadoton,30808,2023-05-14
C6307485,Christine,Lozano,1974-08-30,F,209-227-5418,jamesstanton@example.org,GB,Longmouth,84748,2023-06-05
C7440796,Margaret,Scott,1941-01-08,Other,NULL,freemanmarilyn@example.com,U.K.,Ambermouth,63255,2024-05-06
C7681710,Mary,Hayes,1986-12-11,Other,(670)392-3203,hodgegregory@example.org,United Kingdom,Christopherborough,51471,2023-09-03
C5951088,Barbara,Cooper,1981-02-25,NULL,001-546-240-1404x6336,plivingston@example.net,U.K.,Justinburgh,97572,2026-01-02
C9190736,Sean,Robertson,1987-11-19,NULL,284-714-5121x369,woodbrandy@example.com,GB,North Jason,95880,2026-07-26
C8992439,Austin,Johnson,1976-10-31,NULL,001-511-652-0764,lijennifer@example.net,U.K.,South Brent,48064,2025-03-22
C1939525,Brittany,Garcia,1975-04-10,F,001-845-323-6764,rferrell@example.com,U.K.,New Christine,63778,2026-04-22
C6895194,Michael,Cole,1967-07-28,F,+1-531-393-7122x7122,dawnparker@example.org,U.K.,Sullivanport,20964,2023-09-18
C6553942,Courtney,Glenn,1957-08-09,F,961.641.5453x7726,jennifer20@example.org,England,Pittmanmouth,61840,2023-12-19
C305168,Scott,Ward,1942-10-01,NULL,(374)216-0453x066,taylorduncan@example.com,GB,Georgeberg,67663,2022-06-07
C5232934,Brianna,Deleon,1974-05-29,F,747.723.8434x3838,elizabeth63@example.org,U.K.,Jonesbury,56549,2023-12-14
C7052044,George,Craig,1940-04-09,M,001-495-801-6387x8335,michellesmith@example.net,U.K.,Barnesport,09911,2024-08-20
C4725412,Lori,Kemp,29/11/1979,F,2702546095,shanewebb@example.org,UK,Whiteshire,14447,2025-10-14
C4492188,Christopher,Mills,1964-06-30,NULL,+1-887-270-4798x7635,kristamurphy@example.net,UK,Brianville,38068,2023-08-18
C7592539,Hector,Jones,1950-07-24,M,+1-575-881-0427,bjones@example.net,United Kingdom,Lake Amanda,31314,2021-11-08
C9376540,Daniel,Richmond,1940-03-31,Other,880.780.2390,lawsonluis@example.org,GB,Johnborough,50807,2026-07-29
C4095935,Emily,Young,1963-10-27,M,441.361.7704,qyates@example.net,UK,West Ronald,40604,11-29-2023
C5025537,Christian,Walsh,1989-11-02,NULL,3262754219,andrewwright@example.com,England,Lake Lisa,05291,2021-10-23
C5139257,Maria,Unknown,2001-05-22,NULL,+1-215-550-0379x0684,nicholsroy@example.com,UK,West Christopher,08281,2024-02-17
C2662691,Adriana,Snyder,1966-01-04,NULL,001-772-282-0340x90513,celliott@example.com,England,New Robinberg,73570,2026-06-06
C7468283,Sue,Murphy,1999-10-21,M,,lallen@example.com,UK,Lake Amanda,59302,2024-11-07
C8216417,Unknown,Diaz,1999-01-06,NULL,-,floresjennifer@example.com,GB,Nicholashaven,51981,2024-05-16
C1711607,Eric,Taylor,1994-06-29,F,+1-279-854-0463x9578,martinezkristine@example.net,GB,Jeffreyport,66881,2021-12-22
C4726145,Gregory,Aguilar,Tomorrow,Other,+1-228-217-5668x92834,amanda65@example.net,England,Port Pamela,99888,2024-10-12
C7653538,Jessica,Lawrence,1945-10-08,Other,(816)247-8718x331,sherri02@example.org,England,Terrychester,20920,2023-02-14
C8681443,Robert,Medina,1960-04-24,NULL,(534)301-4209,zwyatt@example.org,GB,Craigmouth,17455,2024-03-10
C2275407,Austin,Brown,1968-11-30,F,304.476.5031x97947,robert59@example.com,GB,East Michaelville,12981,2022-12-25
C1243844,Michael,Richardson,1945-07-10,M,+1-556-315-6657x83413,melissa84@example.org,U.K.,East Haroldfurt,04253,Tomorrow
C6292898,Scott,Gallegos,1949-07-12,M,369-403-5885x0722,muellerdaniel@example.com,United Kingdom,North Brianborough,87126,2024-08-13
C3756739,Michael,Maldonado,1986-05-14,NULL,001-941-338-9761x368,elizabeth36@example.com,United Kingdom,Bettyton,02277,2022-01-01
C2777388,Ashley,Ferguson,1969-12-31,Other,709.870.5856,kimjones@example.net,England,Longchester,40071,2025-10-20
C9607742,David,NULL,1961-01-17,Other,+1-743-549-9900x73504,daisy26@example.com,GB,Port Brenda,56064,Yesterday
C4196010,Kyle,King,1942-06-07,F,483.432.2207,rebeccaguzman@example.net,UK,Pattersontown,59809,2023-01-26
C4829004,Joseph,Smith,1941-03-06,NULL,(277)952-9602x06059,xperkins@example.com,United Kingdom,New Daniellemouth,77424,Tomorrow
C8710321,Shannon,Adams,1955-01-02,NULL,Unknown,trevorbanks@example.net,England,East Amanda,12577,2025-04-29
C8547589,Zachary,Wong,2005-08-05,F,001-813-785-3347,dparks@example.com,U.K.,East Robert,78142,2023-08-18
C1987706,Edgar,Montgomery,1936-09-22,Other,976-316-4153x59189,danielaustin@example.com,England,West Charles,82262,2022-06-19
C2154136,Kayla,Hicks,1972-11-07,F,(688)369-6585x035,jonathanlowe@example.org,United Kingdom,Williamsstad,03141,2022-07-08
C8176413,Kari,Morris,19650601,Other,001-753-455-1026x259,hilljames@example.com,England,South Nicole,54790,2023-09-13
C9961529,Tammy,Mayer,1949-05-19,Other,(278)805-4961,kramerabigail@example.org,U.K.,Brownton,50930,2024-11-24
C6021856,Lydia,Johnson,1988-01-02,F,947.983.0917,timothy93@example.com,UK,South Johnhaven,76457,2026-02-20
C5368575,Terri,Gray,1962-03-18,NULL,588.894.9371,richmondsean@example.org,UK,West Jay,93033,2026-03-12
C9877828,Alfred,Sanchez,1955-06-08,Other,8528772441,jamestate@example.com,United Kingdom,East Thomaston,70570,2025-01-28
C5392586,Cynthia,Drake,2002-09-14,F,337.484.7685x33795,tward@example.org,United Kingdom,South Evelyntown,78960,2022-11-15
C2569968,Kimberly,Taylor,1994-10-26,F,+1-422-466-8089x6198,erin80@example.com,England,East Johnton,58263,2023-09-24
C5277413,Reginald,Davis,1963-10-23,Other,(304)816-3866x047,melissa45@example.net,GB,Owenport,73913,2022-04-18
C3370050,Austin,Jones,1990-01-26,Other,7433255120,kenneth59@example.com,U.K.,Diazmouth,92603,2022-12-25
C4836664,Kimberly,Gallagher,1951-03-20,Other,(777)990-3474x73167,catherine92@example.net,U.K.,Lake Karenshire,56555,2022-11-02
C2819086,Shannon,Meadows,1983-03-25,F,(600)495-1322,wwilson@example.org,England,Millerside,74957,2024-05-23
C6732170,Alexander,Cook,1988-05-04,NULL,414-850-0869x159,khernandez@example.net,UK,Tammymouth,46730,2024-11-05
C9386805,Morgan,Lopez,1945-04-27,F,949.323.8599x791,cosborne@example.net,U.K.,North Amanda,26460,2026-08-05
C3838162,Jean,Brown,1936-09-07,F,001-857-338-4417x797,wjohnson@example.net,U.K.,North Melissashire,24662,2025-05-27
C7810779,Morgan,Walsh,1983-04-08,M,(669)894-2976,stephensstanley@example.com,England,North Barry,55851,2025-06-23
C2498300,Joseph,Smith,1949-01-05,Other,544.663.7177,michaelfleming@example.org,U.K.,Seanburgh,94201,2024-06-17
C6231131,Eric,Morgan,1983-01-23,M,001-503-413-9967,matthewbrown@example.com,United Kingdom,Christinaville,78310,2023-09-23
C7685646,Mary,Blankenship,1950-02-05,Other,479.939.0067x188,hannahcastro@example.net,U.K.,Spencerton,76905,2024-10-16
C2704423,Courtney,Romero,1999-10-24,F,001-931-767-5295x1335,gmejia@example.com,United Kingdom,Davidmouth,02408,2026-02-01
C4582928,Timothy,Yates,1943-12-19,Other,001-391-617-0892x5365,andrew73@example.net,England,New Arthur,68603,2022-06-18
C675876,Brian,Mcdaniel,1988-06-16,Other,001-438-853-8931x06379,jordanjesus@example.com,England,Rochastad,17690,2026-03-17
C2578302,Stacy,Vaughn,1958-08-03,M,417.454.7406,laurenkelley@example.org,U.K.,Port Justinport,71841,2024-04-22
C6802073,Amanda,Galloway,1939-06-03,NULL,372.667.7061x119,crystal37@example.org,United Kingdom,Davidton,23895,2026-07-08
C9414736,Beth,Lowe,Yesterday,F,001-453-635-9878x6734,brandon05@example.com,U.K.,Mendozastad,39890,2022-10-08
C365014,Zachary,Johnson,1968-12-11,M,2362679395,michaelwallace@example.com,UK,North Carly,56638,2025-03-29
C8845630,Shawn,Andrews,1937-08-27,NULL,829.211.4695x27295,edwardskaitlin@example.org,England,Lake Kathryn,23982,2023-05-24
C3746210,William,Martinez,1962-12-18,NULL,467-884-8825x11444,markhill@example.org,GB,Brianberg,72818,2022-11-08
C1607240,Colin,Stevenson,2004-09-07,NULL,001-295-928-3045x18616,danielwilliams@example.net,UK,Melissaport,40409,2025-06-09
C7291721,Andrew,Taylor,1986-11-20,NULL,(827)818-1728x75489,nancyevans@example.org,United Kingdom,West Daniel,32689,Tomorrow
C9455960,Wayne,Peterson,1957-08-31,Other,250.436.2836x81635,sara40@example.org,United Kingdom,Allenshire,18425,2026-06-26
C1819116,Bernard,White,1980-07-24,F,239.689.7017,meganfisher@example.net,UK,Shawnburgh,05395,2024-12-03
C5374702,Anne,Valdez,1965-10-19,Other,001-942-327-9214x217,katelyn08@example.com,England,Simonmouth,05504,2022-08-06
C2838767,Matthew,Mayo,1964-08-24,M,+1-671-610-3654x3522,bookerkenneth@example.net,United Kingdom,Hallstad,37705,2024-04-22
C3179388,Colleen,Garcia,1950-04-12,F,(372)717-2062x891,nicholas14@example.org,U.K.,Robintown,70590,2022-04-10
C2667807,William,Taylor,1976-12-06,F,(632)643-9484x5582,julie29@example.net,England,Craigbury,25528,2025-01-01
C8420954,Emily,Anderson,1949-05-26,Other,702-452-2415x516,jennyrodriguez@example.org,U.K.,Kimberlyport,55025,2022-01-11
C3406514,Suzanne,Acosta,1992-01-22,M,289.717.3241x5055,amanda71@example.org,U.K.,West Jodyburgh,94091,2025-08-30
C3799391,Jeremy,Green,1995-02-06,F,(339)617-6866,mwalters@example.net,U.K.,East Karenshire,55182,2023-08-05
C4811778,Carmen,Nguyen,1984-11-02,M,390-821-6144,lisa57@example.org,U.K.,Port Juanstad,61812,2021-12-01
C4191937,Danny,Wall,1992-09-28,F,836-481-2824x70077,preed@example.net,England,Peterstad,54836,2025-03-18
C8373640,Lisa,Vasquez,1955-06-01,F,308.600.3649,reevessusan@example.net,GB,Masonview,38306,2025-07-28
C1623674,Ricardo,Watson,1954-01-06,M,(569)845-2669x231,diane24@example.com,UK,New Kellyberg,82996,2026-01-27
C9109922,Kimberly,Anderson,1994-03-22,Other,001-960-524-6941x85421,michaellopez@example.com,UK,Lake Robertside,87179,2025-08-18
C9065812,Angela,Unknown,1972-11-13,M,4048122012,jeremyalvarez@example.net,U.K.,Teresabury,09728,2026-05-07
C1366842,Mark,Williams,1962-09-28,Other,757.764.2441,ariasjesse@example.com,United Kingdom,Whitefort,55750,2022-11-09
C3058605,Aaron,Brown,1998-07-27,Other,+1-271-727-9652x3272,douglasfleming@example.com,England,Brianburgh,08230,2024-02-25
C5285686,Stephen,Curtis,1952-04-24,Other,001-558-468-4722,michele41@example.org,UK,Smithmouth,78760,2024-04-23
C510437,Sean,Chung,1998-09-24,Other,001-997-807-2825x809,gibbsdenise@example.net,United Kingdom,New Gabriel,51535,2025-06-18
C4470820,Heather,Martin,1951-01-15,M,(494)718-5061,timothy42@example.com,UK,North Cynthiafort,46953,2022-02-27
C4565701,Nicole,Hall,1950-03-26,Other,+1-554-587-2004x46960,mcmahonandrew@example.net,GB,Whiteton,20188,2022-06-29
C8483250,Juan,Short,1938-07-19,Other,001-820-772-2532x77522,meadowsnicholas@example.org,GB,Lake Audreymouth,27498,2022-05-26
C9977019,Tiffany,Becker,1956-09-12,F,3108151224,zreed@example.org,United Kingdom,Alexanderport,55777,2026-01-11
C3739218,Ian,Fox,1984-05-15,M,-,mjones@example.org,GB,Wilsonbury,40341,2025-11-02
C5970516,Alexander,Kim,1984-01-05,NULL,581-445-9689x66122,beverly76@example.net,U.K.,Jeremyhaven,32244,2024-01-16
C16288,Stephanie,Hall,1955-01-03,F,7603096963,loweryanna@example.org,GB,North Robert,07928,2025-04-12
C8053411,Tammy,Johns,1995-02-10,Other,504.381.9884,parkkenneth@example.org,GB,Fletchershire,96291,2025-08-17
C5464201,James,Joseph,1952-01-09,NULL,+1-765-750-3906x166,johnsonandrew@example.net,U.K.,East Nathan,46883,2021-09-01
C3043587,Jennifer,Aguilar,1937-12-07,NULL,7117646435,durhambryan@example.com,England,Farrellstad,35878,2021-12-24
C3637600,Lindsey,Fernandez,1963-06-16,F,(794)687-2693x161,craig10@example.org,England,Port Erica,86043,2024-12-06
C4270075,Bernard,Cooper,1995-04-09,M,001-369-450-4704x656,hooderic@example.net,U.K.,Lake Juanton,03369,2025-07-20
C599646,Tonya,Smith,1958-05-28,NULL,+1-422-604-4187x034,joshuaperez@example.com,GB,Mariaberg,46771,Yesterday
C620703,Michele,Kelly,1941-08-01,Other,(577)853-4200,edward85@example.net,GB,West Jacob,95576,2025-11-08
C7422434,Christina,Bennett,06/07/1952,NULL,001-691-276-5949x00965,NULL,England,Port Darrenview,77568,2024-04-17
C3095336,Andrea,Boone,2001-09-23,Other,(851)510-1293x8115,wlewis@example.com,United Kingdom,Port Davidview,24420,2022-12-14
C6933234,Jesse,Wilkinson,1936-03-11,NULL,+1-499-267-5628x871,mnguyen@example.org,UK,Thomasland,23565,2023-01-19
C6041849,Heather,Rogers,1940-03-17,Other,(644)985-8161x8121,qrichardson@example.net,U.K.,Campbellfort,90367,2024-08-26
C6884169,Robert,Carter,2003-10-07,M,3388153385,mmorris@example.com,UK,Ashleybury,12439,2022-07-02
C6317449,Daniel,Martin,1999-11-28,F,+1-787-394-2646x164,cdavis@example.net,U.K.,Nelsonton,08971,2026-02-27
C4937683,Marie,Robertson,1968-05-20,NULL,483-421-7742,sandersmaria@example.org,UK,Riverabury,85918,2022-03-23
C5674253,Kevin,Willis,1974-07-24,M,2958384623,drakedaniel@example.org,England,Cohentown,56785,2023-11-27
C8270407,Victoria,Garcia,2005-01-30,M,758-351-8146x053,vkim@example.com,England,New Christopherside,46340,2022-03-03
C5492427,Matthew,Ballard,1961-09-09,NULL,(450)216-9381x246,vporter@example.com,UK,Carrilloborough,45273,2023-06-02
C7852293,Carl,Perez,1970-12-23,NULL,+1-609-432-1613x0586,jamesfernandez@example.org,UK,Wufort,38268,2025-10-09
C3390122,Amy,Leonard,1995-10-02,F,870.798.2025x95916,eric66@example.net,UK,West Matthew,83795,2023-09-14
C1850947,Joshua,Rodriguez,01/03/1950,M,+1-536-227-3444x59206,dustinlee@example.com,GB,Mckinneyton,44076,2021-11-21
C874911,Emily,George,2003-06-24,Other,(432)553-2416x83852,williamsonjuan@example.org,United Kingdom,South Nicole,08065,2022-03-01
C9165401,Wayne,Owens,1999-04-06,F,001-598-378-9021x152,ddillon@example.com,GB,Anthonyhaven,20278,2021-12-12
C7762212,Mary,Villarreal,03/04/1956,M,841.605.6572x1469,simmonskaren@example.net,England,South Meganland,07907,2022-01-02
C5433976,Alex,Cannon,1983-03-10,NULL,469.348.7064,turnerpatricia@example.net,UK,South Roymouth,62679,2023-03-22
C2443911,Courtney,Keller,1974-11-02,F,336-457-5038,virginiaking@example.net,U.K.,North Christopherbury,60558,2022-08-25
C199030,Stuart,Taylor,1989-05-30,Other,+1-452-664-7042,hmcfarland@example.com,GB,Johnnyview,01035,2023-12-21
C7718250,Amy,Townsend,1998-01-07,NULL,562.950.8545,stevengoodman@example.org,U.K.,New Maria,97699,2022-09-12
C1685944,Aaron,Durham,2004-07-20,NULL,621-300-7125x648,susandavis@example.net,UK,Suefort,01468,2025-12-08
C5193746,Erica,Moore,1947-11-18,M,+1-989-673-3319x97887,ubrown@example.org,GB,South Wandamouth,37738,2026-01-03
C2483291,Sheri,Butler,1984-02-22,F,(256)548-1047x7710,gbrown@example.org,UK,North Steven,09799,2026-03-29
C2453011,Jane,Hunt,1970-05-21,NULL,(630)230-4681x731,leesean@example.com,GB,West Johnton,81696,2023-12-24
C2267095,Chris,Roberts,1936-09-21,Other,+1-848-214-7156x6913,toddallen@example.net,United Kingdom,West Wendy,92918,2021-12-31
C553390,Kevin,Walker,1979-10-11,Other,+1-699-906-4850x53228,hendersonrobert@example.com,UK,Lake Tylerfurt,33682,2021-10-15
C4413987,Kristi,Delgado,1958-04-05,F,+1-716-927-8252x803,brittany53@example.net,United Kingdom,Sloanborough,60922,2025-11-12
C8246348,Marcus,Mcmillan,1972-07-18,NULL,001-669-752-9567,mccormickmonica@example.org,England,Jimmyview,71311,2026-02-19
C2263660,Shaun,Ochoa,1937-07-25,F,610-385-0769x854,murrayalan@example.org,U.K.,Lake Teresa,65821,2026-02-19
C9474126,Gary,Fisher,1953-08-17,M,(298)737-6538,laurengregory@example.com,UK,South Johnberg,75979,2022-06-25
C1331222,Kayla,Mcclain,1958-03-13,Other,405-893-1997x230,thomas61@example.org,GB,Port Elizabeth,36099,2021-09-18
C816499,Brian,Ingram,1960-01-07,F,+1-498-697-4350x38993,gary60@example.com,UK,East Michelleside,04980,2024-05-01
C8269586,David,N/A,1973-03-17,M,396-201-3580x518,smitholivia@example.com,UK,Priceshire,28576,2025-12-08
C4740786,Kyle,N/A,1968-05-03,NULL,001-243-243-2400x722,fpayne@example.com,U.K.,Kevinstad,53153,2022-12-30
C4933840,Eric,Brown,1974-12-22,Other,+1-829-697-6823x664,murillochristopher@example.com,UK,New Carl,47028,2022-09-13
C7434994,Rachel,Unknown,1986-05-11,M,001-684-708-1666x9594,jessica68@example.net,UK,Karenstad,62866,2022-05-25
C765456,Sherri,Sandoval,1994-10-31,NULL,(989)331-8316x613,sharon69@example.net,United Kingdom,New Ravenview,39561,2024-05-15
C5119903,David,Thompson,1971-11-26,M,001-744-870-2258x77265,smithjacob@example.com,UK,East Julie,49543,2023-03-20
C6059364,Connor,Kelly,2004-04-28,Other,(691)251-2938,derek75@example.org,England,Wyattside,58349,2024-07-03
C4632051,Victoria,Richard,1947-11-08,Other,001-807-692-0638x381,michelle72@example.org,UK,Brownberg,97853,2025-10-10
C9524007,Cindy,Moore,1950-11-20,Other,607.815.3113x720,davidmatthews@example.net,UK,South Melissaside,81959,2025-01-04
C6533525,N/A,Cabrera,2005-08-05,F,984.338.9866x725,reneecollins@example.net,GB,New Victoria,13892,2024-04-23
C2441419,Francisco,Hill,1968-06-26,NULL,+1-873-589-7330x5069,brownedwin@example.org,U.K.,Erinchester,66796,2023-10-03
C1830968,Jessica,Levy,2000-12-13,NULL,001-295-542-3237x3143,umoss@example.net,UK,Jamesshire,33347,2026-05-01
C7008598,Matthew,Woods,2003-07-10,Other,6425995599,andreafoley@example.org,GB,Alvarezhaven,80903,2022-09-02
C263057,Cristian,Chavez,2007-08-30,Other,603-890-1343,zschwartz@example.org,United Kingdom,West Emilyburgh,59202,2023-09-11
C8475175,Kristina,Brown,1998-12-15,F,(861)455-0454,farleytina@example.com,U.K.,West Sabrina,47691,2025-11-20
C565331,Thomas,Martinez,1974-06-22,M,938-282-4664x379,claydavid@example.net,UK,Pattonberg,52021,2023-09-14
C7495874,John,Parsons,1976-06-01,NULL,3615052580,elizabeth13@example.net,UK,North Kellyborough,59598,2022-01-22
C5005989,NULL,Martinez,1939-10-12,M,001-594-437-2022x8368,smithalexa@example.com,U.K.,Romanberg,21776,2021-11-11
C6139862,Debra,Mckenzie,1972-01-25,NULL,+1-720-925-1300x301,angelamcdaniel@example.com,England,West Allen,44168,2023-01-16
C1107763,Brett,Anderson,1958-09-06,F,+1-415-805-5134,daviskelly@example.com,U.K.,West Gregory,44948,2024-10-06
C7832137,Steven,Davis,1968-02-27,NULL,946-669-2272,slawson@example.org,GB,Lake Josephton,07353,2026-07-12
C5245752,Rebecca,Williams,1958-11-21,NULL,586-516-9455,rachel41@example.com,U.K.,Keithberg,15044,2024-05-07
C1055069,Mary,Jones,1936-10-24,M,910.307.1828,ralphknight@example.net,UK,Hendersonview,41215,2024-04-01
C9036001,Margaret,Larson,1970-10-24,NULL,422.571.7806x5915,melissa75@example.net,UK,New Edward,83370,2025-08-30
C9309585,Julie,Brooks,1957-11-04,M,480-354-9831x16111,derrick57@example.com,U.K.,Johnathanburgh,76100,2022-09-20
C778689,David,James,160821809,Other,+1-322-580-5931x43359,lynnconnie@example.com,United Kingdom,Lake Mikaylatown,35160,291846939
C4851265,Ebony,Roberts,1959-02-14,NULL,001-945-260-5091,holly91@example.org,U.K.,Lake Elizabethland,29237,2022-11-26
C1545585,Mary,Austin,1984-04-12,Other,750-852-6523x9177,NULL,GB,Alexandertown,25995,2024-06-14
C2725628,Austin,Curtis,1940-02-08,NULL,3944333639,kristyhawkins@example.net,England,Taylorborough,92041,2022-02-22
C1763452,William,Smith,1980-12-09,M,+1-791-891-2697,rebeccashaw@example.org,United Kingdom,Vanessaborough,65489,2024-12-03
C8032537,Kim,Kirk,1947-05-09,NULL,(253)595-7250,thomaswilliams@example.net,UK,Lake Jerry,20718,2024-08-25
C8549423,James,Vasquez,1991-07-24,M,+1-425-989-9235x15981,mark25@example.net,GB,Lake Paulside,42096,2022-10-02
C4432919,Carrie,-,1990-07-04,Other,889.674.5638,alicia14@example.org,GB,Melissamouth,31071,2025-02-26
C8757053,Alexander,Smith,1984-12-25,NULL,569.629.4209x3663,nicholerobertson@example.net,GB,Bethhaven,88611,2022-01-18
C142330,Dawn,George,1984-04-09,Other,860-914-4696x8194,downsjennifer@example.net,U.K.,Castroville,56035,2022-05-08
C2317154,,Navarro,1969-01-30,NULL,2683517087,charlesschroeder@example.org,England,Port Eric,61484,2022-05-01
C4282416,Jennifer,Meyer,1991-10-21,F,950.818.6898x749,chaselucas@example.net,U.K.,New Julieland,77210,2026-05-31
C6996431,Michael,Mullen,1983-07-12,F,001-320-427-9064x09690,sgregory@example.com,UK,Gonzalezfort,80105,2022-12-10
C3628741,Robin,NULL,1942-10-02,NULL,+1-327-878-8356,gwilliams@example.org,United Kingdom,Laurenside,36933,2024-04-20
C8643537,Manuel,Taylor,1935-11-26,NULL,3638186669,sallyfrederick@example.org,U.K.,Banksmouth,38290,2022-07-17
C1254066,David,Massey,2006-04-05,F,+1-235-597-2986x254,novakharold@example.com,GB,East Austin,60238,2021-09-29
C8109682,Hector,Callahan,1978-08-03,NULL,001-491-970-1259,stephanie19@example.org,U.K.,West Markville,50555,2026-01-07
C79729,Tyler,Mason,1988-05-14,NULL,+1-241-297-1578,hhernandez@example.net,England,South Lauren,36021,2024-06-07
C9235350,Tommy,Williams,1963-10-22,NULL,(785)521-0392,mooremelissa@example.org,GB,North Misty,59263,2024-03-31
C9768084,Grace,Hansen,1949-06-07,F,001-430-315-0336x077,smithnorma@example.com,United Kingdom,Branditown,13564,2021-11-18
C4024336,Stephen,Walker,1984-07-28,F,+1-575-440-3689x099,orose@example.com,GB,North Kevinview,34497,2026-04-10
C8390056,Dana,Nguyen,1964-03-13,NULL,927.461.2169x800,joel77@example.net,GB,Ginaton,49196,2021-08-14
C6860127,Ashley,Martin,1988-02-17,Other,001-980-703-6867x3115,kristi58@example.net,U.K.,North Stephanie,53522,2024-02-22
C4627822,Daniel,Berry,1992-10-07,M,3022265204,carlos69@example.org,UK,Jameston,03470,2026-05-07
C7889073,Tonya,Carter,2000-08-26,M,+1-297-658-2810x6432,michael30@example.com,England,Carolineburgh,00737,2021-10-08
C2124944,Tara,Rodriguez,1965-04-19,NULL,972.883.4658,hreyes@example.net,U.K.,Tiffanytown,15065,2025-12-22
C4675071,Scott,Burgess,1963-09-29,Other,990-685-8322,tracyrodriguez@example.net,U.K.,South Travis,89949,2022-12-10
C9635092,Timothy,Martinez,Yesterday,F,(868)495-1552,jefferyli@example.com,United Kingdom,East Veronicaland,91660,2026-05-20
C2045533,Thomas,Myers,1944-03-07,NULL,953-443-5336x632,hbruce@example.com,United Kingdom,Mariahaven,00955,2026-02-18
C3976789,Nicolas,Thompson,1951-07-06,M,(731)843-6129x204,richardwilliams@example.org,UK,North Timothy,99250,2022-03-07
C7280757,David,Campbell,1978-11-27,Other,260-511-1142x891,robertjoseph@example.com,U.K.,Phillipstown,82120,2023-06-16
C2147293,Kathleen,Brown,1976-09-01,NULL,645.880.5325,bsanchez@example.net,UK,Silvaport,91211,2024-01-29
C770343,Seth,Boyer,1940-12-08,Other,700-559-9836x2418,kimberlysimpson@example.net,England,Johnsonshire,58396,2021-10-31
C6255484,Justin,Ferguson,1943-11-28,M,(949)745-7330x5164,ryan33@example.org,UK,Kennethhaven,95879,2024-03-09
C1578956,N/A,Harris,1949-01-07,F,(826)685-5316x030,johnsonkelly@example.com,GB,Espinozashire,78514,2022-12-02
C5165899,Kristen,Hernandez,1981-08-09,M,001-323-644-8216x5877,sheila47@example.net,U.K.,South Tonyaberg,61195,2025-05-14
C8983421,Barbara,Butler,1945-04-18,Other,001-326-910-2587x7005,rkent@example.org,England,Patriciaside,33567,2024-11-02
C3265404,Unknown,Baker,1989-04-01,Other,670-771-9457x60079,matthew59@example.com,United Kingdom,Krystaltown,40467,2025-07-11
C1736600,Ronald,Bates,1952-09-15,Other,(474)234-8450x8904,sherri76@example.net,GB,Jonesside,57729,2025-05-14
C4504450,Michael,James,1941-07-12,Other,(339)618-7159x98226,scottshelly@example.net,U.K.,Bethville,50791,2024-09-09
C3577931,Robert,Schmidt,1974-05-10,NULL,879.891.5160x08800,joseph12@example.com,U.K.,Byrdfurt,28042,07-15-2023
C1808587,Robert,Nelson,1995-05-09,F,+1-497-282-7801x7143,jennifer84@example.org,England,Bakerberg,42168,2021-08-17
C1188293,Courtney,Frazier,1993-07-06,Other,001-853-724-3313,jpeterson@example.com,GB,Millermouth,05767,2023-06-22
C6726367,Andrew,Barnett,1966-10-27,Other,001-662-698-6124,cynthiamoore@example.com,U.K.,Port Danielport,24367,2023-02-09
C5169962,Sonya,Vargas,1984-10-10,M,(463)449-6983,zmoses@example.com,GB,North Ashley,79840,2024-02-29
C9490685,Benjamin,Carroll,1981-09-11,Other,508.421.5257x61885,andersonamanda@example.com,United Kingdom,Skinnertown,43854,2023-03-20
C4758872,Joanne,Smith,1935-10-21,F,431.686.5237,jordanperez@example.net,U.K.,Vazquezbury,77551,2023-04-20
C8333876,Becky,Bowman,1997-10-02,F,236-287-5333x9256,caseyleah@example.org,GB,Lake William,36348,2025-09-10
C212270,Steven,Sanders,1955-10-10,NULL,7924833600,blakekevin@example.net,England,Lake Emmaport,75244,2025-09-06
C4128278,Denise,Morris,1941-01-04,M,001-242-780-5420,johnellison@example.net,United Kingdom,Brianberg,45317,2022-05-15
C3137049,Andrew,Hernandez,2000-04-18,Other,001-982-707-5174x769,shieldsjohn@example.net,United Kingdom,Alexandermouth,31365,70407507
C647084,Robert,Harrison,2005-02-26,NULL,(916)762-8940,tcunningham@example.org,GB,Leland,30669,2025-11-09
C255627,Tracy,Meyer,1976-03-08,M,001-676-338-5025x5380,reedlisa@example.net,GB,Jordanhaven,15781,2022-04-06
C8642795,Nancy,Castro,1986-09-21,F,(912)675-2840x549,davisanthony@example.org,UK,East Michaelstad,45168,2025-02-05
C8970451,Frederick,Weiss,1950-12-01,M,(976)615-0360,fchoi@example.org,England,Lisaside,38813,2024-07-15
C8314075,Jamie,N/A,1999-01-21,Other,001-783-273-6216x7686,jillmurphy@example.net,UK,Adambury,25049,2024-10-08
C1546070,Daniel,Williams,1990-02-19,Other,892-967-6863,wjenkins@example.org,United Kingdom,Lake Jenniferborough,69997,2025-08-02
C5442749,Kristina,Kelley,1951-05-28,Other,714-770-0204x71978,nleon@example.net,U.K.,North Andrewberg,83216,2021-08-18
C1658430,Brian,Unknown,1976-06-17,M,001-705-725-5531x84091,jlawrence@example.net,U.K.,Port Robin,88628,459126265
C5444281,John,Jones,1953-03-24,F,6934928204,phillipsdavid@example.com,United Kingdom,Hallfurt,51221,Yesterday
C6927562,Rebecca,Hartman,1950-10-09,F,001-418-201-2679x7237,mcook@example.net,United Kingdom,Matthewsburgh,98075,2022-06-14
C9499103,Kevin,Ellison,1982-09-25,NULL,001-407-827-0535,wcraig@example.net,England,North Waltershire,46350,2026-07-08
C4628231,Anna,Morrison,1975-10-20,F,935-513-1937x13448,schneidervictoria@example.net,England,Marksmouth,81907,2024-03-01
C3423708,Charlotte,Powell,1995-07-19,M,(895)842-3454x022,jeffreymiller@example.org,GB,Robertsonshire,03358,2025-06-27
C1003228,Margaret,Patel,1996-04-30,Other,728-263-9757,mkirk@example.net,UK,Hallburgh,91618,2025-07-14
C5925490,Joshua,Stephenson,1961-03-31,Other,001-755-824-7246x372,esparzalisa@example.com,GB,West Melissa,81584,2023-10-16
C2906196,Michelle,Steele,1974-02-16,Other,7996965520,lauren15@example.com,England,Josephtown,54668,2024-02-24
C773411,Sonia,Parker,1976-10-10,M,001-222-983-2678x633,michaelhanson@example.net,U.K.,South Nicholasland,70745,2023-10-03
C5688530,Melinda,Young,1990-05-27,M,513.229.1675,omcdowell@example.net,England,Farmermouth,68027,2024-05-26
C6249148,Christopher,Neal,1973-03-11,F,774.884.9784x1468,jessicastewart@example.net,United Kingdom,Allisonport,12014,2026-02-08
C7903316,Gary,Henson,1993-05-02,M,705.926.1256,rachel81@example.org,GB,North Michellefort,34858,2023-06-27
C9222504,Patricia,Hall,1935-09-24,Other,667-590-1475,parkerayers@example.com,UK,Alexiston,63956,2025-07-11
C8818420,Michele,Austin,1998-11-02,NULL,(735)701-7782,stantonkelly@example.org,U.K.,Ortegastad,40215,2021-10-28
C1090166,Zachary,,1991-09-12,F,001-514-875-1521x3884,robinsonkevin@example.com,England,East Cesarland,71432,2022-06-16
C6659217,Stacey,Galloway,1960-03-25,F,988-764-4073,omarvilla@example.net,England,Port Nicoleburgh,96101,2025-06-17
C6317128,Timothy,Bailey,2001-11-18,Other,340.604.9900x01936,smitheric@example.com,U.K.,Pughmouth,97375,2021-11-14
C6122699,Nicole,Mendoza,1959-05-31,NULL,(775)557-7072,lambkristin@example.com,U.K.,South Ronaldbury,00692,2024-06-03
C8681368,Leonard,Smith,1998-10-22,F,(395)781-3076,ashley35@example.org,U.K.,Shieldsside,86931,2023-11-28
C8249028,Luke,Reid,1942-03-07,NULL,(837)362-5597x9373,gregoryrichards@example.com,United Kingdom,Port Matthewfurt,74333,2024-10-20
C9952325,Gloria,Martinez,1989-09-06,F,(807)383-9312,laurie08@example.org,UK,North Michelleside,36968,2026-07-21
C409553,Jody,Martinez,2001-01-10,M,NULL,brittany61@example.net,U.K.,Port Jasmine,11528,2023-02-02
C2155979,Benjamin,Gibson,1996-07-08,F,(571)956-7468x819,ibrown@example.com,U.K.,North Douglas,80142,2023-09-11
C7638775,Timothy,Stevens,1975-10-08,NULL,945-920-7126,arthurnelson@example.com,U.K.,North Petermouth,33410,2022-06-10
C8590148,Michael,Gibson,2002-11-15,M,562.354.7341x264,kkrueger@example.net,U.K.,Port Austinmouth,99888,2023-01-23
C2226052,Marissa,Mcdaniel,1978-07-11,F,(381)462-0273x538,uweber@example.net,United Kingdom,North Carriehaven,11497,2024-07-05
C7367086,NULL,Bryan,1978-03-06,NULL,(984)745-8002,ramseycourtney@example.com,U.K.,Wardmouth,61832,2023-11-24
C7658406,-,Caldwell,1970-05-31,NULL,4433017427,jacqueline94@example.org,United Kingdom,Montgomeryburgh,27208,2025-06-28
C3975759,Claudia,Owen,1947-08-22,NULL,793-431-9413x97906,kevin44@example.com,GB,Salaschester,94691,2022-10-15
C6539825,Amber,Morris,1999-08-18,F,415.810.9233,richelaine@example.org,UK,Port Linda,06345,Tomorrow
C8276990,Bonnie,Avila,2004-02-02,NULL,+1-906-674-3615x0493,tasha92@example.org,U.K.,New Pamela,20232,2023-08-26
C1032061,Robert,Reid,1976-03-10,NULL,(391)994-7553,greenkevin@example.com,GB,Port Colton,05858,2026-05-02
C7717512,Brian,Hodge,1966-06-02,F,461-446-6890x08790,osutton@example.net,England,Edwardsmouth,96461,2026-05-09
C7113837,Hunter,Carney,1982-07-23,F,001-504-963-3226x7057,michaelking@gmal.com,UK,Lake Kirsten,32760,2024-04-10
C2999371,Jeremy,N/A,1988-11-14,M,409-792-0543x44853,steelelisa@example.net,UK,Leborough,72189,2024-01-26
C222244,Carrie,Williamson,1970-01-22,F,+1-209-698-8593,elizabeth25@example.com,UK,East Hollymouth,44737,2023-07-26
C2297138,Cameron,Butler,1962-06-15,Other,721-484-8041,johnsonmelissa@example.org,UK,South Rogerchester,95390,2023-08-24
C8124363,Karen,Wilson,1970-12-26,F,(314)608-9304x05434,timothy10@example.org,GB,South Gabriellaville,79781,2025-08-21
C4772534,Jocelyn,Flynn,1986-01-10,F,3248545494,prestonalexander@example.org,United Kingdom,North Patrick,13563,2025-02-08
C3184260,Elizabeth,Wilson,1967-12-04,F,644-342-2661x2563,frederick88@example.com,U.K.,Westville,19643,2026-01-11
C4696167,Katie,Johnson,1997-01-10,Other,(867)434-7218,natalie95@example.net,United Kingdom,New Katherine,83912,2025-09-28
C9500173,Joseph,Cummings,07-22-1981,NULL,+1-715-949-9265x7809,zlee@example.org,U.K.,Robertmouth,90351,2025-07-10
C6920242,Brandon,Chambers,1991-10-29,NULL,001-670-355-7115x622,ehood@example.com,GB,Cameronburgh,32601,Tomorrow
C1671780,N/A,Cox,2007-05-03,M,(584)314-5367x4391,james76@@example.org,England,South Ashleystad,83405,2025-10-24
C9813970,John,White,1939-07-13,NULL,801-431-4906x1305,laurasexton@example.org,United Kingdom,Port Carlos,80702,2026-01-02
C3159265,Nicolas,Edwards,1986-08-30,Other,788.463.4347x29158,gblack@example.org,England,Bellland,71490,2025-04-03
C7264239,Devin,Holland,1954-07-16,Other,8677662153,tylerrodriguez@example.com,GB,East David,36627,2025-11-26
C8228423,Jennifer,Greene,1951-04-15,NULL,+1-463-881-6592x2835,higginskaren@example.net,England,Johnburgh,04933,2026-08-02
C9762159,Gerald,Baker,1990-08-07,F,001-671-248-1459,mcarlson@example.com,UK,North Tammy,10985,2022-12-10
C2699842,Tina,Chase,1967-12-16,M,(231)807-9832,eric55@example.org,England,Port Samuel,55725,2026-08-04
C8092978,Michael,Kelley,1944-12-01,NULL,+1-917-859-5947x66226,joyce11@example.com,GB,West Eric,00763,2022-08-04
C70755,Kevin,Ramirez,1998-10-22,NULL,N/A,alexis51@example.com,UK,South Joshuafurt,60461,2024-01-17
C1726738,Eric,White,2007-05-05,M,438-719-2878x01980,browncheryl@example.org,GB,South John,50348,2026-07-21
C1562703,Jennifer,Carter,2006-01-28,Other,001-841-484-5328x318,alyssamurray@example.com,England,Port Jessicachester,25181,2022-04-08
C1914315,Crystal,Cabrera,1973-08-13,Other,777-306-9458,jose07@example.com,U.K.,Lake Frankhaven,40762,2023-07-03
C840875,Daniel,Gonzales,1971-03-13,M,338.202.4108,mauricemurphy@example.com,United Kingdom,Samuelside,17579,2023-05-21
C557661,Donald,Gomez,1938-04-14,Other,7874844328,katrina03@example.org,United Kingdom,Adamshaven,97753,2021-12-20
C6859672,Jennifer,Bailey,1972-04-12,Other,(573)508-4933x46319,ruizcody@example.org,U.K.,Lake Lisa,09806,2025-07-03
C7613676,Virginia,Kelley,1976-06-25,Other,734-292-4094x542,williamsbobby@example.net,England,North Danielle,32697,2025-03-14
C9186548,Curtis,Austin,1941-05-04,F,(968)842-9189x814,martinezcharles@example.org,UK,Royborough,42766,2022-03-28
C8795789,James,Wagner,1984-07-08,Other,,gford@example.org,UK,Lake Anthonymouth,71139,2022-12-06
C9805350,Unknown,Conley,1939-11-07,NULL,902-643-4097,wtravis@example.org,United Kingdom,Port Matthew,48550,2022-01-02
C5021382,Michael,Holland,1957-03-23,M,663-343-7513,scottwoods@example.com,U.K.,North Christopher,85019,2025-01-24
C2681492,Jacqueline,Marquez,1998-10-03,NULL,(231)403-3369,johnmaxwell@example.org,GB,Shafferton,59743,2026-04-13
C4418716,Cody,Meyer,1967-10-18,F,845-545-7333,susanburton@example.org,England,Wilsonchester,99536,2025-09-23
C6502856,Albert,Hernandez,2003-09-13,F,236.769.3829x7196,bmiller@example.net,U.K.,Johnsonville,95778,2024-10-14
C4755075,Mackenzie,Mcdonald,1987-04-14,Other,823.718.3052,martinjennifer@example.net,U.K.,West Laurenmouth,93905,2024-11-25
C6178107,Judith,Harvey,1988-01-23,NULL,2102091035,kennethbarrera@example.net,U.K.,North Brucefort,33917,2023-06-30
C6793090,Sherry,Hill,1944-04-08,Other,558.695.3818x389,kimjames@example.com,GB,Huynhland,40798,2024-07-23
C1729515,Christian,Jackson,1963-07-11,NULL,+1-618-905-5776x303,douglasadams@example.org,United Kingdom,Hobbshaven,99338,2023-11-25
C3544576,Frank,Duffy,1938-10-30,M,(584)575-5168x38676,jenniferpena@example.org,England,Jessicaborough,04677,2025-04-09
C8380837,Cody,Curtis,1972-01-24,M,419-698-9649,michaelfranklin@gmal.com,UK,Tommybury,30272,2021-09-08
C4259137,Shelly,Gutierrez,09-07-1984,M,9232035895,jacob75@example.net,England,Coryshire,47721,2024-02-29
C6885764,Todd,Greene,2001-06-10,M,(945)216-1139x53294,xjohnson@example.org,U.K.,Michaelview,30137,2024-12-12
C1945420,Elizabeth,Mullen,1957-01-21,Other,740-487-4922,jenningsalan@example.org,United Kingdom,West Francisco,73190,2022-10-13
C2697871,Brittany,Allen,1957-02-19,NULL,+1-228-391-1805x03469,sarahsellers@example.net,U.K.,New Brianport,52827,2021-09-26
C3196813,Kenneth,Garcia,1951-08-26,F,813.739.9101x9065,kelleyelizabeth@example.com,U.K.,South Williamstad,64370,2024-02-22
C7722006,James,Shelton,1998-09-18,M,559.654.9230,wbrewer@example.org,United Kingdom,Emilyville,29955,2024-02-04
C1488607,Lucas,Murray,1942-02-12,NULL,+1-999-216-8929x925,victoriahernandez@example.org,United Kingdom,North Jamesmouth,90938,2021-10-20
C6625936,Unknown,Fox,1985-01-05,NULL,805-234-5159,woodtracy@example.org,U.K.,New Manuelside,43686,2023-08-31
C4343379,Jared,Garcia,1988-08-17,M,(895)887-0338,millermark@example.com,England,Tammyborough,91166,08-05-2026
C5775135,Kyle,Dennis,2005-03-02,F,260.712.3490,emily76@example.org,UK,Lindseyshire,58728,2022-08-08
C5371567,Paula,Cooper,2002-06-24,Other,674.404.5341,qporter@example.org,United Kingdom,Joeton,85800,2021-12-27
C1783370,Emily,Hernandez,1985-01-05,M,247-946-9611x234,aphillips@example.com,GB,Michaeltown,98469,Tomorrow
C8447906,Christopher,Mendoza,1978-04-11,M,359.301.7026x5400,marcus89@example.org,GB,East Ashleystad,19118,2025-06-19
C6814465,Greg,Shah,Tomorrow,M,,patriciamoore@example.net,England,Port Richardhaven,44565,2026-02-16
C5870834,Todd,Graham,1936-01-25,F,243.765.8347,qshepherd@example.org,GB,Stacybury,78114,2025-03-27
C7725350,James,Lynn,1963-12-04,Other,+1-418-292-3914x11714,juan02@example.com,United Kingdom,Lake Megan,25999,2021-10-06
C766568,Crystal,Smith,1945-08-09,M,(332)481-3967x70730,timothyguzman@example.org,England,Moorechester,93059,2024-05-08
C8339167,Vanessa,Moreno,17/11/1978,NULL,473.850.1219x14171,lisa27@example.com,United Kingdom,Hornebury,68175,2023-09-03
C5685256,Debra,Marks,1939-12-09,M,+1-578-456-5755x722,elizabethvaldez@example.net,U.K.,Lake Kellyland,12758,2023-05-06
C846401,Darren,Warren,1943-04-25,NULL,+1-611-965-4963,brianpeck@example.net,England,New Justinborough,01996,2022-04-05
C7819520,Madeline,Brooks,2003-12-22,F,518.523.2865,myersrobin@example.org,GB,North Williebury,45126,2024-02-19
C7339948,Joseph,Rodriguez,1950-11-17,Other,+1-779-404-0517x52556,vnelson@example.com,UK,Ronaldfurt,30505,2023-06-11
C2873307,Joel,Hall,1983-05-07,Other,001-529-719-9169x84975,csummers@example.net,UK,Jensenville,86460,2022-05-31
C9967676,Alyssa,Robinson,1965-05-02,NULL,348-379-2356,leederek@example.com,England,New Christopher,44605,2025-04-09
C2087995,Antonio,Mooney,1968-06-16,Other,+1-965-853-0582x57101,olsentina@example.com,UK,West Dominicton,62948,2025-11-25
C704180,Rhonda,Evans,1995-08-24,M,(504)898-1644,wilsondaniel@example.com,U.K.,Lake Emilyview,26550,2026-05-16
C4259337,Emily,White,1939-05-18,M,001-629-355-7618x388,gainesdwayne@example.com,GB,Johnsonfurt,70657,319093898
C554393,NULL,Unknown,1935-12-31,M,+1-414-222-9212,schwartzjames@example.org,England,Lake Andrew,99250,2026-03-29
C8131989,Samantha,Evans,1991-08-23,F,362.362.4492,rhunt@example.org,United Kingdom,South Amanda,98537,2022-12-01
C1175221,Susan,N/A,1943-11-30,M,(463)886-1996x0265,john11@example.org,UK,Gomezmouth,81645,2021-11-25
C1576908,Joshua,Campbell,1958-09-16,F,001-676-828-5258x0714,michael59@example.org,U.K.,Bondmouth,88676,2023-06-07
C3722181,Randy,Cook,1989-01-12,F,(731)516-0528x41686,lthomas@example.net,England,Bryanview,60732,2023-04-03
C4456376,Jonathan,Smith,1996-09-28,F,263-716-9799,sheila03@example.net,U.K.,Lake Amychester,92308,2025-02-01
C8019361,Brenda,Schmidt,1984-02-24,NULL,404-756-4048x205,janetberg@example.net,England,New Kyle,46225,2023-03-29
C213218,Katherine,Howard,2005-09-20,M,(854)432-4247,uellis@example.org,GB,Hansenland,49746,2025-03-24
C8155143,Kenneth,Austin,1995-03-21,M,446-474-1874x487,cartertony@example.net,GB,Lake Deniseland,32171,2023-12-15
C5603876,Andrea,Lee,1974-01-04,M,(425)577-2306x6557,james19@example.net,England,East Lesliebury,61857,07-11-2022
C5115440,Ariana,Roberts,1997-03-25,M,530-785-6763x7753,richard68@example.net,UK,North Leefurt,65387,2023-02-05
C1536487,Crystal,Ryan,1955-07-03,NULL,001-742-232-0267x500,joannashaw@example.com,U.K.,Lake Rhonda,10393,2022-01-26
C1968364,Darin,Frank,1957-10-29,F,817-295-9623x0052,dknox@example.com,UK,South Samantha,10073,2024-07-08
C2627826,Troy,Davis,1962-06-07,NULL,587-311-5898x208,zrodriguez@example.com,England,Hayeston,71361,2025-10-14
C8614180,John,Bell,1954-10-04,NULL,001-965-540-3178x31835,robert74@example.org,UK,South Tiffanyton,53506,2022-01-26
C2702587,Jeffrey,Schaefer,1960-05-23,NULL,001-317-920-5519x157,bprice@example.com,GB,South Joseph,67461,2023-03-06
C9337300,Joshua,Hubbard,1977-06-19,NULL,992-496-5677,griffinalyssa@example.org,United Kingdom,Flowersfurt,35413,2024-10-25
C8374962,Sonya,Mack,1989-07-16,F,(899)870-9063,cvalenzuela@example.org,UK,New Meganburgh,57708,2026-03-05
C3652095,Leroy,Stevens,1946-05-15,F,001-656-751-1478x7340,gonzalesamanda@example.com,GB,Burtonborough,86076,2025-11-09
C7576031,Thomas,Barker,1994-11-04,NULL,750.582.8085,nichole31@example.net,GB,Port Ethan,29803,2023-10-21
C4582716,Ray,Pope,1946-08-20,Other,(677)421-6246,diana27@example.net,United Kingdom,East Kevinstad,60983,2021-12-05
C9744496,Adam,Wright,1967-09-10,Other,+1-416-796-4772x672,wwalters@example.net,U.K.,East Sean,35223,2025-08-29
C529285,Patrick,Nichols,1960-03-05,Other,6817505598,ryan25@example.net,England,Jamieport,29159,20210901
C7367902,Clifford,Norris,1960-03-20,F,(500)722-1743,brittany04@example.com,GB,Jenniferberg,04503,2021-10-07
C1890154,Randall,Evans,1958-07-26,Other,+1-963-749-8745x2199,porterhenry@example.org,United Kingdom,Port Antonio,28638,2024-08-06
C7441868,Kimberly,Burns,1952-01-17,F,4545327032,xwood@example.org,UK,North Frank,27145,2022-05-30
C8328949,Phillip,Melton,1989-01-05,Other,909.900.5809x68032,paulthompson@example.net,England,Donnatown,59662,2022-06-18
C5129885,Tiffany,Miller,1998-09-20,Other,977-642-5709x072,ericlewis@example.net,England,Rickyfort,05660,2021-09-18
C4287088,David,Murray,1939-11-14,Other,001-324-968-7208x6805,lauralyons@example.net,U.K.,Thomaston,62153,2023-06-04
C4484792,Mark,Williams,2006-09-20,M,(847)784-8182,matthewhernandez@example.net,UK,South Jennifer,96171,2024-04-29
C6245543,Dana,Roberson,1974-10-11,F,(538)387-3891,bwalker@example.net,U.K.,Port Jill,92903,2021-11-28
C4768213,Jessica,Jordan,1973-01-19,M,001-681-775-6878,julielogan@example.org,England,South Brianna,43571,2023-12-29
C4614260,Sharon,Herrera,1936-08-05,F,597.695.0659x3500,ryan74@example.net,UK,Port David,35504,2026-07-02
C1817051,Johnathan,Parker,1968-08-20,M,647-737-3543,melanielopez@example.org,England,Hendersonfurt,83888,Tomorrow
C5630990,Roger,Barnes,1968-05-16,NULL,(680)292-3439,taylordeanna@example.net,United Kingdom,Tyronebury,12370,2022-06-21
C6237735,Kimberly,Nelson,1939-04-18,NULL,827-559-2261x824,qjones@example.com,England,Silvaberg,09329,2026-01-29
C2744762,Nicholas,Myers,1973-02-04,M,+1-353-870-7297,lucasjessica@example.com,U.K.,West James,84251,2024-01-21
C7450006,Gabriel,Dixon,1987-03-30,M,001-637-532-9670x8199,ymathews@example.net,England,Stevenview,75135,2022-04-30
C2034180,Thomas,Riley,1988-08-11,M,509.228.7788x28599,mariajenkins@example.com,United Kingdom,South Eric,25029,2026-01-11
C3448538,Timothy,Dennis,1972-11-29,F,917.608.0609x981,ulopez@example.com,England,Lake Ralph,83108,2022-03-28
C3960575,Andrea,Curtis,1989-07-06,NULL,+1-568-633-6734x545,paulasimon@example.net,U.K.,Jacquelinemouth,09966,2022-04-20
C3680227,Nicholas,Burton,1985-10-24,Other,001-831-707-0491x96902,cody38@example.net,UK,East Andreamouth,90762,2022-03-29
C180272,Brian,Woods,1963-09-08,M,475.296.4891,mallorycrawford@example.com,U.K.,Gordonton,19343,2023-09-23
C151124,Helen,Garcia,1994-03-06,M,652-336-1614x414,monicajones@example.com,U.K.,Matthewmouth,60948,2025-03-28
C809712,Drew,Bennett,1988-09-26,M,445-468-2831,aguilarkristy@example.com,GB,Port Sydneyville,43509,2022-03-10
C4002581,Thomas,-,Yesterday,NULL,+1-911-352-0088,pearsoncheryl@example.com,UK,New Phillipmouth,58693,2023-09-10
C5037598,Nathaniel,Thornton,1967-03-06,F,001-414-980-8797x620,cindyhernandez@example.net,GB,Port Donnaland,54332,2025-03-28
C4650604,Meghan,Coleman,1979-02-20,F,+1-630-781-3959x2033,michaelstephens@example.com,GB,South Nicholasburgh,51776,2023-06-25
C1172013,Janice,Sanders,1941-01-20,Other,(521)903-2840,ericpearson@example.com,England,Lake Stephaniestad,62630,2025-02-24
C7115673,Christy,Evans,1994-12-29,Other,+1-397-927-0247,bhughes@example.com,UK,Nicholasburgh,15432,2023-11-16
C4081736,Rachel,Guzman,1951-02-26,F,322-620-9177x53948,debra97@example.com,GB,Port April,49584,Yesterday
C648066,Gloria,King,1993-12-22,F,(922)797-4676x629,meagantran@example.net,United Kingdom,Shirleyfort,94718,2025-09-16
C9943803,Barbara,Rodriguez,1957-01-11,F,997.203.9989,randymccarthy@example.org,UK,Kaylaton,79836,2024-12-06
C5495197,Brent,Howard,1970-03-12,NULL,632-946-5064x340,kellyarroyo@example.net,GB,New Shannon,41252,2024-06-25
C1168464,Paula,Davis,2001-11-14,Other,001-748-500-6069x37034,scottfisher@example.net,GB,East Martha,26657,357535762
C2527565,Kathleen,Middleton,1988-09-18,NULL,650-846-0999,zwilliams@example.com,U.K.,South Bradleytown,27212,2024-04-21
C3524796,Robert,Mcfarland,1968-04-09,M,594-855-7365,mhoward@example.org,U.K.,North Ellenshire,65838,2022-02-10
C5578721,Rachel,Nelson,1994-06-28,NULL,(714)862-3712x595,kingmary@example.com,GB,Morenohaven,01549,2022-08-23
C2286019,NULL,Cabrera,1995-03-26,F,,farmerrichard@example.net,U.K.,Wardberg,07340,2021-08-13
C3064423,Keith,Tucker,2006-04-24,NULL,+1-689-987-5951x5232,reginald54@example.com,GB,Elizabethtown,03822,2025-03-28
C296956,Anthony,Johnson,1966-08-21,Other,(562)938-9795,richard60@example.net,England,South Ryan,13651,2025-09-24
C7314442,Harold,Jordan,1994-08-29,F,(670)944-6915,xdudley@example.net,England,Port Colleenton,93272,2023-12-20
C4313171,Penny,Phillips,2003-11-25,Other,(505)544-0586x2367,joanneharrington@example.net,GB,Lake Makaylaburgh,24059,2023-05-02
C4955652,Paul,Rivera,1962-02-01,F,635.806.9158x261,reyeswalter@example.com,GB,West Andreashire,30625,2023-04-09
C1037535,Jasmine,Rose,1945-11-07,NULL,001-820-586-3821,sharonhenry@example.net,UK,Nicoleland,83777,2023-04-05
C7447813,David,Perez,1937-02-16,Other,+1-636-309-8398,robert23@example.net,UK,North Brianchester,45356,2024-03-05
C6370201,Autumn,Smith,1970-12-18,M,(529)382-2918x33484,shafferdwayne@example.com,GB,Sabrinafurt,09857,2022-02-19
C3773794,Brandon,Graves,1959-07-14,Other,424-932-2129x11492,michael18@example.org,UK,Lawsonmouth,51201,2023-02-21
C3573845,Sandra,Richmond,997079116,M,4978201588,markroberts@example.org,GB,Robertbury,07356,2025-09-15
C1525124,Erik,Thomas,1942-02-04,NULL,+1-424-878-4004x798,douglas49@example.org,United Kingdom,New Christopher,76333,2021-11-22
C5649452,Jason,Perez,Tomorrow,F,001-709-989-1294x640,oroberts@example.net,UK,Jayshire,41935,2025-02-07
C7966618,Renee,Turner,1956-05-21,Other,001-268-419-8346x476,kmiller@example.com,United Kingdom,New Jade,03342,2026-05-06
C9434360,Regina,Stein,1967-10-18,NULL,2366500911,nelsonmelissa@example.com,United Kingdom,New Aaronstad,75039,2024-09-11
C9686663,Nicholas,Williams,1948-09-23,F,+1-635-324-4279x8046,elizabeth29@example.net,United Kingdom,North Chadmouth,19536,2022-07-24
C8921212,Robin,Holland,1945-01-01,M,697-468-7618x537,rita49@example.com,UK,Bondborough,83246,2024-12-10
C9520867,Kimberly,Unknown,1951-06-30,NULL,001-521-808-9525x1912,stevencaldwell@example.net,England,Lauraville,22289,2021-09-28
C1822914,Allison,Thornton,2004-07-01,M,001-914-209-4802,mwebster@example.net,U.K.,Feliciafort,27733,2023-03-31
C6827996,Amanda,Cross,1952-02-26,Other,(923)933-2880x33157,thall@example.net,UK,Melvinmouth,69100,2026-08-05
C4877633,Melissa,Buchanan,2007-10-13,Other,577-828-4405x431,zbailey@example.org,United Kingdom,Robertville,43936,2023-03-22
C3621877,Pamela,Harrison,2000-09-28,Other,(677)544-0191x31559,cjensen@example.com,England,Dustinhaven,06188,2024-02-26
C2252966,Rebecca,Lopez,1951-11-27,M,(307)974-2762,ballardryan@example.org,U.K.,Port Kenneth,86956,2025-10-06
C9655353,Michelle,Lewis,1981-11-21,F,(428)745-0487x344,davischarles@example.net,England,South Susanmouth,07352,2023-11-30
C743325,Christopher,Lowe,1957-11-21,Other,2323844716,rogersbrandi@example.com,GB,West Michael,91584,2023-04-08
C6045046,Elizabeth,Schroeder,19700809,M,928-237-4954x719,dhill@example.net,GB,West Jennifer,88424,2025-01-26
C7186167,Scott,Newton,1998-02-10,Other,(935)396-5369,connor98@example.com,England,West Donnaburgh,66636,2022-07-29
C1793077,Joe,Howell,1965-08-17,Other,809-750-5491x985,albertcline@example.org,England,Gomezstad,04149,2023-11-09
C8123079,Kenneth,Wells,1982-02-28,F,420-265-8629,tyler14@example.com,UK,Parsonsview,64161,2024-07-30
C5245232,Wanda,Rhodes,1957-10-11,Other,9222144597,joshua27@example.net,UK,Lake Kristen,80788,2025-08-29
C793548,Tracie,Villa,1999-01-12,F,455-999-6794x87222,kevinobrien@example.com,U.K.,South Jasontown,83674,2024-01-13
C3454602,Brian,Ryan,1989-12-20,NULL,(771)449-2214x239,jsingleton@example.org,GB,Port Miguelmouth,94377,2022-10-03
C2759906,Emily,White,1992-01-16,Other,261-257-8422,rboone@example.com,UK,Kentbury,12448,2023-03-25
C8720343,Tracy,Avila,1963-07-13,Other,(881)769-1836x9511,samanthajohnson@example.net,GB,New Danielfort,78409,2024-07-24
C6805239,Wesley,Butler,1959-11-17,Other,001-913-661-3943x825,haassteven@example.com,England,West Jeremyfurt,09413,2022-07-21
C8627163,Jason,Ellis,1963-02-13,Other,421-870-9787x68755,osbornjeff@example.net,U.K.,Jamesport,01347,2022-05-03
C5617904,Mark,Henderson,1980-09-17,NULL,001-918-825-4503x2505,arichards@example.net,UK,West James,61282,2022-05-20
C2281138,NULL,Bean,1997-02-08,F,(961)219-6501x651,esanchez@example.com,England,West Andrewbury,45128,2022-07-24
C6626017,George,Lopez,1936-12-27,Other,6176484454,rhonda01@example.net,United Kingdom,New Jennifer,32681,2022-03-30
C5353585,Megan,Robinson,1938-05-02,Other,(296)613-2088,mark43@example.org,England,Jessemouth,21229,2024-06-05
C8913393,Melissa,Walsh,1986-08-24,Other,001-557-994-2294x67327,lorettabrooks@example.com,UK,Port Russellshire,88764,2022-12-07
C3054895,Rachel,Mora,1975-06-23,F,262.206.2481x10229,felicia96@example.com,United Kingdom,Port Shannonton,31087,Tomorrow
C3034274,Luke,Wood,1970-11-11,NULL,(671)770-6896,daniel56@example.net,U.K.,Lake Josephmouth,10054,2025-07-14
C3122189,Gregory,Stone,1971-07-22,M,286.280.7579x875,blee@example.org,England,East Thomas,15944,2022-04-26
C863730,Erica,Moreno,1935-11-20,NULL,(318)428-8721x75406,michael10@example.net,GB,East Bobby,73974,2024-04-21
C3510363,Kelly,Marshall,1990-01-17,F,(318)699-9388,robertconrad@example.org,GB,Kimberlyfurt,08395,2022-12-14
C6385728,Denise,Moody,1966-09-22,Other,972.897.1442x18522,qhoward@example.com,United Kingdom,Jamesmouth,68223,2022-12-08
C5139231,Melinda,Fitzgerald,1981-05-09,NULL,354.927.3513x950,isabellabates@example.com,U.K.,East Julie,02593,2024-05-01
C7894855,Lori,Rodriguez,1984-10-08,NULL,979.640.8032x4803,istewart@example.com,England,Jasonfort,91300,2022-09-15
C4955713,Jennifer,Diaz,1986-07-04,NULL,+1-349-751-5656,khatfield@example.org,UK,Banksstad,13436,2022-11-28
C5394576,Mason,Yoder,1975-10-19,NULL,420-295-9022x09352,douglas46@example.net,GB,Devinmouth,90253,2021-12-04
C8493257,Denise,Chapman,1999-01-17,M,246-657-8306,yvettemcknight@example.com,GB,East Tylerton,17516,2026-01-15
C3709908,Robert,Wiggins,273474657,Other,858.935.8755x603,michaelporter@example.com,GB,North William,21283,2023-10-23
C8913663,Renee,Pope,1946-06-17,F,935.496.6256x802,wrogers@example.com,UK,Williamsland,58192,2024-12-23
C9645009,Shelby,White,2001-03-06,M,001-370-574-1313x22344,grahammary@example.org,U.K.,Fordland,10792,2024-01-21
C1421582,Kimberly,Simpson,1970-02-27,F,(855)860-6483x000,martinezstephen@example.com,U.K.,Pamelabury,69733,2021-08-24
C5091602,Scott,N/A,1986-01-30,F,(950)761-5226x50466,margaret71@example.org,UK,Robinsonville,75544,2022-07-24
C2782385,David,Copeland,1981-05-12,F,755.348.6130x98379,jeffersonchristopher@example.net,England,Nicolemouth,52998,2025-04-09
C7929895,Donna,Gomez,1973-08-24,NULL,8499370627,johnford@example.org,England,Ashleyland,87963,2026-01-22
C5596580,Stefanie,Hardy,1971-12-18,NULL,238-800-1124x02421,brianhayes@example.net,U.K.,Arnoldside,56768,2023-05-19
C8870162,Rachel,,1985-07-17,Other,963-898-1479x1259,xgonzales@example.com,U.K.,Lake Sheila,05159,2023-06-29
C4680990,Barbara,Gordon,1986-05-25,M,763.674.5022x2031,johnsonpamela@example.net,England,Adamberg,18635,2026-03-02
C149618,Courtney,Bell,1980-09-16,M,4112375626,angela31@example.org,U.K.,Acevedofort,48280,2021-10-23
C9477458,Erin,Parker,2001-05-25,NULL,+1-940-213-6611,gonzalezdarrell@example.com,UK,Nicholasburgh,70619,Tomorrow
C1231747,Daniel,Martinez,1977-02-09,F,(590)393-9846,nromero@example.org,United Kingdom,West Laurahaven,70317,2022-05-19
C1195569,Robyn,Morgan,1953-07-22,M,(333)693-0888x790,adrienne80@example.net,GB,West Kimberlystad,21703,2024-12-22
C4711348,Brooke,Valdez,1950-11-17,NULL,(588)728-9282x4167,ashleybarajas@example.net,England,Trevinotown,02719,2023-03-16
C2331480,Brian,Brown,1969-06-08,F,257.203.1045x17891,melissa72@example.net,UK,East Lydia,60576,2023-01-07
C6892886,Robert,White,1943-10-10,M,710.541.3507x85121,kathy56@example.net,UK,Wilkersonfurt,21280,2024-06-05
C7136314,Veronica,Lewis,2001-04-03,Other,(540)229-6280x4126,wendy88@example.org,England,West Caitlin,74680,2025-08-05
C3337579,Johnny,Lopez,1984-04-12,NULL,225.275.4657x8461,jordanemily@example.com,United Kingdom,New Lauren,47046,20241114
C7506827,Erin,Smith,Tomorrow,F,(743)606-1454,sarahstark@example.net,GB,East Brendastad,64706,2023-03-28
C7711243,Jessica,Nielsen,1973-12-09,Other,305-230-5361,stacymalone@example.com,U.K.,Meganburgh,30880,2023-11-24
C5883833,Whitney,Campbell,1957-10-24,M,637.681.3095,samuelgriffin@example.org,United Kingdom,North Jillianside,28532,2026-01-30
C4042494,Kevin,Mcclure,1952-02-13,M,+1-381-470-9467x1501,welchleonard@example.org,United Kingdom,Gutierrezhaven,90902,2023-03-17
C1069692,Deanna,Weaver,2001-08-17,Other,(880)303-0478,anita86@example.net,England,East Marymouth,70814,2024-02-21
C3563103,Lori,Huynh,1941-11-02,NULL,3055466528,robert84@example.org,UK,Michaeltown,06641,2024-02-18
C4982862,Mary,Nelson,2004-09-03,F,+1-535-374-0063x41583,cameron54@example.org,United Kingdom,North Jessica,52444,2026-04-13
C2380216,Dennis,N/A,1948-12-05,NULL,N/A,broberts@example.net,UK,New Danielletown,83642,2024-09-17
C9853287,Julia,Ramirez,1935-11-08,NULL,615-549-8948x63956,qfletcher@example.com,UK,Williamhaven,44273,2026-05-11
C4581064,Stephanie,Griffith,1950-08-19,NULL,(932)320-9659x65734,hillrandall@example.org,UK,Burtonland,85883,2022-09-01
C6107714,William,Moore,1992-11-20,NULL,+1-482-965-0243x409,sharon04@example.net,UK,Michaelshire,02729,2023-05-26
C6937682,Craig,Smith,1950-12-08,Other,960.363.2089x42283,davidbrennan@example.com,U.K.,South Lindsay,42410,2022-04-19
C6074448,Katrina,Austin,1967-05-16,F,+1-831-479-6740x21640,olivia35@example.net,United Kingdom,Brianstad,61981,2023-02-28
C3367102,Jennifer,Clark,30/03/1942,M,001-880-512-0016,ybarker@example.net,UK,Jessicamouth,72417,2023-01-10
C3843504,Kathy,Gross,1971-05-27,NULL,207-313-9522,johnpowell@example.com,United Kingdom,New Susanstad,29563,2024-11-08
C9563871,David,Anderson,1962-04-22,M,876.957.1373x75858,rosekristie@example.org,United Kingdom,New Evelynton,39453,2022-03-07
C3960953,Monica,Gibson,2003-05-26,F,001-947-498-0705x1651,opeters@example.net,UK,South Cynthiaborough,64609,2025-07-28
C1250886,Unknown,Bennett,1949-04-09,M,(595)625-9234x3179,shawn26@example.com,United Kingdom,Lake Donaldstad,81409,2024-12-25
C2581368,Rachel,Evans,1984-03-12,Other,(747)207-5979x2184,melissasmith@example.net,UK,West Reginaberg,66052,2023-10-17
C5213141,Thomas,Brown,1939-06-21,M,001-890-882-0252x485,uoneill@example.com,U.K.,South Linda,75587,2022-07-29
C3684979,Nicole,Brown,2007-10-05,F,(569)693-2472,aguilartheresa@example.net,UK,South Carolyn,84416,2025-12-30
C6394760,Mary,Zimmerman,2006-12-10,NULL,001-769-219-3866,christiansnyder@example.com,United Kingdom,Jeffersonhaven,21785,2023-08-06
C5012735,-,Rodriguez,1975-10-29,F,435.647.2183x9410,john95@example.net,England,South Hannah,54758,2024-10-29
C659716,Daniel,Rice,2008-03-07,NULL,+1-211-791-0671,rgardner@example.com,U.K.,New Jennifermouth,24442,2023-01-29
C5253317,Michael,Terry,1957-01-27,NULL,+1-364-551-4102,mark60@example.org,United Kingdom,Bakerton,18310,07/08/2021
C3409487,Amy,Yates,1975-05-29,F,001-370-903-7656x6509,icannon@example.net,United Kingdom,South Raymond,46745,2026-02-27
C4203069,Lauren,Smith,2003-12-13,F,600.639.6898x1577,gbruce@example.org,GB,West Donna,69336,2022-10-25
C366340,Jennifer,Spencer,1959-01-20,M,+1-954-535-3182x4595,jennifer23@example.com,UK,South Joshuaburgh,91947,2024-06-21
C9700401,Jason,Shelton,1980-03-12,Other,(223)877-5833x705,ballardbryan@example.com,U.K.,Mariaside,04639,2023-05-25
C3103544,Shannon,Castillo,1995-10-08,Other,455-547-1683,bwilliams@example.com,UK,South Brittanyport,77925,2026-01-27
C7241302,Alex,Aguilar,2008-04-22,M,+1-731-236-1941,waltonkim@example.net,England,West Jamesview,13305,2025-01-20
C2909359,Robert,Reyes,1965-04-16,M,364.202.9074x90909,toddowens@example.net,England,Jonesfurt,17815,2024-03-30
C1002104,David,Thompson,1993-05-11,Other,472.647.6668x066,christopheryoung@example.net,United Kingdom,Port Mark,30449,2026-05-25
C6888227,Brian,Wise,1954-06-19,F,(460)934-9413x412,jasonluna@example.net,GB,Haashaven,33773,2022-10-11
C3954303,Willie,Rubio,2005-10-05,F,001-243-940-9346x1520,andersonjuan@example.org,United Kingdom,Port Ryanfort,01046,2025-03-19
C6994518,Christina,Carrillo,2005-02-21,Other,748.236.9511x494,joshuaswanson@example.net,United Kingdom,New Michelle,23692,Tomorrow
C8016932,Glenn,Hurst,1978-05-04,M,(836)598-6962x9035,russell69@example.org,U.K.,Fletchermouth,96721,2026-07-17
C9033992,Jerry,Rodriguez,1978-08-27,F,320.882.6502x4716,uflores@example.org,UK,Port Annettetown,59180,2024-09-08
C5214717,Sara,Woods,2002-10-12,M,784-273-3577x7479,melissa80@example.com,United Kingdom,South Alexanderport,13752,2026-03-15
C5558131,Karen,Nichols,2003-06-11,NULL,851-314-7161x53802,jimmy86@example.net,U.K.,Danielmouth,86625,2024-08-02
C4784651,Charles,Hunter,1946-06-27,F,219.819.2146x86080,alvarezkatrina@example.net,England,West Melissa,90288,2024-05-19
C5136916,Stephen,Price,2003-07-07,F,(409)563-6635,thomasnicholas@example.com,England,East Sarahland,19406,2023-02-15
C9132445,Peter,Scott,1995-10-29,F,+1-870-804-1697x238,heatherbowers@example.org,UK,Audreyport,64620,2022-02-16
C707713,Robert,Brown,1995-01-09,M,001-801-615-3471,kevin63@example.org,GB,Lake Alyssaville,22035,2023-07-01
C241651,Benjamin,Miller,1945-04-27,M,8067606027,denise83@example.com,United Kingdom,South Timothy,30833,2025-07-04
C8001345,Alyssa,Jones,1942-07-20,F,+1-371-280-0695x33591,bensonbrett@example.net,U.K.,Port Alexanderfort,35891,2023-11-24
C4963202,David,Norris,1978-07-25,Other,001-513-890-3565x38478,christinamartinez@example.net,U.K.,South Natalieburgh,29162,2022-03-11
C4604181,Lisa,Stokes,1957-03-27,NULL,210.450.4922,patrickhoffman@example.net,England,West Ryan,76247,2026-07-03
C2646326,Teresa,Russell,1977-11-29,F,227.716.4595,angelmorris@example.org,United Kingdom,Mackmouth,98908,2024-08-13
C5707960,Michelle,Gutierrez,1960-07-11,Other,(462)354-2357x62116,bsmith@example.org,United Kingdom,North Paulton,44289,2024-10-05
C776856,Eric,Fox,2000-02-17,M,535.812.3823,omoreno@example.org,UK,New Crystalbury,65725,2021-09-22
C153671,Kaitlyn,Wood,10/03/1984,NULL,001-390-231-9545x264,danny80@example.net,United Kingdom,Petertown,63761,17/04/2022
C4453743,Colton,Brown,1979-12-05,M,(783)262-3505,ricky25@example.com,United Kingdom,North Stevenchester,40191,2024-08-11
C5753168,Russell,Potter,2007-02-22,F,650-343-6047x83275,henry22@example.org,GB,Johnfort,82349,2022-07-25
C4514459,Randy,Garcia,1945-04-10,F,607-243-3258,vkerr@example.net,United Kingdom,Lambertview,49520,2023-09-28
C3745485,Mary,Moyer,1954-11-02,NULL,(953)885-8729,anita69@example.com,U.K.,Jeffreyburgh,51611,2022-12-29
C7476971,Tonya,Hall,1956-04-12,Other,001-673-209-8947,durandana@example.org,U.K.,East Zachary,40701,2022-06-27
C1301953,Kimberly,Hayes,1946-02-21,M,449.818.7746x14927,goodwinmichelle@example.org,U.K.,Lake Katrina,63098,2023-10-06
C3326864,Margaret,Johns,1967-09-13,F,+1-306-358-0243,mahoneyalyssa@example.com,United Kingdom,East Linda,51720,2024-06-01
C1931862,Brian,Hansen,Tomorrow,F,001-701-447-5766x68968,floydandres@example.org,GB,South Chelseaport,29995,2022-02-21
C4636916,Zachary,Hoffman,1982-11-19,F,+1-899-926-9713x84428,donnasalazar@example.com,United Kingdom,East Colleenfurt,95384,2026-01-16
C154049,Breanna,Patton,1946-05-24,M,+1-777-535-3722,wisecindy@example.net,U.K.,South Andreabury,92698,2022-12-14
C6379294,Paul,Gill,1997-06-15,Other,+1-346-629-1192x10986,ashleyallison@example.net,United Kingdom,Lopezhaven,37641,2024-12-05
C6975235,Lauren,Anthony,1962-11-08,M,(816)991-1167x22124,gerald16@example.com,GB,Jeffmouth,63844,2022-01-09
C4332783,Alexander,Lee,1980-05-22,M,NULL,ryanking@example.org,United Kingdom,New Rebecca,24510,2022-01-21
C1857833,Christopher,NULL,1989-02-12,Other,207-735-9987x886,jameswright@example.com,UK,East Danny,41482,2022-05-16
C4045083,Grace,Vasquez,1984-06-27,F,7502087748,katherine78@example.net,United Kingdom,Port Calvin,96549,2022-08-24
C9043496,Kathy,Beltran,170326963,M,826.415.5853x03942,mitchellsherry@example.net,England,Loristad,28396,2022-06-05
C1301530,Debra,Arellano,1966-07-20,F,886-930-1939x293,andremorales@example.org,U.K.,Port Denise,06755,2022-07-28
C2963591,Madison,N/A,1947-10-03,NULL,+1-907-564-8025x379,lucaskathy@example.org,U.K.,Davidhaven,35899,2023-11-07
C1376366,Leah,Richard,2000-04-18,F,001-767-318-9784x9796,codygregory@example.com,UK,South Michelle,89769,2023-11-02
C8949689,Veronica,Thomas,1942-07-17,Other,696.501.0358,uhooper@example.com,England,North Markville,93237,2024-04-03
C9084883,Pamela,Coleman,1953-04-04,NULL,+1-627-679-3107x62734,danny32@example.com,UK,East Louisburgh,04380,2022-01-27
C7986285,Jacob,Beard,1948-08-26,F,662-521-7325x7448,matthewedwards@example.com,England,Hessmouth,28550,2026-05-22
C8245134,,Ward,1976-08-23,F,7683294865,kellypowers@example.org,UK,Port Kimberly,72684,2023-05-24
C1855878,Brooke,Caldwell,1993-03-31,NULL,(293)362-6355x48669,matthew98@example.org,England,Port Megan,37104,2023-01-29
C1202738,James,Ramirez,1941-03-16,NULL,610.513.8082,helen96@example.net,U.K.,New Calebberg,24022,2025-07-17
C8754478,Theresa,Hoover,1971-12-25,Other,(475)961-0594x461,owright@example.org,United Kingdom,Nicoleland,27148,2026-01-01
C2937213,Russell,Sims,1958-06-29,Other,442-276-8101x32107,johnsonjoyce@example.org,GB,Kristinfort,51348,2026-03-03
C5494350,Frank,White,1993-06-30,M,454-568-5328,gburke@example.com,GB,Amyport,92669,2025-07-06
C6071942,Amanda,Thomas,1981-04-23,F,617-200-6546x786,heatherthomas@example.com,U.K.,Port Logan,46275,Yesterday
C7326219,Kimberly,Robertson,1986-07-27,Other,+1-230-374-8813,richmondchristopher@example.net,U.K.,Huntbury,31043,2022-07-17
C6839615,Renee,Brown,1976-09-27,NULL,491-336-4379x893,kristy88@example.com,UK,East Jonathan,06068,2023-02-21
C9833551,Steven,Chen,1976-03-16,Other,840.794.0602,booneanne@example.net,UK,Mckeeberg,94691,2023-11-10
C5483134,Stephanie,Cochran,Yesterday,F,001-975-884-7400x49578,matthew04@example.com,UK,Lake Jacqueline,80292,2024-06-04
C5702966,Michael,Brown,1965-12-22,F,584-772-7811,leonryan@example.net,England,New Amy,51576,2025-02-23
C2348114,Jason,Wang,1968-04-16,M,476-761-9571,simoncynthia@example.org,England,North Matthew,39793,2025-06-08
C4030748,Carol,Wilson,1938-07-02,Other,001-335-335-9707x776,rowedeborah@example.org,UK,Brandyfurt,50279,2024-10-13
C2436919,Unknown,Klein,1991-03-20,Other,001-657-441-0757x848,karenholmes@example.net,U.K.,Ashleytown,17940,2021-12-08
C4368986,John,Ball,1945-01-01,Other,494-814-0741x461,zhoward@example.net,GB,New Joshuabury,80472,2023-06-01
C9286431,Brenda,Pineda,1996-01-28,M,+1-461-366-9428,melissawilliams@example.com,UK,New Lukefort,44155,Yesterday
C2051163,Jason,Newman,1998-05-19,Other,(382)382-9714x49258,caitlyn44@example.com,U.K.,South Mary,02042,2022-07-21
C3608402,Laura,Gomez,867025983,F,(840)915-4619,xobrien@example.org,England,Williamstad,10764,2023-06-19
C3851880,Richard,Cameron,1996-01-27,NULL,3688050307,tina88@example.com,U.K.,Ericksonberg,64818,2022-06-30
C327964,Krystal,Mcguire,1962-09-03,NULL,8139925931,omartin@example.net,U.K.,Drakemouth,09748,2024-08-28
C7584010,Colleen,Kennedy,1997-10-20,Other,928-474-3954,megan55@example.org,UK,Kelleyfort,13589,2022-05-16
C3123752,Amanda,Thompson,2003-07-31,F,703-701-0766x905,michaelpeterson@example.com,GB,South Shelley,03076,2024-10-19
C6994638,NULL,Davis,1982-12-18,Other,001-225-614-3916x46201,erikwilson@example.com,United Kingdom,Thomasview,27215,2023-06-13
C6676802,Alyssa,Miles,1992-03-21,Other,+1-517-384-3242,morriskimberly@example.net,UK,Juanview,39702,2022-04-03
C9615627,Mark,Cisneros,1941-06-08,NULL,877.319.9481,hmartinez@example.net,GB,North Timothy,07045,2021-08-12
C6832360,Sean,Long,1982-06-18,Other,001-556-524-7985x447,jennifermccoy@example.com,GB,New Lisaport,46979,2021-09-21
C5711518,Heather,Wall,1987-11-27,Other,(228)960-6238x1856,charles09@example.com,UK,West Shawn,89546,2026-07-05
C5638513,Amanda,Woods,1964-03-27,NULL,947-668-9169,cassandrareid@example.org,England,Lake Karenfurt,89276,2025-04-30
C3062715,Heidi,Johnson,1971-01-15,M,(767)663-1438,courtneywilliamson@example.org,England,Warrenshire,06363,2022-10-04
C5290548,Cassandra,Pace,1988-03-01,NULL,001-597-538-9648x651,NULL,United Kingdom,North Codyshire,01182,2026-07-02
C9698242,Jeremy,Jones,1993-05-24,NULL,350.266.5383x1973,carrie11@example.org,U.K.,Jacksonberg,16891,2026-03-20
C5711560,Ruth,Hanna,1998-02-10,NULL,(857)367-3633x20457,kellerdaniel@example.net,England,New Erika,74849,20230928
C3911554,Melissa,Smith,1982-01-03,M,566-202-9146,nyang@example.com,England,New Ricardohaven,94196,2023-06-09
C6555199,Erik,Watkins,1973-11-01,F,5769411260,nmorris@example.org,United Kingdom,East Corystad,34531,2023-06-30
C236960,Gerald,Bray,1944-03-10,M,(998)648-7618x693,scottmiller@example.com,United Kingdom,Hillstad,69224,2024-01-03
C992300,Matthew,Logan,2005-07-03,F,+1-389-432-5565,whitevanessa@example.org,GB,Adamburgh,10323,2022-10-18
C4124749,Jean,Mayer,2004-07-19,F,361-294-5357x90515,coopernatalie@example.com,United Kingdom,Charlesberg,31643,Tomorrow
C2979078,James,Chambers,1976-04-26,NULL,(351)276-1978x968,robert73@example.org,UK,Jamesside,95926,2025-03-22
C6656014,Robert,Lindsey,1966-06-03,Other,(994)807-2798x386,jenkinsmary@example.net,U.K.,East Amyberg,88683,2022-12-03
C9191509,John,Burch,1951-10-24,F,(250)702-4543,matthewburch@example.net,GB,Donovanville,99578,2021-10-30
C6132240,Vanessa,Villegas,1949-09-25,M,001-861-779-7311,mhenderson@example.org,GB,Port Carlos,72684,2025-06-16
C7101043,Kimberly,Weber,1959-10-03,Other,520-409-7628x750,james07@example.net,United Kingdom,Heatherburgh,10968,2021-12-08
C2255550,,N/A,1957-08-21,NULL,494-898-5222x26779,davidsonlaura@example.org,GB,West Seth,06216,2021-08-23
C8027643,Dana,Ortiz,1948-04-27,M,Unknown,bryancarter@example.com,England,Lisatown,31661,2026-03-08
C6815566,Samuel,Adams,1966-04-22,F,882-464-7820,bgarcia@example.com,England,Larryshire,26123,2023-04-11
C5698464,Lori,Dunn,1988-03-14,F,001-447-570-8924x4874,lisa94@example.com,GB,South Catherineland,88579,2025-03-23
C9292008,James,Ryan,1954-01-17,M,795-526-9798x62553,theresazuniga@gmal.com,GB,Simsborough,14678,2022-12-10
C4686024,Lisa,Curtis,1997-10-28,Other,+1-242-263-7023x29404,derekgiles@example.net,England,New Laura,25175,2026-05-15
C1909556,Kelly,Warner,1994-06-24,NULL,653-662-6190x969,hgould@example.com,GB,Bellmouth,00905,2022-02-27
C2321875,Jessica,Hicks,1993-05-14,M,5095295000,brendawoods@example.com,UK,West Julie,81856,2026-03-02
C7242197,Unknown,Cohen,1958-03-13,F,252.426.2446,daniel50@example.net,U.K.,Toddton,33808,2021-11-02
C45681,Tim,Nash,1938-03-20,Other,+1-666-591-3475x81645,flemingdeborah@example.org,UK,Danielside,33381,2021-08-07
C3727169,Cory,Greer,2002-08-26,M,(396)518-5004x4255,owagner@example.com,UK,Youngside,05424,2026-01-31
C1462626,Sandra,Young,2004-03-08,NULL,934-688-9397x929,bjackson@example.org,UK,Hamiltonmouth,74580,2023-12-20
C1966568,Christopher,Peterson,1998-12-22,Other,001-456-736-4859,danielberry@example.org,United Kingdom,Roseshire,54642,2026-08-04
C4008574,Nicholas,Pitts,1941-10-22,Other,(602)639-5902,lauren76@example.net,GB,Port Deanna,80878,2023-10-04
C4315820,Denise,Harris,1986-04-17,M,(320)742-4720x028,NULL,England,West Eugeneview,32497,2022-05-16
C9417834,Daniel,Sanders,1945-04-07,Other,+1-928-307-1030x090,charles86@example.com,United Kingdom,Lake Steven,34597,2025-01-07
C8188026,Michael,Adams,1969-08-04,F,325-924-1208,NULL,United Kingdom,Lake Joseph,09743,2023-02-27
C272887,Christina,Alexander,1981-06-10,F,001-315-816-8230,harrisonadam@example.com,England,East Derrick,29925,2021-09-06
C2135541,Amy,Sanders,1977-06-23,Other,439-777-8427,michellegutierrez@example.net,United Kingdom,Rodriguezfurt,76911,2022-08-02
C2264933,Robert,Williams,1979-02-21,M,685.847.3531x13612,phillipsmichael@example.com,England,Port David,04113,2025-12-09
C7954386,Kari,Wilson,2000-04-04,Other,905.819.4744,owilson@example.org,U.K.,Deniseton,03413,2025-04-04
C8071544,Alexandra,Wright,1966-10-13,Other,528-298-3005x4781,brockalicia@example.org,U.K.,Lopezchester,20681,2024-04-27
C8703484,,Johnson,1948-01-25,NULL,+1-944-720-2109,kevin02@example.net,England,Abigailtown,76369,2025-02-22
C9766931,Brandon,Warner,1966-09-19,F,001-382-441-7306x80167,davisryan@example.net,UK,South Brianmouth,86906,2026-06-06
C1354580,Ethan,Benson,2008-02-27,NULL,(308)701-9332x1169,heatherbrown@example.org,U.K.,Christopherville,65280,2023-03-11
C4151143,Savannah,Long,908740299,NULL,001-637-554-8874x366,weberdawn@example.org,U.K.,South Stephenland,48791,2026-02-15
C4075345,David,Shepherd,1964-12-11,NULL,+1-502-725-9812x215,matthewhendricks@example.org,U.K.,Cameronberg,73043,2024-04-16
C2364987,Laura,Willis,1991-02-23,M,(832)689-4833x0670,clewis@example.net,United Kingdom,North Austin,86814,2023-07-29
C1538696,Jessica,Bolton,1938-02-20,Other,(485)523-5915,eedwards@example.net,UK,Rodneybury,23859,2026-05-14
C7617580,Deborah,Medina,1944-02-20,F,+1-952-764-1627x9172,arnoldchristina@example.com,England,Bobbyland,84298,2025-05-05
C5146373,Timothy,White,1945-06-07,NULL,8874963444,khanpatricia@example.net,United Kingdom,Lake Tamarafort,18872,2021-09-09
C3981452,Elizabeth,Dunn,1954-02-16,NULL,001-572-642-3772x0369,jeremy66@example.com,UK,Lake Dorisville,44148,2025-11-16
C5115576,Joel,Foley,1957-11-02,M,001-334-574-2440x0421,bartondylan@example.org,United Kingdom,Bakerstad,72093,2025-11-17
C300204,Connie,Hayes,1954-04-28,NULL,6032724113,jared52@example.org,U.K.,Tanyahaven,55834,2025-11-25
C7863364,Joshua,Williams,2007-06-07,NULL,338-233-7624,shanehughes@example.net,U.K.,Simmonsburgh,50956,2023-01-28
C3840182,Valerie,Simon,1938-02-15,F,(313)303-6272x460,sheppardmelissa@example.net,UK,Pattersonton,55519,2025-03-22
C9356023,William,Garcia,1963-07-27,NULL,001-903-343-4517,millslucas@example.net,UK,Port Davidfort,10649,2026-06-08
C5762565,Jesse,Kim,1959-04-16,M,349-876-4248x206,butlerdarrell@example.net,United Kingdom,Port Nicholas,04679,2022-11-15
C3115582,Molly,NULL,1988-10-08,F,001-888-316-3857x97817,samuel43@example.org,England,Lake Miguel,67444,2021-09-17
C1982344,Ronald,Leon,1959-02-01,M,4473575862,hdavid@example.org,GB,North Caitlinshire,88777,10-02-2024
C3236174,Justin,Houston,1985-01-13,M,882-707-9597,mark37@example.org,U.K.,Port Gregory,51756,2026-04-20
C9160719,Thomas,Petty,1945-08-25,NULL,789.757.3252x7122,williamswilliam@example.com,U.K.,South Michaelshire,90155,2025-05-07
C2361317,Amanda,Williams,1968-03-03,NULL,001-539-765-2915x73668,petermullins@example.org,GB,East Donald,28759,2026-04-04
C1735745,Ryan,Bauer,1961-11-21,M,(801)817-9935x679,ocombs@example.org,England,Port Allison,32419,2023-03-28
C830502,Tonya,Harris,2002-01-04,F,340-846-4349x844,henry85@example.net,GB,Woodardfort,01645,20240128
C383143,Terri,Solis,1970-06-25,NULL,(817)736-2514x8656,maryprince@gmal.com,GB,Marissaport,48829,2024-09-14
C591023,Michelle,Thompson,30/11/1968,M,(935)351-3309x6256,adamsdonna@gmal.com,GB,New Martinland,47494,2025-12-13
C3913341,Lindsay,Andrade,1983-02-28,M,+1-286-770-1911x8132,gomezstephen@example.net,England,West Kimberly,47334,2026-04-02
C3031474,Joseph,Williams,1958-12-21,F,876.311.3724,julie96@example.net,England,Brookeside,19873,2023-11-02
C1721661,Claire,Johnson,1992-09-30,F,+1-771-435-7748x81886,cannonemma@example.net,GB,Annaville,26892,2026-01-27
C1911234,Amanda,Myers,1959-08-13,NULL,+1-698-677-7516x00736,espinozajohn@example.com,U.K.,West Michaelhaven,12186,2026-04-08
C7264309,Robert,Simmons,1996-04-30,M,355-264-9176x4850,roberthansen@example.net,UK,New Candiceville,66220,2022-06-24
C7090369,Savannah,Baker,2004-03-03,NULL,486.977.4169,crystalsweeney@example.com,UK,Melissaburgh,40535,2026-06-18
C6763565,Robert,David,1975-03-28,Other,751-643-5965,allisonelizabeth@example.net,UK,Marcusshire,35423,2024-03-14
C789929,Fred,Martinez,1989-10-26,Other,736-547-0646x35452,ustrong@example.com,England,Port Kaylachester,93865,2026-06-07
C1238396,James,Morales,1961-02-20,F,001-478-477-4578x11570,sethjohnson@example.com,UK,West Michaelport,02540,2024-01-09
C8424311,Zoe,Hanson,1964-06-17,NULL,5402417209,smendoza@example.org,U.K.,South Nicholasport,53927,2024-12-11
C2784291,Katie,Phillips,1968-04-26,Other,(207)389-2226x546,phendrix@example.com,England,Thomasview,54752,2022-09-02
C1303624,Brittany,Rangel,1943-08-03,M,412.942.3306x842,kathleentanner@example.com,United Kingdom,Lake Stephanie,28389,2026-03-28
C115673,Gregory,Garcia,1978-12-29,Other,+1-244-558-4404x1435,johnsonspencer@example.com,GB,Williamsville,73729,2023-11-19
C6817422,Andrew,Valdez,1979-01-16,F,474.945.4304x18669,jennifer71@@example.org,UK,North Jacobside,68600,2021-09-30
C5764203,N/A,Lee,1977-04-09,F,8062949227,robertbarker@example.net,GB,Charlesborough,31178,2025-02-10
C632363,N/A,Hernandez,1963-03-25,F,954-986-7785x8473,marc90@example.net,England,Port Susan,35741,2023-03-30
C2223868,Pamela,Williams,398003793,M,001-401-899-5410x30323,petersondonald@example.org,GB,Port Gabrielside,06715,2024-01-23
C3627606,Sharon,Wright,1976-07-28,F,+1-772-835-8327x459,randyfrank@example.net,United Kingdom,North Alicia,80425,2023-12-02
C3903159,Thomas,Edwards,1976-09-04,M,+1-211-388-9131x151,lauralee@example.com,GB,Scottmouth,58262,2022-09-04
C2035936,Michael,Robinson,1993-08-22,Other,+1-434-730-6673x27145,wongjesse@example.com,UK,Michaelburgh,36043,2026-03-21
C7719906,Paul,Williams,1951-03-25,Other,787-566-2440x4622,vlang@example.com,United Kingdom,Maureenchester,98564,962401981
C6635297,Daniel,Allen,1937-03-10,M,655-825-4308,carolanderson@example.com,UK,South Jared,42607,2026-07-27
C6428874,Amy,White,1944-09-22,M,355.332.9771,emartinez@example.com,England,West Michaelmouth,56856,2024-06-08
C6211525,Robert,Jones,1994-12-30,Other,(401)890-7770,djones@example.org,U.K.,Meltonhaven,92220,2022-11-10
C8488730,Laura,Lee,1983-11-23,F,001-367-769-4594,marknelson@example.com,UK,Rebeccahaven,11517,2023-03-16
C4981946,Tiffany,Cox,1965-06-14,M,+1-971-978-9036x74369,NULL,GB,South Francisco,81674,2026-07-12
C1991693,Victoria,Lee,1997-01-07,NULL,+1-672-492-5598x8827,cbell@example.org,UK,Mirandahaven,61194,2021-08-09
C1167358,John,Elliott,2005-04-07,M,001-718-968-0165x953,shawn21@example.org,United Kingdom,Lake Curtis,08438,2026-04-30
C6816753,Jessica,Crawford,2007-01-09,Other,239-707-6206x649,christophersilva@example.com,England,New Rachaelfort,05952,2023-01-09
C2747868,Brenda,Sutton,2005-08-09,Other,506.599.7877,michael52@example.org,United Kingdom,East Alex,65485,2026-04-22
C4343754,Rebecca,Martin,1954-07-19,NULL,(235)838-7322,thomasdarren@example.net,United Kingdom,New Edwinfurt,16260,2022-09-02
C6890539,Christian,Williams,1940-10-15,NULL,001-799-382-4434,shannonsmith@example.net,GB,North Erika,16273,2024-10-06
C1257475,Susan,Jackson,1942-03-29,F,422.467.7725x006,mosborne@example.com,United Kingdom,West Joshuashire,42751,2026-02-09
C3013420,Teresa,Fernandez,1978-06-22,F,481-405-1899,christina85@example.com,England,Port Jenniferchester,86728,2024-08-03
C7653747,Shawn,Davis,1975-05-05,Other,823.549.7230x3416,shardy@example.com,UK,East Nicolemouth,93789,2025-02-11
C2910381,Ryan,Blankenship,1986-12-19,NULL,N/A,jacksonbrandon@example.org,United Kingdom,Greenmouth,08535,2024-05-24
C2646342,Robert,Elliott,1948-09-29,Other,696-946-7516x108,doyleevelyn@example.net,U.K.,New Richard,67886,2022-06-15
C6326137,Brett,Unknown,1986-06-15,NULL,(731)392-0433,shawn04@example.org,UK,Fisherburgh,05729,2025-04-17
C4144206,Randy,Rose,1988-05-03,NULL,973-685-9453x28717,christinelawrence@example.com,UK,Jonesmouth,61951,2022-05-27
C2116800,Miranda,Evans,1993-10-11,M,214-877-0860x97965,brandirobinson@example.com,UK,South Benjaminfurt,03138,2024-04-06
C6446251,Jennifer,Porter,1996-04-03,M,+1-639-981-5974x47013,phillipmoreno@example.com,United Kingdom,Geraldfurt,58303,2025-07-03
C9070736,Ebony,Meyers,2007-11-24,NULL,590.901.3543x21088,shane16@example.net,GB,Lake Sheilaview,80688,2023-12-01
C6082967,Donald,Wilson,2002-03-06,F,(658)245-0383x40410,lhahn@example.com,GB,West Tommy,73997,2024-07-30
C2595516,Courtney,Carter,1954-03-19,Other,877-513-0612x99942,teresagonzalez@example.com,UK,Lake Codystad,98973,2024-01-25
C2630308,Jeffrey,Thomas,1977-04-26,Other,001-371-812-9816,isabel27@example.com,U.K.,Jeanetteport,36680,2021-12-13
C7015146,Harold,Martin,2004-02-02,M,+1-225-241-4056,gjohnson@example.net,GB,Maryland,35937,2024-05-15
C440500,James,Wilcox,1948-09-26,Other,+1-978-264-6294x8556,kjackson@example.org,GB,East Charlesshire,17066,2022-04-08
C9487242,Juan,Nelson,19490407,NULL,001-742-619-3603x38348,perkinscolleen@example.org,United Kingdom,Theresaburgh,49967,2022-11-18
C5798111,Shane,Charles,1936-08-01,F,(726)996-2357x07115,jillmcdonald@example.net,U.K.,Ericchester,31341,2024-06-29
C601738,Ellen,Edwards,1994-09-24,Other,N/A,andersontimothy@example.net,United Kingdom,Lake Christopherborough,52703,2024-04-15
C5986586,Lori,-,1998-06-27,NULL,833-825-9200,stephentapia@example.net,U.K.,Briannaland,55961,2022-01-17
C9347097,Adam,Bishop,1982-12-30,Other,(605)280-1237x599,gregory79@example.com,GB,Adamland,04810,2025-12-02
C8215975,Andrew,Roberts,2000-05-28,Other,282-922-4837x68490,simpsonkatherine@example.net,UK,Wallacechester,31929,20220913
C7714691,N/A,Mcgee,2008-05-28,F,+1-376-853-5316,kristismith@example.org,UK,East Dawn,36334,2022-04-23
C362811,Bobby,Wilson,1937-11-29,Other,9587160214,woodwardvictoria@example.org,UK,East Jasmineview,32606,06/01/2026
C4903857,Paul,Green,1985-05-04,F,8097797577,charlottewilliams@example.org,United Kingdom,Perryberg,36802,2023-12-26
C5472184,Deborah,Callahan,1941-04-08,F,414.377.9057,michaelwilliams@example.com,United Kingdom,Bobbyburgh,25534,2025-04-28
C5463395,Jose,Andrews,1990-06-05,F,(670)443-9212x619,kevindickerson@example.com,England,Fishermouth,25780,2023-12-12
C3689146,John,Hansen,1989-10-06,M,530-294-8544,nbennett@example.org,GB,East Kristin,39373,2022-09-26
C9396758,Rachel,Griffin,1969-03-18,M,(800)887-8534,ipearson@example.org,U.K.,Bennettberg,80995,268072774
C1344954,Anna,Phillips,1956-11-27,Other,492-728-9324x4053,higginsjoan@example.com,GB,Beanbury,25984,2024-05-30
C91094,Claudia,Cook,1937-03-13,M,+1-345-484-5146,karlsmith@example.org,United Kingdom,Brownburgh,62256,2025-10-10
C5969213,Elizabeth,Campbell,Tomorrow,M,9028366281,amy81@example.com,England,West Christophertown,30547,2025-05-30
C3082904,Keith,Osborne,1997-07-30,F,795-726-3277x80466,fmoore@example.net,U.K.,West Andreaberg,58707,2023-11-05
C7772622,Joseph,Wise,1975-08-28,F,(354)236-0193x3596,weberfrancisco@example.net,England,Copelandbury,41506,2022-03-09
C4996034,Linda,Adams,1974-11-30,M,806-588-6113,carternicole@example.org,United Kingdom,Samanthastad,91956,2021-08-31
C8234096,Dylan,Wade,1943-08-25,F,5375083135,michaeljones@example.org,United Kingdom,East Courtneyville,88005,2026-05-05
C6712362,Amber,Steele,1978-02-02,Other,641.927.7142,normanmatthew@example.net,U.K.,South Eddie,89899,770831920
C5190194,Dana,Lamb,1948-05-14,NULL,+1-887-862-5334,walterskristen@example.net,United Kingdom,Browningmouth,49432,2021-11-20
C1018084,Linda,Hurley,1983-08-09,Other,001-767-268-7695x99523,ryoung@example.org,U.K.,West Jennifer,10249,2023-04-26
C8234139,Julia,Tyler,1959-10-12,F,526.301.1855x231,danny93@example.net,U.K.,Wendychester,34967,2021-12-12
C2743608,Kelly,Barry,1986-05-17,Other,315-744-8230x6350,johnbuck@example.net,U.K.,East Pamelahaven,26777,2022-03-28
C6805671,Kathleen,Schneider,1982-09-09,M,376.677.9460x7572,nicholasconway@example.com,UK,Janetview,99924,2023-07-10
C5873506,Katelyn,Bennett,2005-01-20,Other,510-680-5573x18150,amanda76@example.org,GB,South Matthew,30359,2025-08-13
C2634473,James,Davis,1988-12-08,F,(515)240-8239x9383,mercadolinda@example.com,U.K.,Lake Brittanyland,66011,Tomorrow
C2522017,Heidi,Carey,1954-02-15,NULL,700.256.3836x5913,jennifer55@example.com,U.K.,Prattside,92839,2024-07-14
C7483677,Nicole,Singh,1967-11-14,M,(215)504-5202x08274,pchoi@example.org,U.K.,Lake Lisa,64186,2026-04-14
C3644280,Danielle,Anderson,1959-06-29,F,644-551-3310x62925,whitealexander@example.net,UK,Leonardfort,74703,2025-06-30
C5643475,Jerry,Jones,2002-02-03,NULL,+1-269-772-4043x387,justin57@example.com,United Kingdom,South Brianmouth,26447,2025-06-15
C4358626,Courtney,Hernandez,1979-07-14,NULL,748-828-1260x42252,pwade@example.net,GB,Meyerchester,29928,2023-10-27
C9326154,Jack,Whitaker,1985-11-19,NULL,354-953-6573x812,jonathan27@example.com,GB,New Shannonhaven,16771,2023-05-21
C1598459,Stephanie,Benson,1969-05-08,Other,+1-674-748-7440x59160,brooke41@example.org,UK,Starkbury,00856,2024-10-17
C3373001,Angela,Gardner,1944-10-21,F,001-378-911-9263x2212,campbellyvonne@example.com,GB,North Brandon,21769,2024-12-02
C878273,Melanie,Smith,2001-07-19,Other,865.251.6960x20575,rushnathaniel@example.org,U.K.,West Tiffany,18939,2023-11-02
C856685,Jacob,Jackson,1939-11-07,Other,(463)556-1085x115,wgarza@example.net,GB,Port Melaniefort,25793,2023-11-17
C8753256,Julie,N/A,1982-06-07,F,(572)613-4657,anna69@example.net,U.K.,Dorothystad,97782,2023-02-17
C5885353,Laurie,Smith,1937-08-14,F,625.990.8344x0954,vcamacho@example.org,GB,Jessicamouth,27031,2023-09-18
C3223836,James,Jackson,1936-07-25,NULL,7694631296,mbenson@example.net,United Kingdom,New Nicholashaven,75345,2022-04-17
C2062758,Christopher,Mason,1962-12-17,NULL,787-229-6825x6791,kathleen33@example.net,United Kingdom,Mikeport,10784,2022-07-25
C6006730,Gregory,Hill,1953-10-06,NULL,646.867.9122x2756,qjohnston@example.com,UK,Huffchester,18143,2022-05-26
C3172762,Christopher,Taylor,1946-12-09,M,001-240-789-8476x84576,greenerika@example.net,UK,West Laura,28700,2022-04-12
C8312053,Jessica,Jimenez,1978-05-13,M,001-962-302-0561x7445,michael20@example.org,England,West Josephberg,81055,2024-01-02
C2874423,Christine,Morrow,1973-06-25,M,6674829057,johnknapp@example.org,U.K.,New James,20902,2023-07-22
C4524052,Anthony,Parker,1955-08-30,NULL,5042061024,fisherjason@example.net,England,New Deanshire,15706,2024-11-01
C2693764,Jeremy,Bass,Tomorrow,Other,390-208-5686,millervincent@example.org,UK,Jeremyfort,81470,05-10-2026
C7338523,Katelyn,Griffith,1972-03-29,NULL,933.763.4101x6986,cookjodi@example.com,England,Port Daisy,97074,2025-07-16
C6633953,Matthew,Acosta,1984-01-16,Other,537-923-0320,jade93@example.com,UK,South Jamesview,01456,2022-04-06
C7210757,Olivia,Edwards,1994-06-07,NULL,(550)748-9528,rothronald@example.net,U.K.,North Kevin,50539,Yesterday
C3699021,Shannon,Moore,1960-11-18,F,260.977.2839x556,ruben45@example.org,U.K.,South James,99781,2021-11-10
C2807060,Michael,Thomas,2007-05-23,F,312.707.3234x958,coreyjohnson@example.org,UK,Port Karimouth,70219,2022-06-16
C6189862,James,Morgan,1976-07-24,M,(524)394-8835x223,vmartinez@example.net,GB,Johnsonshire,97043,2023-10-22
C6005559,Jamie,Gonzalez,12-30-1953,NULL,692-432-6936,perryjames@example.org,England,Lake Michael,18768,2025-04-14
C5250611,Denise,Robinson,1982-06-13,M,001-706-927-5008x14564,zwelch@example.com,U.K.,Burnsside,62019,2026-07-15
C2681571,Sally,Norton,1981-12-15,F,(637)751-3645x775,hurleyshannon@example.net,United Kingdom,New Joefort,14882,2022-04-02
C5493186,Unknown,Morris,1953-12-11,M,(489)640-8496x38893,emma17@example.net,England,Anthonyport,71002,2024-07-02
C3284033,Nicholas,Green,1949-06-08,M,572.427.2619x8454,rachel42@example.com,U.K.,South Crystal,54848,2022-06-23
C2796664,Catherine,Griffin,2000-12-26,M,737-287-8950x50035,katelyn35@example.com,UK,Ortizchester,62434,Tomorrow
C764786,Danielle,Hernandez,1990-07-26,Other,778-965-4429x4342,ramosdiane@example.org,U.K.,Campbellburgh,18827,2022-12-14
C8500531,Michael,Bean,2005-07-21,M,819-735-9246x113,philip58@example.com,England,Andrewside,22112,2024-08-05
C961186,Angel,Thompson,2001-09-09,M,(621)228-5495x7054,luke92@example.org,UK,Michaelstad,63058,2022-09-27
C9047978,Matthew,Collier,1996-06-12,Other,001-825-848-5768x542,mwilliams@example.com,UK,Robertsmouth,93609,2025-11-30
C3177486,Whitney,Flores,1970-12-10,F,273.423.2871x548,fgarcia@example.net,GB,Waltonfurt,03634,08-15-2025
C2851943,Renee,Davis,1985-09-16,F,001-219-332-0431,frankalexis@example.com,GB,Yangshire,92038,2023-05-07
C4811344,Oscar,Martin,1962-09-24,NULL,2608702834,alexismedina@example.com,England,Loriborough,86166,2022-09-30
C1887076,Holly,Vega,1989-05-18,Other,+1-313-561-0195x9734,stephenjohnston@example.net,U.K.,West Williamview,40384,2024-03-15
C9944333,Carla,Ramirez,1941-02-13,F,+1-882-307-1793x33703,aliciaedwards@example.org,GB,Littlemouth,29377,2024-02-21
C1375726,Brian,Delacruz,1980-01-30,M,(865)591-0290,bassanthony@example.org,UK,Smithmouth,40595,2022-10-14
C2228097,Calvin,Miller,1936-01-22,NULL,8539984794,bookerkevin@example.net,UK,Waltonchester,67490,2024-11-30
C845448,Lisa,Hart,1969-07-13,F,(857)357-5586,rebecca56@example.net,United Kingdom,South Robertchester,28805,2022-09-14
C9449494,Amy,Martinez,2003-06-30,Other,+1-886-748-6842x2599,csmith@example.net,England,North Emmaside,39718,2025-12-16
C3406448,Paul,Barrett,1988-04-15,Other,(878)915-7694x80977,coxjacob@example.org,England,Cameronville,24220,2025-05-19
C4605533,Patricia,Alexander,1977-03-29,F,+1-711-749-4641x276,bhenry@example.org,England,Andrewville,05221,2024-11-30
C5175092,John,Parrish,1991-07-04,M,542.967.6229x302,ogross@example.net,UK,West Brandonville,51323,2025-04-19
C6948697,Michael,Leonard,1961-10-20,F,001-604-899-9110,gwalls@example.com,United Kingdom,Rivasside,77973,2023-01-22
C824947,Vanessa,Dean,1951-11-16,F,243-449-1081,esteskaren@example.net,GB,Sloanfurt,94927,2022-04-07
C7313973,Joseph,Wheeler,1990-11-24,Other,776-543-2796x155,jerry26@example.net,England,Lake Theresa,39659,2025-02-16
C933947,Ashley,Love,2002-03-31,NULL,001-679-279-5112,frances17@example.net,UK,Port Shaunmouth,73271,2023-10-29
C2326089,Sandra,Cole,1936-10-16,F,(639)805-9031x850,levinejasmine@example.net,UK,Joanfurt,62703,2022-12-28
C3891233,,Villanueva,1980-07-15,NULL,(716)667-4745,duarteleslie@example.com,England,Kellerchester,01080,2024-10-13
C8377852,Katie,Blair,2006-09-07,M,+1-904-554-2524x650,casekenneth@example.com,United Kingdom,Josephland,58063,2022-09-03
C3621820,Jake,Fry,1995-09-27,F,481-399-9205x02866,kimberlyclayton@example.org,England,Aliciamouth,69050,2024-08-09
C4410796,Justin,Harding,2006-12-13,Other,4228165083,littleeric@example.org,England,Johnview,70911,2023-05-02
C1545052,Richard,Hunt,1947-07-07,M,459-984-8461,natalie32@example.net,England,North Thomasfort,48552,Yesterday
C7968717,Sherry,Oconnell,1937-01-13,F,001-274-216-7131x6223,david93@example.org,UK,Port Sarahshire,26025,2025-02-12
C678155,Michael,Thornton,2002-03-06,F,(493)557-3448,cody01@example.net,UK,Marvinport,06878,2026-06-25
C5363025,Joshua,Williams,1972-10-30,Other,5857812656,tammy77@example.org,England,New Michaelburgh,88842,2026-05-23
C8657870,Kristi,Thomas,1971-02-28,Other,(842)377-7015,jason36@example.com,UK,New Robinmouth,47690,2025-10-12
C4467221,Peter,Lee,1992-03-28,NULL,738.959.3157x3241,joshuajones@example.org,United Kingdom,New Shannonview,73260,2026-06-15
C6566196,Mark,Hester,2005-02-28,Other,001-303-368-9990x706,jeff11@example.org,GB,Lake Mark,00761,2024-02-08
C2212222,Amy,Sellers,1950-07-24,F,(380)389-4759,griffinsherry@example.net,United Kingdom,Jerryburgh,45366,2021-10-31
C5338989,Ann,Salinas,1953-12-30,M,+1-868-906-2574x636,urosales@example.org,GB,Hollyside,62430,2025-11-14
C3544098,Robin,Russell,1970-12-11,Other,(489)338-9150x9109,rsellers@example.org,United Kingdom,North Jessica,25289,2022-07-12
C6139799,,Kim,1985-05-08,F,(279)996-5384,pmoore@example.com,U.K.,West Joelmouth,81383,2023-03-23
C8060478,Kristina,Lester,1963-05-13,NULL,(966)432-8728,katrinacalhoun@example.org,GB,Lake Ashley,39338,2025-05-15
C591258,Tyler,Farley,2001-06-29,F,405-753-0437,christinawall@example.com,United Kingdom,Cheyenneshire,84633,2026-07-27
C2491359,James,Zavala,1994-10-17,F,+1-281-389-9888x264,sallykirk@example.com,GB,Beasleyburgh,70143,2021-11-30
C7592266,Lisa,Turner,1963-07-19,F,337-285-2125x6454,lindawalker@example.net,England,Ashleystad,80168,2021-09-07
C5760266,Cheryl,Cruz,1951-09-08,NULL,948-564-3820,lisastone@example.com,United Kingdom,Larryview,23942,2026-01-23
C9281916,Benjamin,Smith,1992-08-23,M,NULL,sandovalryan@example.net,UK,Stevenston,77666,2025-11-29
C711598,Amber,Mendoza,1997-08-25,NULL,9088008902,thomas77@example.com,England,West Melissaside,21774,2024-04-16
C7512854,Carla,Schmidt,1964-07-12,M,001-531-401-9358x471,charlottelucas@example.net,GB,West Matthewport,34556,2024-04-16
C6153114,Evelyn,Garcia,1997-06-23,Other,+1-481-907-1439,lauraglover@example.org,U.K.,Johnsonfort,05691,20251209
C5458081,Norma,Charles,1954-05-27,M,429.302.8761x355,qnicholson@example.org,U.K.,Dawnhaven,19408,2022-10-14
C5969127,Emily,Watson,2000-04-06,M,601.440.6780,dthomas@example.com,GB,North Edwardburgh,92390,2023-01-29
C1813928,Robert,Ford,1954-06-26,NULL,(651)730-4095x5677,cynthiaadams@example.com,UK,Robertsberg,34634,2021-11-29
C6452690,Sheila,Brown,1954-06-27,Other,(339)216-4311x15405,emily31@example.org,England,New Joel,90233,2024-10-12
C7043477,Heidi,Romero,1994-09-24,M,317-635-5775x281,julierussell@example.com,United Kingdom,North Richard,32964,2026-07-08
C1359885,Kim,Smith,2000-02-22,NULL,389-896-0335x38068,awade@example.org,UK,Gomeztown,83233,2021-11-08
C6980638,Cesar,Francis,1982-10-05,NULL,950-427-7794x5508,jacobmorris@example.com,UK,Lopezville,42235,2025-11-07
C756314,Micheal,Washington,2007-10-02,Other,+1-817-389-7203x165,moonmatthew@example.net,United Kingdom,Michaelside,98988,2023-03-23
C6581441,Laura,Marshall,1972-08-11,M,3737391307,harrisonjames@example.com,United Kingdom,East Diane,94657,2026-07-19
C5722214,Cynthia,Williams,1988-12-19,Other,(747)708-0610x9814,simsmatthew@example.org,U.K.,Rhodeschester,23007,2024-05-01
C9911583,Melissa,Hamilton,1997-05-10,NULL,(260)521-9274,smithmelinda@example.com,GB,West Michaelville,51369,2021-11-17
C6104690,Jason,Smith,1952-09-05,F,511-866-0154,matthew54@example.net,England,New Eric,18111,2023-02-11
C2842199,Jennifer,,1955-03-06,M,001-711-341-6611x115,nicoleschwartz@example.org,United Kingdom,Stevenview,79788,2023-03-25
C5494756,Scott,Howard,2004-08-04,Other,+1-824-987-2420,jonathonboyer@example.net,United Kingdom,Port Matthewmouth,62857,2023-12-28
C7118306,Matthew,Sandoval,1988-06-08,F,219-328-8911x268,jrivera@example.com,United Kingdom,Lake Kevin,55988,2023-12-21
C9449357,Monique,Fisher,1947-03-18,Other,(793)649-8258x183,christine18@example.net,England,Martinborough,55374,2023-08-30
C1566206,Jeremy,Martinez,1955-10-17,Other,(463)350-5898x601,pwhite@example.net,United Kingdom,Lake Maria,55514,2023-05-25
C9833166,Aaron,Palmer,2003-02-06,F,969.577.3394,wwang@example.net,United Kingdom,North Jessicaville,11934,2025-08-19
C730774,Anthony,Ruiz,1985-12-15,M,(287)824-9057,swansonamanda@example.com,United Kingdom,West Calvinland,47447,2025-06-14
C9033773,Jeremy,Martin,1957-09-15,Other,(997)777-2496x4005,petersoncharles@example.com,United Kingdom,Reynoldston,19102,2023-12-18
C5885196,Jennifer,Thomas,1940-01-04,F,(488)655-0671,stonelarry@example.com,United Kingdom,Wardville,32153,2026-04-04
C5252221,Patricia,Williams,1996-08-28,Other,001-532-354-4924x662,nturner@example.net,UK,New Taylor,58672,2022-12-23
C4112226,Justin,Heath,1967-04-29,M,(501)709-6579x259,alan67@example.net,England,New Isaiah,59460,2025-01-10
C4933130,Nicole,Long,1987-06-19,M,(648)696-1639x43272,josephschroeder@example.org,UK,New Michelefort,05909,2023-06-15
C6992819,Jeremy,Turner,26/08/1942,Other,545-638-9487x0664,xbarajas@example.com,GB,Hallfurt,57750,2022-03-06
C3422677,Wayne,West,1986-08-11,F,+1-462-683-2012x393,amack@example.net,United Kingdom,South Andrewhaven,10967,2024-12-08
C4083834,Courtney,Jenkins,1979-12-02,M,+1-824-946-5191x619,ryankristin@example.net,UK,Port Holly,69017,2022-10-22
C2122599,Aaron,Wood,1950-09-18,F,802-899-0204x852,sandersjoshua@example.com,U.K.,Lake Andrewshire,37462,2026-02-26
C970327,Charles,Miller,1953-03-18,F,689-301-9362,zanderson@example.com,England,Port Deborahville,44923,2025-02-03
C6822428,Karen,Woodard,1943-03-31,F,484.371.5598,ymiller@example.net,England,Elizabethshire,02533,2022-05-03
C1169864,NULL,Unknown,1967-05-10,Other,320.788.8390,keithlopez@example.com,U.K.,Archerview,29413,2024-08-02
C71619,Sharon,Delgado,2008-02-25,F,(875)296-6261,dominic32@example.net,GB,Lake Jacobtown,84176,2021-11-25
C5352582,Aaron,Powell,1967-12-06,NULL,(460)831-0337,roberthines@example.net,UK,South Larry,21555,2024-01-15
C1670308,Jessica,Cooper,1992-12-24,Other,(782)378-2178,denise25@example.net,United Kingdom,Callahanport,97770,2022-09-24
C5756176,Natalie,Morris,214230889,F,001-626-944-6309x1324,ajones@example.org,England,Riveraton,87012,2024-07-29
C9019537,Peter,Caldwell,29450122,Other,706.220.3387,ymorrison@example.net,U.K.,Stricklandville,87032,2022-01-25
C2049426,Kevin,Johnson,673181875,F,(970)891-5411x18537,aprilcampbell@example.net,UK,Rogermouth,73865,2025-01-27
C9123693,Monica,Morgan,1982-06-21,F,001-438-795-4318x3233,jaredhardy@example.org,U.K.,East Jill,85388,2024-05-27
C5340918,Kimberly,Navarro,1956-06-23,Other,(451)834-3022x687,john65@example.com,England,New Gregoryberg,51167,2024-09-24
C8174843,Gene,Smith,1972-11-19,Other,3148081533,james75@example.net,GB,Gallegosberg,18922,2022-01-12
C2611264,Barbara,Montes,1962-03-27,M,001-243-475-5712x41236,jared04@example.com,U.K.,New Jamesport,42762,2025-02-10
C7516927,Stephanie,Smith,1981-08-07,NULL,626.347.8225,wcardenas@example.org,United Kingdom,Josephfurt,53297,2026-03-27
C7025235,Jeremy,Saunders,1937-11-28,F,+1-346-480-2930x1335,kristinavasquez@example.org,U.K.,Webbmouth,36314,2025-06-23
C7553756,Frank,Lozano,1942-10-22,F,+1-606-569-5250x861,stephenhuber@example.org,UK,Austinberg,12149,2022-11-18
C8307730,Monica,Reyes,1991-02-02,F,476-596-9082,ebrandt@example.org,UK,Ambertown,28724,2025-11-03
C8461829,Anthony,Foster,1963-11-12,F,235-583-2986,morgansmith@example.com,GB,Evansmouth,27587,2021-11-23
C7954605,Suzanne,Kane,1971-01-22,M,+1-402-864-0868x0763,thomaskrystal@example.com,England,Rossville,75332,2025-06-10
C722884,Reginald,Villanueva,1967-06-27,Other,343-362-5615x381,gina93@example.org,UK,North Matthewton,75501,2022-12-11
C2093149,Amanda,Nguyen,1958-06-01,NULL,677.589.3658,rbaker@example.org,United Kingdom,East Melissa,14513,2023-02-20
C8881644,Kim,Dodson,2005-06-01,F,(498)932-8724,wallaceamber@example.net,GB,Douglasville,00863,2022-11-07
C3251202,NULL,Boyer,1970-03-19,M,(578)287-4214x4238,kristenguerrero@example.com,U.K.,Williamsport,19520,2025-06-12
C5402123,James,Gentry,1937-01-11,F,+1-927-640-7211x8914,brittany59@example.net,England,Andersonhaven,71454,2024-10-08
C5120782,Jennifer,Barker,1993-04-17,NULL,001-752-980-1469,eddie85@example.org,UK,Caldwellchester,75226,2026-01-18
C176215,Danielle,Barrett,1986-01-26,F,587-706-8800,robert52@example.net,UK,Port Cherylhaven,79021,2023-06-12
C5235038,Diane,Wheeler,1982-09-03,M,+1-318-406-7969x964,ubrown@example.net,U.K.,Hernandezchester,93748,2024-03-04
C8587839,Daniel,Jones,1999-09-21,M,001-436-688-1715x4693,millerlisa@example.net,U.K.,East Justin,37611,2022-12-09
C6948098,Bailey,Mason,1989-07-08,F,419-939-5978x85746,alice02@example.net,GB,South Angela,63260,2022-07-05
C4618075,Kevin,Clark,1987-06-11,M,+1-326-919-0663x613,deannadaniel@example.com,UK,East Troy,23978,2022-08-18
C7057865,Adam,Owens,1954-05-04,F,318-940-5766,qphillips@example.net,England,North Brandon,01529,2025-05-23
C6053838,Katherine,Kim,1973-03-31,Other,876.618.3119,joshuarichards@example.org,UK,South Jamesfort,85080,2026-03-14
C3894204,Erica,Henderson,1974-07-16,Other,644-632-6357,perrycassandra@example.org,GB,East Johnnyborough,63884,2023-09-02
C5318677,Lisa,Tyler,1974-01-14,F,445-678-0104x98063,rosetammy@example.com,GB,Lake Triciaside,79395,2026-07-31
C8630611,Kenneth,Brewer,1971-07-19,F,200-832-1208,matthewschneider@example.net,GB,Lake Patricktown,10903,2024-02-03
C2065689,Emily,Romero,251242377,Other,417.624.1082,joannestanley@example.org,U.K.,East Dorothy,40391,2026-05-29
C2899209,Stephen,Mendez,2005-02-15,F,(651)893-9328x245,parkerbetty@example.com,United Kingdom,West Christopherton,20819,2026-06-17
C3541959,Robert,N/A,1976-03-02,Other,(817)826-7992,mcguirelori@example.net,United Kingdom,West Donnashire,51323,2026-08-06
C241930,Heather,Rojas,2004-01-13,Other,(864)771-1365x56265,vnash@example.com,U.K.,Griffithmouth,36197,2025-09-27
C1734136,Madison,Harris,1996-03-16,Other,477.576.9825x1990,orobinson@example.org,GB,Angelaland,27996,2026-06-03
C5785873,Meghan,Watts,1942-10-24,NULL,-,robertsalexis@example.com,United Kingdom,Thomasbury,90949,2026-03-17
C6417637,Robert,Jackson,1995-06-08,NULL,(909)631-2266x0363,hannahhawkins@example.org,GB,Cuevasport,53050,2024-04-20
C7787168,Sara,Miller,2002-04-04,NULL,(580)664-0060x85173,weberkent@example.net,United Kingdom,Perryton,27004,2025-10-02
C7638359,Gabriel,Valenzuela,1997-08-08,NULL,6239557287,qjones@example.com,U.K.,New Stephanie,53551,2024-10-06
C4913878,Darren,Thomas,1936-02-13,M,376-660-5873x84243,brian10@example.org,United Kingdom,New Christine,27634,2026-04-21
C3957453,Hannah,Allen,1978-02-12,M,883-228-6952x2738,juliewilliams@example.org,U.K.,Jessicabury,05669,2026-01-26
C424161,Robert,Roberts,1961-10-13,Other,736.670.8238x72224,mike69@example.org,England,Port Donald,17987,2022-08-03
C8855162,Rebekah,Allison,2003-06-19,Other,+1-379-611-3913,crawfordthomas@example.com,GB,Rebeccabury,89745,2024-03-11
C6635824,Michelle,Simmons,1982-05-16,NULL,NULL,hmoore@example.net,United Kingdom,North Elizabeth,07343,2026-03-02
C7981093,Matthew,Smith,1993-02-19,Other,+1-799-750-1306x472,hamiltonlydia@example.org,GB,Rodgersborough,38749,2022-03-30
C7606627,Kayla,Anderson,1988-02-25,M,299-629-2196,lisa74@example.org,United Kingdom,North Jasmineview,66214,2023-09-10
C7161093,Julie,Cook,1995-11-18,M,+1-293-513-1661x45435,thompsonamy@example.org,GB,Port Markview,18996,2021-11-12
C1783918,Chad,Nielsen,1961-06-03,NULL,534.357.7424x028,danielholloway@example.org,U.K.,Tammystad,87097,2021-11-01
C7156553,Meredith,Mcneil,1968-07-04,NULL,620.330.7258,salazarlaura@example.org,United Kingdom,Rivasbury,74293,2023-12-21
C6000686,Wesley,Diaz,1972-07-07,Other,001-465-958-1148x1510,jamesnelson@example.org,United Kingdom,East Stephanie,46815,2025-08-12
C3423345,Daniel,Schneider,1962-12-24,M,8594542846,warnerkaitlyn@example.org,United Kingdom,Lake Michael,47119,2023-10-28
C9217354,Jerome,Davis,1943-03-03,Other,+1-774-783-1109,paulhensley@example.com,GB,Cantutown,99642,2025-08-07
C6086950,James,Ortiz,1942-06-20,M,(671)601-6881,joseph48@example.net,U.K.,Lake Taylorview,52522,2023-02-25
C8676538,Michael,Blevins,1963-10-22,F,001-621-468-1123x56148,ctaylor@example.net,GB,New Anthonyhaven,12246,2022-11-01
C2744361,Gabrielle,Thompson,1941-09-21,NULL,723-670-4397,dtaylor@example.org,U.K.,East William,93200,2023-10-21
C8453832,Anthony,Smith,1974-09-27,F,627.414.5448x71339,john51@example.org,U.K.,Conradport,98991,2026-05-06
C6984445,Rachel,Romero,19750311,NULL,549-318-9419x998,flittle@example.org,U.K.,Annemouth,02241,2021-10-05
C7290663,Rebecca,Hunter,1971-01-23,F,(638)411-4457x385,sandrajohnson@example.org,GB,Timothyport,96376,2022-12-09
C9740786,Catherine,Campbell,1991-08-14,Other,685-445-1638x8525,charlesdaniels@example.com,United Kingdom,New Lauraborough,62478,16/03/2022
C9302627,Ashley,Mcdowell,1956-12-06,M,+1-228-908-3602,deboraharias@example.org,United Kingdom,West Cynthia,12528,2025-04-03
C4881980,April,Barber,1965-08-12,Other,499-397-7000x751,nancy20@example.net,England,Sarahview,51883,2023-03-12
C3391468,Nichole,Smith,1967-09-25,F,,rhudson@example.org,U.K.,Stewartbury,22374,2024-04-28
C6491875,Megan,Jacobson,1939-05-01,Other,575-917-3030,kingjulie@example.net,GB,Blankenshipchester,73584,2022-09-14
C5949536,Julie,Chavez,1950-05-15,NULL,(990)362-7410,qellis@example.com,United Kingdom,North Jaclynville,32993,2024-01-08
C5541966,Sean,Williams,2005-12-11,F,7435551401,mary82@example.net,United Kingdom,Wisechester,99730,2022-12-06
C4377066,Angela,Jones,1973-03-07,NULL,+1-937-823-7202x122,raymondwatson@example.com,England,Stephenstown,52357,2026-06-11
C6617208,Bernard,Richards,1993-06-09,F,279.456.3844x152,andrewatkins@example.net,England,West Janetbury,62538,2024-02-11
C4501131,Steven,Schmidt,1973-11-05,M,(637)723-1552x8349,osimmons@example.org,GB,Port Joshuamouth,18926,2022-12-17
C8548663,Donna,Black,1985-07-13,Other,(641)489-1311x025,angeljones@example.com,United Kingdom,East Lisa,45857,2025-10-16
C8657931,Walter,Herrera,1999-11-28,Other,001-847-641-4629x39611,lscott@example.com,UK,Brownland,11774,Yesterday
C6215304,Brittany,Walsh,1980-02-05,Other,459-775-1121x771,jasonosborne@example.net,GB,North Josephburgh,01043,04-24-2025
C4011566,Christopher,Andrews,1948-10-16,NULL,515-642-4474x820,wilsonneil@gmal.com,United Kingdom,Scottmouth,73518,2025-04-09
C5730167,Justin,White,1962-07-11,F,001-718-702-9208x6607,jwatts@example.com,U.K.,North Jeremytown,30814,2022-05-17
C3195532,Lauren,Guerrero,1957-02-07,F,489.398.7375x97511,ifernandez@example.org,England,Daveborough,07496,2023-10-11
C2817831,Michelle,Graves,1996-07-21,NULL,9273503146,garzaconnor@gmal.com,GB,Warrenville,57608,2025-07-31
C4802741,Matthew,Harvey,1982-10-08,M,3899931584,wbutler@example.com,England,Port Trevorville,61926,2024-12-10
C2169742,Anthony,Kim,1996-04-01,Other,(618)391-4251,william54@example.net,U.K.,Port Brittany,70385,2025-08-10
C5521742,Patricia,Madden,1974-11-27,NULL,506-887-7835,umartin@example.com,United Kingdom,Beardborough,28131,2025-12-05
C9680986,Christopher,Avila,1955-07-24,Other,982.976.0103,kevinbrown@example.net,GB,South Randallstad,48761,2026-05-06
C1945435,Sarah,Rhodes,1970-01-24,F,+1-294-586-6035x54142,ericrasmussen@example.com,U.K.,Matthewtown,03905,2024-01-26
C775885,Paul,Whitaker,2007-01-18,NULL,979-423-2412x2774,matthewberry@example.net,United Kingdom,South Brandonfurt,74997,2021-12-07
C622988,Courtney,Bass,1995-10-07,F,264.474.1383x272,jessicamyers@example.org,GB,Derekborough,65883,2025-07-29
C4727695,Andrew,Sparks,1993-12-12,Other,+1-321-205-2055,moralesmichael@example.net,U.K.,New Christinaburgh,84737,2025-01-02
C4965659,Tracy,Rodriguez,2000-10-22,NULL,001-955-568-3231,brownjustin@example.com,U.K.,New Philip,34201,2023-10-16
C1942477,Christopher,Sanchez,2006-05-09,F,(633)554-7267,brandon98@example.com,United Kingdom,East Ricky,64225,2023-02-25
C4376780,Wendy,Ferguson,1979-03-18,M,+1-382-481-4500,shannon69@example.com,U.K.,Crawfordview,73112,2024-12-11
C7967524,Jose,Michael,1995-07-21,M,908.365.8256x582,christopher98@example.net,United Kingdom,West Deborahhaven,92572,2024-05-26
C2195086,Elizabeth,Sherman,1976-10-30,Other,763-929-7335,cassandraingram@example.com,England,Reginamouth,99210,2022-09-20
C4998082,Cody,Hernandez,1957-01-30,Other,234.874.5327x3389,iroberts@example.org,United Kingdom,Danieltown,09836,2021-08-21
C6837020,Patricia,Ryan,2005-08-31,F,646-207-0584,jacob60@example.net,England,Hendersonville,02012,2021-10-23
C2938487,John,Silva,1970-07-20,F,340-327-8535,sandra15@example.net,U.K.,Caitlinberg,77012,2026-03-20
C1972893,Jose,Mccarthy,1973-06-15,F,(987)510-9260x674,abbottterri@example.com,U.K.,South Danielborough,56084,2023-03-30
C5870178,Laura,Wood,1997-09-07,F,8522877217,emily04@example.net,GB,East Tyler,32405,2025-10-21
C1367487,Chelsea,Thomas,2008-07-15,NULL,639.377.7821x622,connie67@example.org,U.K.,Walshtown,37745,2025-09-26
C2572265,Brian,Gonzalez,1980-03-16,F,001-555-221-6507x32503,curryjames@example.net,GB,Fieldston,20358,10/02/2023
C9686482,Michael,Erickson,1998-12-17,M,+1-345-205-5811,melissa65@example.net,England,Cherylstad,48501,2024-05-05
C4267595,Dan,Torres,1972-09-02,NULL,(635)402-3096x23888,ibaker@example.net,UK,East Brendafort,19761,2025-02-24
C7832105,Denise,Jackson,1993-06-24,M,(318)367-7694x09606,rachelmorrow@example.com,United Kingdom,North Lydiaport,33969,2021-10-04
C8149362,Jeffrey,Jones,1988-09-19,Other,505-271-2715x749,bryanchan@example.org,England,West Victoria,14590,2025-07-16
C8235294,Dana,Jackson,2000-03-21,NULL,623.506.6369,barbercatherine@example.com,U.K.,South Kevin,39417,2024-06-03
C4529838,William,N/A,1960-11-14,M,+1-521-813-7588,cvalentine@example.org,United Kingdom,South Nicholas,57079,2025-10-11
C9762519,Jared,Mcneil,1949-08-05,Other,517.213.4646,jknight@example.com,England,Bergmouth,56656,2024-10-22
C3168210,Gabriela,Parsons,1982-08-17,F,+1-515-603-4623x58430,jesus02@example.com,United Kingdom,New Gregoryberg,52407,2022-01-19
C3123360,Maria,Buckley,1969-08-18,M,(620)819-3185,lhill@example.net,England,Julianbury,89697,2025-11-14
C6398595,Steven,Davis,1942-12-06,Other,001-404-962-0561x92343,connorfisher@example.com,United Kingdom,Port Ralphfurt,88331,2023-11-28
C7261198,Leslie,Farmer,1994-03-24,M,001-856-215-6327x485,richardchen@gmal.com,U.K.,Wallacefurt,29459,2023-01-26
C5715584,Spencer,Greene,1999-10-31,NULL,3266537355,ronaldbenson@example.com,UK,Michaelfurt,63013,2022-09-15
C169110,Benjamin,Franklin,2000-07-15,NULL,(789)705-9076,brandon12@example.com,U.K.,Davidshire,61828,Tomorrow
C9057730,Danielle,Ochoa,1969-10-17,F,489.490.7409,tara67@example.org,GB,Sanchezview,94921,2025-03-21
C7108936,Claudia,Bailey,1965-10-20,Other,(564)741-7686,charlestaylor@example.net,United Kingdom,Port Jenniferfort,32396,2024-02-17
C7325233,Kimberly,Farmer,1996-06-06,F,+1-351-278-8017x11370,tannerthomas@example.org,U.K.,Cunninghamshire,38212,2025-03-28
C633035,Megan,Solomon,1956-12-13,NULL,(236)586-7226x54405,uwong@example.net,UK,Lindaborough,72067,2022-03-21
C1782891,Lisa,Kelly,1964-08-29,Other,+1-275-279-2862x86853,ssampson@example.com,England,Barbaraland,33811,2023-10-26
C2151639,Kimberly,Bryan,1992-07-24,NULL,949-303-3563,kennethgonzales@example.com,England,Jamesbury,35974,2025-01-25
C9985726,Amy,Woods,1945-02-02,NULL,(962)548-0957x44683,wgrant@example.com,U.K.,Edwinberg,77192,20220519
C9026772,Natalie,Clark,1989-05-10,F,001-695-602-8991x4016,gthomas@example.com,United Kingdom,Davisville,51994,2022-06-21
C2206995,Jennifer,Christensen,1963-01-10,Other,474.252.6229x93658,brandtjudith@example.net,GB,Harrisport,46716,2024-04-13
C7113086,Ashley,Powell,1981-04-02,F,247-941-5751x97066,kperkins@example.com,England,Port Amy,72473,2022-07-26
C2774966,Brandon,Haynes,2002-07-10,F,311.285.2517,allen53@example.net,England,Moodyfurt,97302,2023-05-08
C9247957,Jason,Richardson,1942-12-22,F,001-847-556-3133x867,tcruz@example.net,United Kingdom,New James,94803,2026-02-18
C5344294,,Boyle,1992-06-28,M,001-351-294-4331x53867,rodriguezcaitlyn@example.org,UK,New Robertview,03649,2023-11-05
C3996171,Mathew,Sullivan,1996-12-13,F,469-314-6892x19420,iwebster@example.net,England,New Jeremy,22037,2023-06-13
C6276192,Dwayne,Terry,1987-01-19,M,+1-972-350-2963,ljohnson@example.com,England,Deborahtown,80772,2026-06-23
C3889435,Melissa,Dunn,2000-01-12,Other,850.877.2096,hpalmer@example.com,England,Sherribury,11077,2025-12-04
C2926765,Rachel,Fernandez,2000-04-05,M,727-455-1816x955,robinsonnatalie@example.net,United Kingdom,Hawkinsville,29055,2022-04-08
C526353,Jessica,Patterson,1945-10-06,NULL,551-943-1281,martinkimberly@example.com,GB,New Taylor,95914,2024-04-15
C2269926,Steven,Huerta,14/05/1981,Other,763.253.0684x0526,michael07@example.net,U.K.,Smithshire,95702,2022-07-09
C6568124,Scott,Torres,1985-08-09,NULL,(629)844-4824x06822,lshaffer@example.net,England,Hughesfurt,67034,2024-04-25
C5710608,Rodney,Barrett,1939-06-01,Other,+1-876-720-7407x6894,nelsonveronica@example.net,United Kingdom,West Brian,28627,2023-07-28
C2961685,Ashley,Hamilton,1936-09-24,M,001-995-618-7277x992,moralesjennifer@example.org,England,Morganberg,25001,2023-01-29
C6413534,Danielle,Frazier,2001-08-23,F,+1-908-290-6824x26488,williamwalter@example.org,U.K.,Kimberlyshire,89620,2025-09-11
C3720820,Cristian,Torres,2006-10-02,Other,+1-393-641-3717x5038,todd93@example.com,GB,North Anthony,65469,2021-09-25
C191469,Cory,Grant,1961-01-25,M,696-378-2660,gloria53@example.org,England,Johnsonmouth,92930,2022-07-06
C607544,Thomas,Malone,1967-10-25,Other,259-559-0074,patrick96@example.org,U.K.,Amystad,18451,2022-05-02
C8069542,Charles,Thomas,1961-08-08,NULL,879-569-5494x6812,fcollier@example.com,GB,South Billystad,85411,2023-08-16
C764447,Jessica,Koch,1955-04-16,F,-,ryan49@example.org,England,West Patriciamouth,36157,2023-07-26
C9646073,Daniel,Moore,1992-01-07,Other,598-804-3167x7554,froach@example.net,GB,Brandtfort,68729,2022-07-31
C7114308,Brenda,Weaver,1996-06-07,NULL,253.743.7633x831,youngjames@example.net,U.K.,South David,54763,2024-04-04
C1057446,Barbara,Mcmahon,1935-09-01,F,853-597-4629x530,thompsonariel@example.net,UK,South Timothy,08833,2024-01-06
C8293389,Robert,Morgan,1959-03-23,NULL,(698)445-8297x5211,vanessa67@example.org,UK,Chrismouth,88986,2026-03-19
C7695432,Danielle,Knox,1981-09-25,NULL,685.396.1060,cynthiawebb@example.org,GB,Stevenberg,21579,2024-02-11
C5015586,Samantha,Bates,1983-11-23,Other,411-891-5947x678,mary75@example.net,U.K.,Ryanfort,62363,2024-12-06
C1867825,-,Herrera,2006-04-08,Other,001-783-662-1052x2389,thanson@example.com,United Kingdom,Lake Michael,30439,2024-02-23
C4758021,Jesse,Stephens,1964-03-16,Other,846-517-1888x4416,ortegachad@example.org,England,Franciscoberg,31494,2023-02-06
C7836530,Cheryl,Porter,1965-05-24,NULL,785-318-5510x5956,caroline39@example.net,GB,Paulport,77470,2026-05-12
C8960553,Justin,Silva,1971-07-18,Other,+1-301-944-4242x989,josephmorton@example.org,GB,Tonyberg,97585,157408789
C2410181,Robert,Tanner,2005-09-11,F,630-411-1514x35620,kellycole@example.com,England,West Jadetown,01084,2024-08-18
C6621391,Patrick,Williams,1944-12-29,M,(783)759-1596x622,daniel80@example.net,U.K.,Lake David,34558,2026-04-12
C3251501,Hannah,Suarez,1979-10-11,Other,+1-528-318-4111x8099,rowewayne@example.net,England,North Andrewshire,87670,315580292
C1264653,Lonnie,Hill,1978-10-23,NULL,001-696-363-7741x887,mitchellyolanda@example.net,England,Melissaport,03473,2022-12-04
C7167970,N/A,Lopez,1952-12-24,F,,mccallcarl@example.com,England,North Michaelville,10162,2025-08-23
C4524047,Mark,Price,1998-10-10,NULL,001-967-256-7183x5982,elliotttanya@example.org,GB,West Erinton,61839,2025-10-16
C824344,Nicole,Martinez,1990-01-03,NULL,410-270-1884x24905,yvonnehouse@example.org,U.K.,Port Robert,15676,2023-05-15
C6815682,Joyce,Hicks,2006-05-23,M,(691)840-8182x7323,alexisbennett@example.net,England,Lake Brandonfurt,48628,2023-08-24
C4969360,Ashley,Kane,1984-12-12,Other,(524)629-5362x2693,gjohnson@example.com,United Kingdom,Port Johnhaven,02568,2022-06-13
C8695458,Michael,Mcdaniel,1952-06-17,Other,(369)897-6408x093,roblescynthia@example.com,England,South Teresamouth,64016,2021-08-13
C3155909,Molly,Hicks,1957-03-29,NULL,214-855-7598,yvettecobb@example.com,U.K.,Brandonville,31213,2026-06-09
C3886659,Toni,Dennis,1968-11-25,Other,001-587-548-5747x27783,ruthsmith@example.com,England,South Aaron,36869,2023-04-16
C531340,Tiffany,Chavez,1998-11-12,NULL,6102900605,lmosley@example.com,U.K.,Alexahaven,51681,2026-03-11
C8279073,Jessica,Garrett,1955-07-17,M,601-431-4584x1348,david99@example.com,UK,Susanburgh,86091,2025-11-30
C6902025,Elizabeth,Cantu,1953-01-18,NULL,7448085421,kherman@example.org,UK,South Wesleyland,69871,2022-05-29
C7339686,Reginald,Mendoza,1956-06-30,NULL,(717)352-6851x34366,erika08@example.net,UK,Richardburgh,01214,2024-01-12
C164357,Michael,Campbell,1969-02-15,NULL,+1-509-752-1156,elizabethmartin@example.org,United Kingdom,Duncanfurt,30780,2025-09-13
C3251402,Douglas,Jones,1971-08-10,F,441-990-1856x3338,cjenkins@example.org,U.K.,Evanburgh,28746,2024-06-15
C9729702,William,Lopez,1947-04-23,M,431.767.7730,watsonmargaret@example.org,UK,Lake Vincent,09241,2024-08-14
C4347176,Kristen,Lara,1951-09-21,M,+1-599-413-8348x63511,rcummings@example.net,GB,Reneeburgh,08743,2025-10-31
C7268051,Justin,,1996-11-14,F,+1-234-916-8782x53463,foxcharles@example.org,U.K.,New Robertburgh,01331,2026-06-20
C802501,Shelley,Macdonald,1991-10-15,Other,001-884-645-6597x891,davidcox@example.org,United Kingdom,East Robert,35542,939860954
C4655169,Rachel,Merritt,1964-06-28,NULL,001-745-264-0833,gonzalezkiara@example.com,U.K.,Barnesfort,79804,2026-01-31
C7000729,Brittany,Harmon,1967-04-25,NULL,001-287-925-5449x19406,elizabethrich@example.com,UK,Jamesport,68043,2023-03-01
C1711810,Melissa,Carey,1974-06-13,Other,+1-307-506-9635x453,delgadojenna@example.com,UK,North Williamton,22971,20241201
C9105101,Jennifer,Wood,1985-12-29,Other,+1-229-901-5357x867,bryan24@example.org,GB,Schroederstad,57592,2026-03-30
C7926714,Caleb,Lewis,1978-06-01,F,949.487.5648,watkinskayla@example.org,England,East Andrewton,86718,2024-09-14
C7616758,Patricia,Reynolds,1946-10-08,NULL,352.373.5281,lisa72@example.com,U.K.,Lake Joshuastad,77273,2022-08-14
C4734000,Nancy,Butler,Tomorrow,M,+1-382-951-8376x8143,guzmanernest@example.com,GB,Mcgrathmouth,21589,10/06/2024
C1816545,-,Ford,1996-04-08,M,839-371-9890x1517,leah52@example.net,England,Port Howard,08697,2025-10-07
C37862,Stephen,Watts,1961-03-01,Other,709.682.2841x945,walkerbrian@example.org,UK,New Albertshire,29116,2023-04-12
C9639957,Gregory,Blevins,1949-12-29,NULL,+1-414-604-8137,omar43@example.net,UK,Sandraport,84675,2024-08-28
C271114,NULL,Palmer,1999-05-23,F,N/A,hjones@example.net,UK,New Pamstad,85481,2022-02-25
C4918118,Daniel,Smith,24/06/1945,M,(238)511-5954,erica59@example.org,U.K.,New Kimberly,41805,2023-07-29
C4141966,Carolyn,Jones,1985-03-19,F,944.991.6849,tabithawhite@example.org,United Kingdom,East Philipport,34763,2024-03-19
C4130374,Ryan,Gonzalez,1944-05-09,M,(415)982-4645,hensonlogan@example.net,England,New Johnfort,98515,2022-04-25
C7642947,Eric,Mejia,2000-06-06,NULL,001-239-294-3571,susan82@example.org,U.K.,Peggyton,32506,2023-11-02
C6032881,Anthony,Mayo,1964-11-09,M,757-495-7098x952,jrivera@example.com,UK,West Anthonyberg,16454,2026-03-28
C6296258,Christy,Walker,19820710,NULL,001-389-589-6020,patriciabrown@example.net,UK,Monicashire,22962,2021-09-29
C461339,Christina,Rivera,1994-01-04,Other,4628009583,tara35@example.net,United Kingdom,Port Troy,87338,2021-12-10
C3731776,Kevin,Ryan,1971-07-18,M,(518)646-6981x125,kelsey68@example.com,U.K.,East Karashire,90704,2026-06-18
C6342740,NULL,Lee,Tomorrow,M,001-609-217-1760,murphyandrew@example.com,GB,Holmesmouth,43096,2024-07-14
C3789585,Melissa,Fuller,2006-11-04,F,910.511.2791,timothy17@example.net,England,Christopherhaven,61237,2022-06-22
C657062,Anthony,-,1998-04-09,NULL,639.615.3008x706,richardthompson@example.org,UK,Jamesside,26309,2022-07-18
C6623519,Alicia,Day,1959-09-26,F,418.897.1793x253,jennifer74@example.org,GB,New Amber,21619,2023-06-16
C1853934,Samantha,Underwood,1998-03-30,Other,375-590-7325,stephen34@example.com,U.K.,Gardnerberg,23914,2024-08-11
C5764333,Brenda,Vincent,1951-03-17,F,001-330-485-4683x372,cfisher@example.net,UK,East Christinaborough,46808,2025-03-27
C7015229,Andrew,Avila,1937-01-22,NULL,703.810.5424x434,lcollins@example.org,United Kingdom,New Jennifer,10713,36482863
C4167248,Frank,Charles,1969-11-19,M,4082688135,chaneyelizabeth@example.com,UK,Port Trevorton,07675,2021-10-01
C9669915,Brandon,Moreno,1973-08-02,F,+1-379-957-7538x80259,benjaminwiley@example.com,England,Millerland,54217,2023-06-03
C8752228,Edward,Hernandez,1992-07-28,M,+1-813-543-6338x243,jasmine44@example.org,UK,Martinezborough,44203,2022-10-30
C4514700,Jackson,Hatfield,1945-09-16,F,552.442.7411x5475,fernandezjeffrey@example.org,U.K.,New Kennethtown,64198,2022-02-18
C3740360,Kelsey,Ramirez,1981-10-28,NULL,+1-381-648-0332,teresa12@example.com,UK,Lake Debrachester,43941,2023-11-07
C2097384,Donald,Camacho,1983-01-19,Other,(386)473-1810,alexaconley@example.con,England,Lake Jamestown,19935,2022-02-07
C3454655,Benjamin,Miller,1957-05-16,M,001-720-581-8789,melissasmith@example.com,UK,Guerrerohaven,24686,2024-02-24
C327110,David,Olsen,1945-06-20,Other,438.861.3098,dmejia@example.com,England,Williamsberg,22772,2025-10-10
C1828418,Daniel,Williams,2003-02-21,F,(267)577-4956,brianmyers@example.com,GB,East Andrewstad,97372,2022-06-20
C5636119,Amber,Berry,1985-09-08,NULL,778-291-4553x57794,anthonyfarrell@example.com,UK,West Thomasbury,74269,2021-12-20
C7265635,Christopher,Wilson,1986-09-20,NULL,001-716-325-1832x305,amybarnett@example.com,GB,East Robinville,33927,2022-12-31
C5071873,Ashley,Henry,1949-10-16,NULL,+1-774-587-7358x20358,laura56@example.com,England,Jamesstad,21745,2025-07-07
C4420623,Rodney,Mckinney,1997-09-07,M,001-385-695-1593x4282,dhopkins@example.net,U.K.,Duranville,59058,2023-01-30
C9710331,Anita,Gonzales,1941-05-13,Other,001-366-285-5332x893,lisagonzalez@example.net,GB,Jacksonton,94302,2022-12-20
C870050,Daniel,Wyatt,1961-12-23,M,+1-468-369-3027x88576,josephroberts@example.org,UK,Port Noahburgh,39542,2022-02-07
C693027,Connie,Huff,1945-12-26,F,682-296-4864x033,michelle36@example.org,GB,Smithborough,37089,2023-11-15
C119627,Robert,Anderson,1986-08-08,Other,(975)850-0241,sarah29@example.net,GB,North Larry,32642,2021-11-01
C4610632,Elizabeth,Harris,1954-05-20,NULL,447.278.1518,haguilar@example.net,GB,Lake Diana,85229,2025-05-29
C6020726,Brian,Campbell,1945-02-23,M,(376)225-0758x3554,zdixon@example.org,GB,East Brandon,87565,2024-01-17
C6104795,Christina,Duncan,1942-07-18,Other,399-696-7003,georgestephen@example.net,England,Kimberlymouth,13996,2024-09-11
C2236535,Donald,Williams,1996-12-27,M,+1-259-827-0573x82964,donna28@example.org,UK,Angelicaland,71261,2023-08-08
C5476757,Susan,West,1959-09-14,M,Unknown,rtate@example.com,United Kingdom,Jessicaberg,53318,2022-09-15
C1319359,Michael,Cole,1949-08-28,NULL,(612)218-1359,briana45@example.com,United Kingdom,Elizabethborough,51754,2022-09-02
C4177944,Angela,Graham,1980-08-15,Other,+1-337-528-8461,sreynolds@example.net,U.K.,Justinfurt,16810,2026-03-28
C5848243,Danielle,Wolfe,1999-12-13,M,001-931-338-5282x570,monica20@example.net,U.K.,Piercetown,65875,2024-06-22
C9410020,Dylan,Dixon,1961-03-12,F,654-220-8156x645,gregorymcclure@example.net,England,Richardsstad,08439,2024-12-21
C830986,Isaiah,Scott,1994-05-22,M,2292110041,joseph09@example.org,UK,Smithstad,52856,203424981
C8596783,Nathan,Cameron,1977-09-27,F,(896)977-6298,fallen@example.org,GB,Meyerton,99254,2026-07-29
C7980601,Deanna,Bennett,1993-03-16,F,669-489-7166x24467,brandon99@example.net,GB,West Davidland,79079,2023-07-08
C7675503,Regina,Gonzalez,1997-02-21,M,6072929453,michelle97@example.com,U.K.,New Preston,66621,2023-12-03
C2492110,Tyler,Tran,219869329,M,(250)907-9752x49813,gjackson@example.com,GB,New Mary,08233,2024-06-22
C486677,Lauren,Green,1940-04-22,Other,001-496-844-5236,wardcaleb@example.org,United Kingdom,West Jeremy,86740,2022-01-17
C9481483,Lisa,Bryant,2001-03-02,F,(758)935-8909x37392,jennifer72@example.net,GB,South Anthony,73423,2024-06-12
C5020026,Brian,Pratt,2008-05-22,Other,+1-303-321-9557x5795,jason14@example.net,U.K.,Ortizville,88174,2025-04-05
C4459768,Alyssa,Kent,1978-08-17,M,894-253-3968,trevorgarcia@example.net,United Kingdom,Cruztown,57942,2022-03-26
C5821082,Nathaniel,Hayes,1973-12-06,Other,001-725-931-4667,susandelgado@example.net,United Kingdom,West Oscar,34376,2023-05-27
C5924160,Michele,Cox,1962-09-07,Other,222.390.9340,briancruz@example.net,United Kingdom,New Reneeburgh,90750,2024-02-21
C5845264,Sarah,Miller,1964-01-10,F,473-700-7333x3452,vdoyle@example.org,United Kingdom,New William,49248,2023-11-27
C9211286,John,Costa,1958-12-12,F,(746)640-5477,jonesjoel@example.net,England,Port Josephberg,85660,2024-04-28
C6405813,Jason,Lucas,1989-03-28,NULL,594-944-2394,brockcassandra@example.org,U.K.,Johnfort,58004,2025-11-20
C1077008,Janet,Thomas,1986-12-12,M,+1-783-649-4699x64619,hpruitt@example.net,UK,Micheleberg,86276,Tomorrow
C5260911,Jessica,Miles,1975-08-08,Other,501.824.7137,katherine05@example.com,United Kingdom,North Dustin,62195,2022-02-14
C3708335,Robert,Harrington,1955-04-26,NULL,975.777.1443,ccox@example.net,England,Melissaport,67879,2026-06-28
C4326283,John,Boyd,04-15-1972,M,001-201-254-9290x81998,julianbray@example.com,England,Port Michaelburgh,41375,2024-06-19
C3897499,John,Clark,1986-07-20,Other,(953)465-7952,lrose@example.com,GB,Chrisbury,46296,2025-03-21
C9607087,Nicole,Johns,1956-11-17,Other,(442)994-6527x8804,brianhenderson@example.net,United Kingdom,Garymouth,10762,2022-05-12
C1238853,Nicholas,Brooks,1940-03-25,Other,001-845-815-2276x3574,timothytaylor@example.org,U.K.,Tammieport,96187,2023-10-07
C6640322,Judy,Medina,2008-01-14,Other,206.637.5890x27602,charles62@example.com,United Kingdom,West Michelle,97736,2025-12-08
C6438315,Jacob,Watkins,1979-02-18,Other,751.433.2485x07180,sullivanmaria@example.net,GB,South Paul,91522,2022-09-02
C5029347,Brenda,Duffy,1943-12-22,NULL,001-952-419-5905x377,mperry@example.org,GB,Greenstad,14082,2026-07-06
C192542,Sherry,Green,2007-05-03,M,644-389-6365x236,bburke@example.org,U.K.,New Alberttown,23753,2025-11-16
C4418794,Justin,Harris,2002-01-09,NULL,753-304-3868,jacob64@example.com,United Kingdom,Ericborough,90207,2022-10-31
C4673415,Danny,Hood,1975-12-02,F,4154653551,griffinthomas@example.net,GB,East Mary,66325,2024-05-03
C7946714,Cindy,Rhodes,1941-12-17,Other,NULL,robinsonjanet@example.com,GB,East Brittanyburgh,52188,2026-02-11
C4066320,Andrea,Adams,1981-04-10,NULL,(873)465-1511x07637,brittany47@example.net,U.K.,West Lynnton,87710,2022-05-03
C1563353,Dana,Stone,1984-06-11,M,885.349.5179x290,cwest@example.org,U.K.,Port Tami,59849,2025-09-09
C6086793,Emily,Green,2005-06-25,NULL,001-338-591-4212x7845,moodyjoseph@example.org,England,West Brittanyburgh,43553,09-01-2024
C7037647,Hunter,Johnson,1982-01-17,M,769.417.8594x9724,hdunn@example.org,UK,Hallview,64397,2021-12-31
C7590691,Laura,Holt,1980-01-19,Other,860.711.1503,jessicaprice@example.org,GB,West Emilyport,18393,2026-05-14
C8141960,Tanya,Hernandez,1972-12-24,NULL,001-235-820-5002x97093,colleenperez@example.net,United Kingdom,Michelleland,15964,2024-10-24
C4246480,Savannah,Smith,1959-08-01,Other,(249)753-2657x36013,elizabethhopkins@example.com,GB,Lake James,76827,2022-06-04
C1325881,Bryan,Craig,1966-03-05,F,529-884-3682,lwoodard@example.org,England,New Laurie,89803,2022-05-21
C854818,Mark,Osborne,1954-11-17,M,001-450-853-3175,montesmary@example.org,England,South Kristinfurt,61224,2025-01-19
C2384200,Gregory,Thomas,2002-07-22,F,N/A,tburns@example.com,GB,East Eric,66537,2025-05-03
C7134681,Jeanette,Smith,1942-11-15,F,737.656.8784x1909,candacebond@example.net,U.K.,Bowmanborough,05110,2022-06-04
C1968571,Tanya,Mitchell,1978-12-25,Other,-,williamskimberly@example.org,U.K.,Christopherland,99210,2024-04-20
C6535645,James,Browning,Tomorrow,Other,791-972-3797,kellystone@example.net,GB,North Dakotastad,63482,2021-10-14
C1674767,Timothy,Floyd,1938-07-20,Other,001-585-567-8040x2190,nathanielbrown@example.org,GB,Melissaview,70464,2021-08-21
C8153273,Tiffany,Perez,2008-05-28,NULL,557.393.3122x02956,gflores@example.com,GB,Port Lisa,45312,Tomorrow
C3106944,Sandra,Rivera,1941-05-29,NULL,751.658.1445,hillsusan@example.org,U.K.,South Michaelborough,44386,2026-01-01
C4943694,Michael,Waters,2006-07-03,M,201-487-3373x0223,jennifercoffey@example.net,England,Smithton,22103,2024-02-19
C8938761,Donna,Wood,1967-06-02,M,426-583-9561,rhorton@example.org,GB,Zavalamouth,43255,2023-04-28
C7762265,NULL,Hughes,06/05/2003,M,422-777-7489x79754,lsmith@example.com,England,South Peterville,52746,2025-11-18
C8150091,Richard,Mueller,2006-11-09,M,+1-721-287-7859x541,ethompson@example.org,England,Bethmouth,55382,2025-07-17
C5531665,Peggy,Lawson,1939-04-20,NULL,001-674-592-0986,jennifer75@example.com,GB,Port Nicolefurt,30626,2023-08-23
C4368315,Ann,Gomez,1963-05-20,M,557.730.0896,sethbyrd@example.net,England,Nicholsland,72595,2026-03-09
C9993861,Ashley,Oliver,1962-12-30,M,528-597-9166x3450,george96@example.net,GB,Dustinburgh,04892,2023-03-18
C9867784,Scott,Luna,1998-11-07,NULL,(307)656-0629,taylorcampbell@example.com,England,North Richardmouth,20757,2024-09-14
C2451188,Justin,Berger,2000-10-29,NULL,2149708140,johnkoch@example.net,GB,East Matthew,09528,2022-10-05
C8649520,Chelsey,Walker,1981-11-17,Other,884-243-2750,cassandrasanford@example.org,United Kingdom,Lake Haleychester,83970,2024-01-26
C5152787,Melissa,,1956-06-12,M,767-556-8105x3121,courtneyhowe@example.com,U.K.,Vincentmouth,96431,2021-12-31
C1603889,Kenneth,Estes,19530814,M,342-512-6634x788,isheppard@example.com,UK,Port Stephanie,76501,2026-01-25
C6176318,Paul,Smith,1979-08-14,F,375.404.5600,sarah39@example.net,England,Port Michael,56062,2024-04-27
C9025981,Kimberly,Green,1999-12-19,Other,400-836-7663,tiffany81@example.com,United Kingdom,Chenborough,87114,2022-07-10
C9201111,Walter,Walker,1975-10-09,M,9288547283,nwalker@example.com,U.K.,Tammieside,70475,2026-06-01
C6779441,Kelsey,Burgess,2000-11-06,NULL,562.515.1431,michael26@example.com,United Kingdom,Ryanmouth,08286,2022-11-04
C9713910,Patrick,Garcia,1951-10-24,NULL,001-705-580-9313x83641,bsanchez@example.net,England,Lake Amanda,38794,2026-03-18
C9608220,Angela,Kelly,1988-12-25,Other,+1-602-450-0600x45062,yfisher@example.net,England,Davidborough,86383,2024-05-09
C660649,Megan,Rose,1942-12-14,Other,001-366-587-0296,hunter27@example.org,U.K.,Juanfurt,10327,2021-12-26
C8582386,Robert,Ryan,1938-08-27,M,272.920.6964x9873,michaeltaylor@example.net,United Kingdom,Evansshire,61756,2025-12-19
C4483193,N/A,Thomas,27/01/1986,Other,(436)555-3977x293,yjones@example.com,United Kingdom,Robertbury,25467,2022-12-19
C3669035,James,Smith,1981-05-27,M,966.567.0235,sandovalcynthia@example.com,England,Donaldton,52395,2026-05-11
C1500368,Kelly,Diaz,2000-05-31,F,(978)459-7253x779,kevin59@example.com,UK,Martinezburgh,35765,2025-11-10
C4641712,Kimberly,Hughes,2005-05-18,Other,001-458-888-1204x850,rmay@example.org,United Kingdom,South Adam,27898,2022-11-02
C6898077,Sarah,Johnson,1989-08-11,M,+1-319-511-4826x762,hstewart@example.org,United Kingdom,East Julia,79335,2024-02-04
C3018199,Tyrone,Hess,1947-05-29,NULL,(522)547-8550x845,vharrison@example.net,England,Anitaside,27691,08-07-2025
C2601368,Ryan,Allen,1968-08-06,M,001-782-850-4292,alexisbarnes@example.com,United Kingdom,West Eric,48565,2024-11-28
C3284171,Sean,Ferrell,1954-06-04,M,(926)879-9544x559,markforbes@example.org,England,Amandaview,31013,2022-10-04
C563468,Juan,Parrish,1952-04-30,M,+1-883-239-6961,showard@example.org,United Kingdom,South Jonathan,04285,2024-05-06
C1782436,Cassandra,Nichols,2007-02-11,NULL,457.283.6110,matthew88@example.org,United Kingdom,Larsonland,51392,2024-06-24
C2145481,Sara,Harmon,1974-06-23,Other,(930)506-5564,martinharold@example.com,GB,Willisview,66994,2022-04-25
C3063251,Richard,Garcia,2008-04-22,F,573-226-6251x769,nelsonbrittany@example.net,U.K.,Port Amandaburgh,84072,2022-11-13
C8965190,Yolanda,George,1962-06-14,M,6117261667,thomasbradley@example.org,GB,South Brian,01347,2025-05-29
C2432910,Stephen,Cole,1949-01-24,Other,(707)631-0103,mlarsen@example.com,U.K.,Nathantown,84416,Yesterday
C7616212,Christina,Lane,1939-11-24,NULL,+1-678-408-0505x7585,zcollier@example.net,UK,New Bobbyfort,75399,2023-08-16
C7289240,David,Johnson,1966-04-10,NULL,N/A,krystal43@example.com,United Kingdom,Sarahtown,91375,2025-07-22
C3275449,Ashley,Johnson,1946-06-03,M,482.225.4011,ucarroll@example.net,UK,Jeffreyton,31431,2022-08-28
C4480531,Amanda,Coleman,1996-04-02,F,001-615-377-4848x5829,kimberly35@example.com,United Kingdom,East Joshuaburgh,41852,2024-01-21
C1619946,Amy,Quinn,1954-05-14,M,001-767-227-2734x81761,morenochristina@example.com,England,Quinnport,55979,2023-05-12
C3219091,Justin,Rosario,1948-07-22,M,001-414-254-0933x2121,rogersandrew@example.net,United Kingdom,Stephanieton,03293,2022-01-05
C2769663,Christian,Bryant,1941-11-08,NULL,(570)657-0663x769,sherri54@example.org,England,West Jonathonside,39168,2023-12-06
C6360220,Alexandra,Green,1937-04-21,NULL,8484716729,april16@example.org,UK,Lake Darrell,87797,2022-12-03
C7877503,Thomas,Little,1976-10-14,NULL,(266)754-3145,scottchristian@example.net,GB,Donaldside,24321,2024-01-26
C7372225,Kristin,Osborn,1937-09-02,Other,(746)285-5860x0798,andrew08@example.org,U.K.,Bartonmouth,77495,2024-01-18
C4624156,Cathy,NULL,1981-09-10,F,(352)919-7733,andrewmatthews@example.com,UK,Maryshire,74073,2025-11-24
C9086067,Justin,Lawrence,2001-10-12,F,,abrown@example.com,UK,Matthewchester,31977,2024-01-13
C9907234,Eric,Lee,1941-03-15,F,(590)386-2608,holly04@example.com,England,Stevenfurt,39947,2026-04-01
C4181603,Megan,Jones,1968-01-06,F,965-601-6820,tjohnson@example.net,U.K.,Duncanville,34731,Yesterday
C1934454,Brian,Frye,1971-05-12,NULL,001-429-392-9692x18458,bryanevans@example.net,U.K.,South Jessica,56683,2026-08-01
C752713,Jordan,Johnson,1945-07-20,F,526.441.7945x40003,zachary94@example.com,GB,New Donald,22077,2026-06-02
C4794959,Richard,Martin,2007-03-22,M,634.935.6959x6328,elizabethflores@example.com,England,Rosechester,85823,2021-09-07
C9772897,Crystal,Adams,1944-03-16,Other,(355)287-4158x6822,hancockkathleen@example.org,England,North Sarah,83529,2026-02-18
C2926983,Sherry,Delacruz,1945-07-17,F,286-830-0588,frank14@example.com,U.K.,Lake Williamchester,64612,2025-03-30
C6580354,Jason,Lopez,1936-09-07,F,+1-284-238-7998x05762,jademercado@example.org,England,Davistown,57447,2024-04-16
C3911308,Laura,Campbell,1989-08-12,Other,,wturner@example.net,GB,East Angelamouth,60477,2022-05-25
C1199818,Cynthia,Weber,2005-03-02,F,686-672-5093x57826,lesliecoffey@example.net,UK,Port John,25440,2023-04-03
C2663824,Cody,Brown,1953-01-04,F,001-471-585-1891,amanda30@example.com,U.K.,North Christopherville,89600,2023-12-05
C818681,Angela,Johnson,1997-10-15,Other,(429)685-5193x886,codyallen@example.net,UK,Lake David,06315,2023-10-12
C4875549,Brittany,Nguyen,1945-09-10,M,(695)347-3605x524,margaretatkins@example.com,UK,Sheaborough,71599,2023-07-31
C613965,Brandon,Fisher,1943-12-02,F,(275)430-4820,jeffersongeorge@example.org,United Kingdom,Janiceberg,30237,12-13-2022
C2047662,Brooke,Huang,1937-10-18,F,735.879.6122x10135,kristinrivera@example.org,United Kingdom,Wendyside,77414,2024-08-14
C7799818,Michelle,Everett,1969-11-20,NULL,+1-799-945-3659,zhoward@example.net,England,New Matthewport,66655,2023-01-21
C9455612,Isaac,Murphy,Tomorrow,NULL,548.629.8295x58698,cwalters@example.com,U.K.,Bakerchester,38124,2026-01-27
C82114,Craig,Sanchez,1970-09-23,F,458.800.9405x71888,mle@example.org,GB,Gregoryport,79296,2024-10-27
C1543666,Theresa,Daniels,1956-06-28,NULL,+1-687-840-2491x14897,thomas80@example.com,GB,Lynchchester,18097,2022-03-18
C6768005,Corey,N/A,1987-06-05,Other,(931)943-9436,michael09@example.org,United Kingdom,Port Latoya,85735,2026-04-17
C9583534,Jill,Taylor,1967-03-13,NULL,+1-900-439-3065x8169,sharonstewart@example.net,UK,Ashleystad,84357,2023-10-01
C8869883,Roy,Humphrey,1997-06-18,M,001-220-464-8926x629,millertheresa@example.com,U.K.,Port Colton,18534,2023-07-26
C6912670,Crystal,Mitchell,1967-11-15,F,804.506.5230x2468,tonyabaker@example.net,United Kingdom,Lake Jessicamouth,22290,2023-11-11
C4170297,Angel,Potter,Yesterday,F,(557)845-3800,allenerin@example.org,England,New Brett,85465,2022-01-27
C1045941,April,Henry,1947-05-30,Other,001-297-991-7666x836,wilsonthomas@example.com,United Kingdom,Priceland,02402,2023-04-10
C3512195,Nancy,Elliott,1992-04-21,F,856.954.1349,christine40@example.org,GB,Carolineburgh,03470,2022-06-10
C490828,Jonathan,Parker,1967-11-07,M,394.309.1854x93452,jacob15@example.com,England,Tinaview,49844,2021-11-21
C5966208,Annette,Turner,1978-10-28,F,+1-684-950-8566,patriciahudson@example.com,U.K.,New Robertmouth,95160,2023-02-18
C990618,Brent,Wright,1947-10-15,F,7844576447,huberjohn@example.net,U.K.,North Allenburgh,20566,2023-02-23
C2974240,Jason,Curtis,1952-03-08,M,818-941-6147x77995,scott25@example.org,U.K.,Patriciaville,23650,2021-12-07
C3543333,Christopher,Reed,212007067,Other,+1-425-922-2407,schmidtethan@example.org,UK,East Anthony,93577,2023-10-01
C5343391,,Dickson,1945-03-20,M,(986)801-1021x7844,brose@example.org,UK,Reedville,09204,653613881
C1708035,Cory,NULL,1988-09-19,F,+1-295-905-8016x66650,david02@example.net,UK,Michelleburgh,86197,2026-02-17
C7579960,Alicia,NULL,1959-03-18,Other,+1-621-528-3279x615,paula41@example.org,U.K.,South Laura,21766,2022-02-13
C4854978,Jose,Hernandez,1993-09-28,M,268.393.2267,hillryan@example.net,U.K.,Benjaminview,49852,01-03-2024
C746022,Tonya,Mcgrath,1957-07-03,Other,+1-806-397-0592x04510,mrobinson@example.org,England,Mooneyton,85987,2023-04-04
C6717645,Briana,,1971-03-22,NULL,693-796-8689x160,mcontreras@example.com,United Kingdom,Jonesberg,69861,2022-03-11
C4984917,N/A,Bailey,1967-08-25,NULL,(958)217-4637x7366,kmosley@example.org,GB,Lesliefurt,45027,2022-02-22
C1119217,Katrina,Stone,1986-09-01,NULL,875.294.3596x6956,andersonstephanie@example.net,UK,East Matthewview,76521,2024-01-03
C2364949,Alyssa,Webb,1982-02-15,NULL,695.558.7683,meredithmoore@example.org,U.K.,Mcgeeton,29570,2022-02-11
C7643912,Pamela,Cisneros,1955-01-11,NULL,(284)886-2204x52772,ldavis@example.org,GB,Hatfieldshire,64378,2024-08-11
C9551975,Julie,Stephens,1951-08-31,NULL,-,mckinneyapril@example.org,England,South Richardview,81588,2026-02-04
C2615367,Jeffrey,Garcia,1940-04-14,Other,+1-679-609-2479,christophertyler@example.com,GB,Karinamouth,12062,2025-12-08
C7110200,Morgan,Giles,1939-01-27,NULL,284-743-5243,fieldscrystal@example.com,GB,South Cynthia,88737,2022-08-31
C8467716,John,Roman,1969-12-02,Other,944.607.4874x8678,joanne64@example.org,United Kingdom,Christinatown,50789,2024-01-21
C9964097,Stephanie,Pierce,1999-11-10,NULL,408-975-8948,brian36@example.org,England,East Joshua,84920,2024-12-13
C1379205,Samantha,Gallegos,1962-08-23,M,607.248.9050x6682,bakerdonna@example.net,GB,Ewingberg,56602,2024-08-13
C7678435,Amy,King,2006-01-09,Other,+1-458-626-6500,patricia04@example.net,United Kingdom,Bonnieland,20602,2023-01-27
C7027872,Christopher,Peck,2007-04-29,F,(653)652-2256x9375,joshuarivera@example.org,U.K.,Katherinefort,58739,2024-08-14
C9150122,David,Bridges,1997-07-15,NULL,+1-798-541-6905,cherylperry@example.net,U.K.,Kaitlinshire,64046,Yesterday
C1177809,Russell,Walters,19930111,Other,984-213-1120,cooperrobert@example.net,GB,Ericafurt,99606,2023-05-10
C2941074,Colleen,Carlson,1961-03-04,NULL,(276)844-2863,jmcintosh@example.com,United Kingdom,Waltersmouth,45735,2025-11-12
C3493762,Joshua,Ward,07/07/1990,M,8414314780,sherrymedina@example.com,England,East Keith,11277,2023-07-05
C8407664,John,Heath,1954-02-03,F,4936857912,racheldillon@example.net,UK,Port Emilystad,90053,2022-02-18
C5038244,Anna,Patton,1954-03-05,M,(937)740-9564x2194,aaron37@example.org,United Kingdom,North Waynefurt,54496,2021-10-20
C4747203,Steven,Ponce,1947-07-23,M,428.563.6502x5035,amanda66@example.org,England,Sellersmouth,36282,2023-02-14
C2334251,Renee,Valencia,2001-04-19,M,+1-775-394-9531x0793,darrenmcdonald@example.net,United Kingdom,East Ann,34049,2025-02-20
C3053992,Melanie,Benson,2004-08-15,F,645.984.7632,tbaker@example.net,GB,Teresamouth,21574,2022-09-13
C2860171,Tracie,Pierce,1980-02-05,Other,+1-741-945-9562x2575,tracypowell@example.com,UK,New Cliffordbury,47163,2024-08-14
C2605694,Michael,Lopez,1978-04-29,M,814.793.4271,emolina@example.com,GB,Ashleymouth,77414,2025-11-06
C6502481,Franklin,Williams,1937-03-17,F,696.256.9967x6765,ashley52@example.net,U.K.,Lesterhaven,76961,2025-08-07
C3011209,Steven,Price,1936-07-20,F,001-494-707-1036,garciajohn@example.com,UK,Makaylastad,94828,2025-03-20
C7172672,Catherine,Castillo,2005-09-27,NULL,+1-368-602-3574,tinathompson@example.net,U.K.,Terrichester,62974,2021-10-22
C5774847,Samantha,Smith,2003-08-01,M,001-570-202-2767x330,tiffany95@example.net,United Kingdom,Danielville,48739,2023-11-29
C8636870,Jason,Travis,1942-03-23,Other,001-500-636-0994x337,michaelnelson@example.net,United Kingdom,Lake Jasminestad,03796,2023-09-11
C7471431,Gwendolyn,Martinez,1951-10-13,NULL,(626)512-6573,longsarah@example.org,U.K.,Port Kimberlyside,05755,2022-09-13
C172570,Anthony,Long,1973-03-26,F,828.449.6235,ksmith@example.org,England,Donnaberg,09802,2026-02-18
C3870117,Robin,Watts,2000-09-24,M,001-311-968-0484,allenbishop@example.org,GB,Phillipchester,59386,2026-07-31
C2555423,Raymond,Walsh,1989-02-22,M,776-504-3507x3686,reneeanderson@example.com,GB,New Erinborough,47631,Tomorrow
C7936028,Scott,Jordan,1978-07-11,M,798.623.5961,danawhite@example.net,UK,Stacymouth,88830,2022-04-11
C4275333,Nicole,Johnson,1960-06-20,F,229.606.0723,aneal@example.org,GB,Garzachester,85266,2024-07-26
C5455193,Justin,Powell,1958-09-16,NULL,307.540.8930x93623,bryanjimenez@example.net,GB,Candicebury,12744,2022-08-27
C1188155,Crystal,Ray,1991-04-17,F,760.653.3132,jenniferchang@example.com,U.K.,Davismouth,78272,2022-05-08
C4348966,Cindy,Harvey,1987-01-07,M,001-476-757-3600x050,tammyowens@example.com,UK,Lake Diana,12525,2024-11-03
C6006432,Kyle,Sanders,Tomorrow,F,+1-540-620-6030x55464,jay66@example.net,United Kingdom,New Aaronton,83597,2023-01-13
C7072296,Robin,Wood,1941-05-29,M,3057660298,novakbarbara@example.net,United Kingdom,Tracymouth,26847,2025-01-03
C6943414,Daniel,Soto,1960-03-13,F,+1-958-564-0274,luisjohnston@example.org,U.K.,South Douglasburgh,89301,2021-12-11
C8048326,Jessica,Walker,1958-03-14,M,698-989-0393x0750,shelly98@example.net,England,Kimberlyville,37400,2026-05-05
C7418269,Belinda,Parker,1977-09-30,F,(332)649-3343,dalton36@example.net,GB,Molinachester,67651,2022-02-19
C7989697,Laura,Hayes,1945-02-16,F,+1-761-393-5190,melissaleblanc@example.com,U.K.,Tinaborough,69807,849150855
C10167,Christina,Mooney,1981-12-13,M,695-421-7352x96903,egarner@example.org,GB,Antoniofurt,13620,2025-10-02
C1227017,Daniel,Smith,1977-02-22,NULL,711-664-7240x13147,burtonbeth@example.org,England,Maloneport,21272,2023-08-31
C4707330,Lauren,Watson,1965-10-10,M,(861)459-0478,yyates@example.net,United Kingdom,North Saratown,43803,2026-04-25
C6844626,Unknown,Hernandez,1942-10-29,Other,726.695.4245x5125,stanley92@example.net,GB,Morrisville,60756,2022-08-24
C8820220,John,Jordan,1955-04-10,NULL,778.972.1905x59101,robert79@example.net,England,North Michaelfurt,04778,2023-07-17
C608728,Timothy,Juarez,1972-03-20,M,392-395-3189,laurieshannon@example.net,UK,South Josemouth,98708,2023-08-24
C1819548,John,Craig,1994-11-07,NULL,(558)840-6395x0643,andreabrown@example.com,UK,Prestonfort,69326,2025-01-25
C3060007,Carrie,Patel,1940-09-18,M,001-869-493-0785x695,haydenmatthew@example.net,GB,North Karenborough,63997,2023-04-29
C9883117,Charles,Cain,1938-06-19,F,4565570164,ryanthomas@example.net,United Kingdom,New Christopherbury,55054,2025-05-29
C6890480,Aaron,Ray,1953-06-18,F,+1-258-266-8113x0714,austinbriggs@example.org,UK,East Stephen,48926,2023-09-07
C9713950,Anthony,Craig,1974-08-28,Other,+1-998-429-9660x30228,michaelgrant@example.com,UK,South Gregory,89151,2022-03-09
C4851702,Jenny,Baker,1970-07-28,F,3702115337,christopher18@@example.org,United Kingdom,Christinaton,47553,2024-09-10
C5054415,Alex,Benson,1990-11-02,NULL,001-337-937-8201x1377,qanderson@example.com,GB,Millerfurt,81067,2025-11-27
C6168200,Lisa,N/A,1998-09-03,M,336.347.7219,timothy50@example.org,United Kingdom,Tuckerton,48789,2025-03-17
C2943149,Ashley,Forbes,1966-08-31,Other,460.226.7297x4887,jacksonjason@example.com,England,Jenniferland,02905,2023-01-09
C865801,Robert,Anderson,19450421,M,001-378-394-1092,jenniferlester@example.net,England,Lake Andrea,72616,2022-05-29
C2089401,Linda,Gilmore,1967-04-09,F,001-227-621-1844x182,lawrencemichael@example.com,England,Royview,26801,2025-10-11
C4127280,Teresa,Lucas,1944-09-20,M,555-350-4968x3299,christinarodriguez@example.org,U.K.,South Ryan,04614,2022-02-06
C1249273,Ryan,Smith,1952-10-09,Other,414.744.5763x1961,xkaiser@example.net,GB,New William,43546,2022-02-03
C3762209,Bradley,Schmidt,1954-07-04,NULL,248-948-2342x4348,cuevasdonald@example.net,GB,Port Tracey,33399,2023-03-29
C7422116,Randy,Farrell,1961-02-12,F,Unknown,davidfisher@example.org,UK,Ballmouth,32202,2021-12-05
C8847240,Mark,Cuevas,1984-10-19,M,001-729-871-8142x63519,collinsdavid@example.org,UK,Hutchinsonfort,53940,2021-10-15
C2420127,Kimberly,Porter,1996-03-06,M,801-300-8102x4178,ernest93@example.org,U.K.,Davilatown,54614,2022-08-20
C8652508,Calvin,Willis,1992-01-31,Other,(474)996-5915x1766,julie81@example.net,England,East Ethanfort,43408,2021-11-30
C7659617,Logan,Cook,2007-05-06,F,8862594562,michaelhunt@example.com,U.K.,Lake Danielburgh,38064,2023-03-23
C3622876,Timothy,Arias,29/07/2001,M,(901)451-3914x174,rothheather@example.org,UK,Jamesmouth,95007,2022-03-23
C7182049,Daniel,Williams,1968-10-14,F,(364)825-1118x631,sandy19@example.com,UK,Delacruzstad,35352,2024-04-30
C643771,Paula,Cole,1998-02-05,F,496.393.5628x97258,wrightparker@example.net,GB,Lake Denise,95590,2024-08-20
C462027,Darren,Burke,1994-04-06,M,001-887-943-5467x30900,dschmidt@example.com,U.K.,Kingbury,29092,2025-01-07
C1614900,Zachary,N/A,1988-02-20,Other,301-925-0590,vmata@example.net,England,West Bryanmouth,28135,2024-09-30
C3643954,Joshua,Baker,1985-11-25,Other,(306)307-2722x98028,evasquez@example.com,United Kingdom,West James,93396,2025-05-25
C9866481,Heather,Nguyen,1959-04-07,Other,(737)579-5384x5126,amy64@example.org,United Kingdom,Williambury,65490,2021-09-09
C8790236,Timothy,Patterson,2007-12-25,F,717.630.3257x943,wilkinslisa@example.org,U.K.,West Joanna,49100,2026-02-10
C9136304,David,Mcdonald,1939-01-01,M,461-467-4844x026,NULL,UK,Darrenview,42362,2025-08-16
C164549,Bryan,Rose,19670720,M,,luis08@example.com,England,New Isaiah,31507,2024-02-22
C9779870,Kimberly,,507060660,NULL,(690)801-7793x6300,bgibson@example.org,U.K.,Lake Isaacberg,32458,2026-02-12
C9455240,Karen,Hines,1996-12-23,M,8906070580,raymondscott@example.org,United Kingdom,Smithfort,03057,2025-06-26
C3366367,Jessica,Franklin,1997-07-16,F,(233)745-3148x182,mweber@example.com,GB,Margaretport,26955,2024-02-22
C261011,Jenna,Phillips,1986-01-05,Other,349-482-7936,thomas13@example.com,GB,Huertamouth,62844,2023-12-26
C5113130,Christine,Watts,1946-11-04,Other,216.238.2526x8467,edaniel@example.net,UK,Danaburgh,88669,2025-01-14
C2807424,Stacy,Hill,1989-03-17,Other,(774)663-7782x072,odonnellrandy@example.net,United Kingdom,West Stephanie,82630,2025-08-18
C8178392,Tiffany,Gonzales,1998-06-25,M,513-819-3688x08712,anthony33@example.org,U.K.,East Jessica,19881,2024-03-16
C2790142,Edwin,Fitzpatrick,1953-05-04,F,499-888-3605,wilsonscott@example.com,United Kingdom,East Charles,21997,2022-05-14
C3146311,Carla,Meyer,1985-06-08,F,+1-678-846-8015,amber53@example.net,England,Nicholashaven,01562,2023-10-10
C9965587,Cathy,Ortega,1982-05-17,NULL,001-777-512-0707,ibenson@example.net,England,Scottmouth,78651,2022-05-28
C4547144,Willie,Taylor,1955-05-02,NULL,001-853-537-8791x8931,victoria87@example.com,GB,New Jeremiahhaven,92257,2023-05-09
C7491016,Daniel,Howe,1952-07-19,NULL,734-418-8384x772,kristicooley@example.org,UK,Ryanstad,88583,2025-12-25
C7862188,Anthony,Lyons,2005-06-03,NULL,981.208.1539x2177,jill65@example.com,England,Port Luke,76341,2024-08-04
C3956411,Danielle,Davis,1969-02-25,F,(494)581-2500x193,valerie94@example.org,U.K.,Robinsonburgh,38839,2021-12-18
C1587885,Rebecca,Smith,1952-10-03,Other,001-609-550-7228x238,freemanrachel@example.com,U.K.,Lake Deborah,32637,2024-08-21
C8476277,Monique,Simmons,1947-10-18,M,847-613-4214,robertsmaria@example.net,England,Joneston,53220,2023-07-04
C2186642,Margaret,Unknown,1991-06-24,M,874-967-3408,john17@example.org,United Kingdom,Thompsonberg,37072,2023-03-04
C6710826,Marissa,Banks,1949-06-14,NULL,220-819-9227,znguyen@example.com,England,South Whitneymouth,23887,2023-01-20
C6541225,Adam,Frank,1945-02-07,Other,+1-572-472-7113x725,richardwilliams@example.com,United Kingdom,Lindseyview,68729,2025-02-27
C2121514,Darlene,Roberts,1951-03-12,Other,001-281-501-8085x9093,bryan84@@example.com,United Kingdom,South Laurenfurt,96735,2025-04-22
C8749543,James,Cain,1970-02-08,M,769.630.9114,randy74@example.com,GB,Reneeside,89811,2026-02-20
C7660509,David,Anderson,1987-03-11,NULL,NULL,matthewpage@example.net,U.K.,New Frederickfurt,17003,2022-08-27
C269047,Kerry,Hall,1978-11-08,Other,845.306.1728x47888,williamselizabeth@example.com,GB,Jessicaland,43561,2024-02-27
C7758416,Laurie,Garcia,1941-02-21,M,+1-875-763-5226x6437,madisondavis@example.com,United Kingdom,Robynside,64347,2025-04-27
C6028146,Megan,Rojas,1952-04-14,M,(221)969-4179x724,christophergregory@example.com,GB,North Brianshire,16636,2023-01-20
C1291386,Michelle,Smith,1952-03-08,NULL,001-894-274-7172x2097,kwilson@example.net,United Kingdom,North Michaelland,14068,2023-11-08
C3036386,Charles,Brown,2007-06-30,F,785.520.9191,petersenpamela@example.org,GB,Port Nicole,94088,2022-12-31
C344770,Kimberly,Mclaughlin,1997-02-28,NULL,636.893.1028,tkirby@example.org,GB,Samanthamouth,04504,2024-06-22
C5819024,Amy,Wilson,1976-03-09,M,419-247-6260,scottroy@example.org,U.K.,Robertsshire,25893,2025-06-18
C3004423,Renee,Chung,1996-01-05,NULL,+1-325-597-8926,donna82@example.net,United Kingdom,North Pamelaville,57407,2025-11-18
C1104936,Destiny,Irwin,1996-11-13,NULL,(729)385-5573,ritterkelly@example.org,United Kingdom,Markmouth,69239,2022-05-01
C6862068,Patrick,Ramirez,1980-01-06,M,NULL,vwhite@example.org,United Kingdom,Valeriehaven,73704,2025-09-04
C6524607,Michael,Haynes,1981-04-08,NULL,+1-555-397-3368x85788,michellegood@example.net,GB,West James,84492,2025-06-09
C1802336,James,Martinez,1977-11-16,M,001-617-446-2901x318,laurarodriguez@example.com,England,Gonzaleshaven,59122,2025-07-26
C4108338,Connor,Woodard,1996-05-01,Other,343-221-0832x509,sheila56@example.com,GB,Hahnborough,29679,2021-12-27
C2227286,Kathleen,Martinez,1950-11-16,F,4363286015,catherinedalton@example.com,U.K.,Everettville,59858,2025-03-29
C4187159,Rose,Clark,1938-06-28,M,(499)832-9290,evansdavid@example.net,United Kingdom,North Steven,71435,2023-03-22
C8890984,Michael,Wolfe,1956-05-03,F,943-893-6982,gloriaclay@example.net,England,Donnahaven,83633,2024-01-04
C8585470,Austin,-,1944-10-02,Other,844.752.4651x258,juliasanchez@example.org,U.K.,New Hayden,58033,2023-09-17
C7487393,Unknown,Gibson,1977-01-02,Other,001-269-575-2163x7032,jamie70@example.com,UK,Campbellmouth,67069,2026-03-08
C2937530,Anita,Evans,1982-07-23,NULL,+1-453-399-5570x42752,schneiderjonathan@example.net,U.K.,South Mary,15046,2023-01-16
C9713440,Roy,Garcia,1957-12-09,Other,(937)663-3860,kelly36@example.net,U.K.,Rileyberg,96756,2022-11-05
C908669,Elizabeth,Davis,1986-05-18,M,+1-581-784-1699x8317,xtanner@example.net,UK,North Andreaton,55958,2023-08-05
C5894177,William,Smith,1956-07-30,F,903.834.3130,phillipskenneth@example.com,England,Robertsview,13851,2025-06-28
C3244260,Kim,Good,1941-03-13,Other,738-278-3357x0452,trasmussen@example.org,United Kingdom,East Andrew,89594,2025-04-15
C6033131,Angela,Velasquez,1966-05-20,F,398.547.6469x3369,jenniferwatkins@example.net,U.K.,New Tiffany,73054,2023-03-21
C6244086,Unknown,Lam,1988-05-12,Other,(647)595-3894x261,makayla57@example.net,United Kingdom,North Laura,57984,2025-09-01
C253243,Angela,Horne,2003-12-13,NULL,001-409-557-3365x148,valerieshields@example.org,U.K.,West Graceton,90824,2023-06-15
C5716921,Jessica,Mccarty,1962-07-18,F,+1-871-625-7126x2731,montgomerypamela@example.org,United Kingdom,East Jasonhaven,03721,2022-09-07
C1898226,John,Tran,1936-08-15,NULL,233-244-2569,iclark@example.org,U.K.,Port Staceybury,14082,2022-08-30
C3274486,Robert,Smith,1965-09-11,M,563.677.3266x8037,daniel67@example.com,UK,New Leslieburgh,18216,2024-09-23
C7173001,Jessica,Cook,2003-07-10,M,(617)208-1850x780,andrew88@example.com,England,North Patrickstad,89753,2022-09-02
C8577688,Kelli,Thomas,1962-11-15,Other,001-310-618-7159,meyergina@example.org,UK,Jeffreyton,80134,2021-10-06
C8831989,Peggy,Nguyen,1941-01-04,F,(992)620-0554,omarmendoza@example.com,UK,Rodriguezshire,23874,2024-11-04
C6910390,Jamie,Moore,1989-04-24,F,(511)392-4865,hendrixmichael@example.net,England,New Kathleen,48482,2023-10-28
C3770413,Gabriel,Carr,1950-10-13,F,+1-755-929-0984x269,psmith@example.org,United Kingdom,Shawfort,98688,2025-01-26
C6598589,Nicole,Rollins,1950-06-23,F,(881)426-9791x5175,aliciapeters@example.org,United Kingdom,New Catherineshire,03719,2024-09-02
C2814719,Joanna,Haney,1959-05-14,M,496.659.2789x31744,cisneroscarolyn@example.com,United Kingdom,Marcusmouth,03995,2023-09-30
C294560,Dakota,Morris,1992-07-24,M,+1-555-236-1842x6481,spencertanya@example.net,U.K.,Millerfurt,87330,2023-08-13
C9389349,Jennifer,Ortiz,1941-12-31,NULL,+1-995-534-8267,keithsmith@example.net,GB,Port Aaron,96649,2021-10-01
C3562527,Steven,N/A,1951-08-13,Other,(398)932-3276x838,mercedes47@example.com,UK,Rebeccafort,96183,2024-07-13
C5637341,Timothy,Carrillo,1945-07-20,M,001-505-520-5198x78866,munozchristopher@example.org,United Kingdom,Sandrahaven,41160,2026-02-08
C1227585,Michael,Smith,1985-12-11,Other,318.583.7070x5852,angela27@example.net,UK,South Louisfort,91192,2025-10-28
C1243410,Allison,Fitzgerald,1953-07-17,M,001-435-607-0956x856,nicholas67@example.org,United Kingdom,Codyborough,32660,2024-11-15
C8605555,Ashley,Stevenson,1939-12-19,Other,733-783-3102,james68@example.net,GB,Jasonmouth,82137,2022-12-07
C9062910,Todd,Miller,1982-06-18,M,470-726-9207,leebrenda@example.net,England,Kingside,89130,2025-03-04
C7155455,Kimberly,King,1939-10-11,F,(273)298-2373x63039,kwalker@example.com,GB,Port Mariaton,24881,2022-07-30
C3999838,Tina,Mccarty,2007-08-26,Other,9819692493,zthompson@example.com,United Kingdom,Ashleyborough,52845,2026-07-04
C4601034,Michael,Henderson,1988-10-30,Other,+1-346-346-6395x10394,smorris@example.org,United Kingdom,Gutierrezland,36964,2026-02-24
C7186303,Melissa,Taylor,1962-08-29,NULL,771-935-1418,fergusonkimberly@example.com,GB,Davismouth,29400,2023-11-23
C4434045,Sean,Dalton,1972-03-23,NULL,+1-453-219-7840x6795,tsmith@example.net,GB,West Michellemouth,35629,2024-10-09
C1953491,Alyssa,Shah,1936-03-16,M,588-693-0213,johnsonmatthew@example.com,UK,Port Bryanmouth,92163,2025-06-02
C7890675,Ronald,Carter,1999-04-28,M,001-224-686-7938x1128,vbarrett@example.net,U.K.,North Emma,47117,2024-07-29
C9467302,Michael,Hart,1973-02-23,F,669-284-1527,murphybrendan@example.org,England,North Michael,59321,2025-06-27
C3791869,Joyce,Young,1945-09-29,M,,mhughes@example.net,UK,East Scott,79492,2023-09-10
C5681227,Hannah,Ramirez,1962-06-27,NULL,N/A,wilsonjeffrey@example.org,United Kingdom,Jenniferchester,28332,2023-02-26
C4501862,Jessica,Harris,1995-09-01,Other,(457)587-5737x341,bruce43@example.com,United Kingdom,East Brett,29518,2025-01-24
C5892458,Christopher,Conrad,1965-01-02,M,(738)521-0783,jaclyn51@example.com,GB,Jimenezview,81902,2023-06-16
C134839,Jamie,Rodriguez,1977-08-24,F,+1-672-474-8221x0060,christina76@example.org,United Kingdom,New Courtney,75697,2023-07-14
C4322564,Alyssa,Alvarado,1982-01-10,Other,,brandon20@@example.net,UK,Lake Beverly,84953,2024-02-26
C2391585,April,Hayes,1974-10-16,F,469-390-7901x8003,baldwinjustin@example.net,U.K.,Lake Amandamouth,20307,2023-05-09
C8300464,Robert,Johnston,1940-02-05,NULL,001-440-293-9893x8434,pratttammie@example.com,England,Lake Kevinport,84414,2025-08-24
C387689,Mary,Paul,1967-01-14,NULL,205.349.4279,boothjason@example.org,United Kingdom,East Brian,73958,2024-03-12
C1493504,Benjamin,Thompson,1999-06-28,Other,(521)855-0857x13244,wilkersondylan@example.net,United Kingdom,East Samuelfurt,28577,2021-08-07
C1793736,James,Oconnell,2006-02-19,Other,840-485-7091x25342,jerryclark@example.org,England,Buckport,63826,2021-11-09
C1872201,Shelby,Meyer,1969-03-09,F,(816)325-9750x553,dperkins@example.com,GB,Chrismouth,61551,2021-08-07
C4325696,Emily,Nolan,1956-11-13,NULL,(504)435-2113,petersaaron@example.org,GB,North Jakeland,07281,2024-02-06
C9175274,Juan,Hamilton,1938-04-07,NULL,848-530-3175x5334,erica08@example.org,GB,New Carolyn,91830,2021-10-06
C7585976,Rachael,Welch,1983-05-19,F,5568986544,sharon39@example.net,United Kingdom,West Jonathanport,94499,2024-10-23
C6983738,Antonio,Mills,2006-08-07,M,001-979-848-9347,vancechristine@example.net,England,Craigfurt,10094,2026-02-03
C7176436,Makayla,Anderson,1946-10-15,M,001-521-419-0484x51858,nicholas13@example.org,United Kingdom,Port James,49341,2025-11-11
C7380992,Virginia,Thompson,1951-05-25,NULL,2907743314,crystalbenton@example.org,GB,East Heatherborough,03157,2025-12-28
C7526825,Ronald,Klein,1976-09-13,F,938.498.2365x5161,michaelhill@example.net,UK,Wrighttown,64730,2022-01-01
C8677745,Nicole,Russell,1975-05-13,F,N/A,wsims@example.com,United Kingdom,Davidbury,18436,2022-10-04
C6341551,Jean,Hunter,1997-09-09,M,578.378.7598x0271,kevinedwards@example.com,UK,Barberside,17730,2022-06-27
C8262113,Chad,Young,1975-10-16,Other,329.564.1340x8024,fnewman@example.org,U.K.,North Amandaberg,82327,2022-04-07
C2262852,Nicholas,N/A,2000-11-23,Other,(491)776-8240,johnsonstephen@example.com,U.K.,Mcdowellfort,40011,2025-08-12
C7364399,Eduardo,Rivera,1983-01-22,Other,827-604-9120,htorres@example.net,United Kingdom,Blackstad,86318,2025-06-20
C9196802,Jenna,Burgess,1941-02-15,F,(395)350-9181,stephaniezuniga@example.net,GB,Port Jorgehaven,42266,2026-01-23
C7799956,Katherine,Meza,2003-03-02,Other,721-439-9250,elizabethnavarro@example.net,United Kingdom,Brewerstad,61905,2026-03-24
C8334153,Melissa,Brown,1952-06-21,NULL,823-316-6172x5068,kayla29@example.net,UK,North Danielleshire,85478,2025-04-11
C7386278,Jacqueline,Watkins,1984-05-20,NULL,690-761-8069x08693,therrera@example.org,England,South Denise,67201,03-18-2025
C4449227,Jessica,Gomez,1994-03-03,F,+1-229-392-3632x8337,thomascolon@example.net,GB,West Joannabury,44509,2024-03-28
C6704506,Sarah,Wilson,1941-02-22,F,,glogan@example.com,GB,Carlosburgh,48414,2024-03-01
C9844127,Joseph,Foley,1956-10-26,M,(716)232-3729x5843,myerssarah@example.com,United Kingdom,North Joshuaton,56300,2025-07-09
C9894194,Hannah,Murray,1958-06-06,Other,001-478-750-6412x2003,shoffman@example.net,England,Lake Jason,45466,2026-03-23
C2510268,Christopher,Spencer,1972-07-01,NULL,990.781.8299x3010,gabrielwilkins@example.net,GB,North Victoriafurt,68103,2024-12-10
C8558753,-,Koch,1967-04-06,M,648.584.5481x39714,michael18@example.org,UK,Tamarabury,96105,2025-10-10
C22274,Mark,Davis,1987-11-24,M,001-640-816-8508x9461,jonesalexis@example.net,UK,New Brandonchester,18083,2025-12-01
C2474131,Joe,Washington,2003-12-09,NULL,588-852-5337x887,simmonsleah@example.org,GB,Hawkinsstad,02534,2026-01-17
C781193,Troy,Walker,1974-04-04,F,(770)760-7123x911,wileycody@example.net,United Kingdom,Port Jonathan,04242,2024-04-22
C8270306,Jennifer,Jacobson,08/05/1956,F,617.774.4766,eboyd@example.net,GB,East Antonio,86500,2025-10-03
C5596037,Deborah,Sanchez,1972-01-25,F,(849)974-6449x82300,marissa83@example.org,United Kingdom,Lake Cathy,85397,04-10-2023
C883074,Jay,Gallagher,1949-05-19,M,427-457-9554x6035,penakenneth@example.org,England,Clineside,55554,2024-08-16
C4791641,Dawn,Tran,1990-06-05,Other,(927)712-3618,thomasford@example.com,GB,North Matthew,46857,2025-11-10
C7308893,Karen,Middleton,1992-05-03,F,+1-587-913-0593x78378,darrell52@example.org,GB,Oconnorborough,18977,2023-10-17
C9638822,Mary,Anthony,1943-10-25,NULL,(610)510-2299,kellysmith@example.net,UK,South Gabriela,28473,2025-08-24
C2307575,Robert,Campbell,1958-12-18,F,,jasonterry@example.org,GB,Campbellburgh,36134,2025-04-04
C4695366,Wayne,Keith,1935-08-14,Other,718-552-4672,gregory04@example.org,U.K.,New Matthew,55337,2022-10-08
C2401163,-,Benjamin,1941-10-05,F,N/A,briannagaines@example.org,U.K.,South Yvonnehaven,35476,2022-01-12
C4712550,Phyllis,Davis,1936-01-12,Other,451.274.0750,adamstephens@example.org,U.K.,Prattfurt,46318,2026-04-03
C1480593,Christopher,Liu,1991-08-10,Other,489-985-9775x2779,mistyjohnson@example.org,United Kingdom,Rasmussenmouth,38448,2023-05-01
C1888179,Heidi,Moran,1995-08-04,M,382.760.8541x6580,vickiehoward@example.net,UK,Stewartview,40920,2022-01-19
C9412323,Jason,Morales,1956-07-01,F,855.207.7109x86684,katherine01@example.org,U.K.,West Shawnshire,77563,2022-01-15
C9592432,Bobby,Cannon,1976-10-19,NULL,(721)790-7223x7298,lynnbarnes@example.com,U.K.,Heathtown,13292,2022-09-03
C5164459,Amanda,Lee,1936-10-01,M,001-780-873-6774x30078,richardcross@example.net,United Kingdom,Elizabethberg,70749,2023-10-26
C3116273,Lisa,Holder,1955-08-30,Other,(243)601-0148,carsonjamie@example.com,UK,Port Laurabury,50266,2023-08-24
C3883888,Sonya,Thompson,1999-01-01,NULL,576-439-8104,andresortiz@example.net,United Kingdom,Port Richard,94173,2023-12-18
C2733064,NULL,Wright,1979-12-11,M,(374)277-5161,corey41@example.net,U.K.,Carolfort,59508,2022-07-16
C9028705,Angela,Alexander,1989-12-01,M,(378)387-2943x1535,jasmine88@example.com,UK,Thomasville,09127,2025-01-19
C1864550,Benjamin,Mclaughlin,1962-09-11,F,952.224.6302,zyoder@example.net,England,Lake Toddmouth,67126,2022-01-27
C2342729,Jennifer,Moore,1974-06-02,M,001-524-498-0178,hsmith@example.com,England,Maryfort,12679,2024-11-15
C4524068,Timothy,Jackson,02-15-1983,NULL,805.378.5085,brett02@example.com,U.K.,Edwardview,62870,2025-06-14
C1247530,Austin,Garner,1979-10-21,F,(752)973-2067,milesashley@example.net,United Kingdom,South Peter,88828,2026-03-27
C9629390,Vincent,King,1936-10-09,Other,753.851.4258,zjackson@example.com,England,Manuelview,24116,981498669
C1294793,Stephen,Osborne,1946-01-10,Other,(852)505-6369x428,uharris@example.org,UK,West Holly,38328,Yesterday
C7177842,Amy,Gomez,1989-09-13,Other,001-854-325-5259x787,nicholas62@example.com,U.K.,Calebtown,65094,2026-02-15
C839570,Kimberly,Castillo,1979-12-21,Other,718.873.2500x4675,gregjensen@example.org,United Kingdom,South Samuelmouth,19031,2026-01-02
C6815688,Jordan,Mahoney,1992-11-25,M,001-229-507-3529x761,landrymichael@example.net,England,New Jennifer,99200,2026-04-29
C1692159,Paula,Hartman,1937-08-18,NULL,633.602.5091x6940,yhughes@example.org,U.K.,South Stephanieborough,22989,2025-11-13
C5760194,Amber,Robinson,1971-05-06,F,708.365.3418x966,christinebowman@example.com,GB,Port Christopherbury,72244,2026-02-15
C1483658,Suzanne,Nelson,1993-12-20,NULL,+1-290-672-4257,eparker@example.com,U.K.,East Jonathanbury,04864,2021-08-30
C8281925,Michael,Dixon,2002-07-06,Other,8902215666,alejandro49@example.com,GB,New Abigailberg,13633,2026-04-19
C9842963,Sandra,Hoffman,1986-05-28,M,4798714505,whines@example.net,U.K.,Stephaniefurt,33188,2025-04-07
C5503948,Selena,Montgomery,1975-12-04,F,(639)848-9574,warren59@example.com,U.K.,Port Andreaburgh,86971,2026-02-06
C6757373,Elizabeth,Thornton,1970-06-05,Other,(424)207-6682,wrightkatelyn@example.com,UK,Hobbsfurt,87127,2022-09-20
C6043663,Carla,Harmon,1967-07-09,NULL,(315)296-4361x57392,omarwhite@example.org,England,Lake Oliviaville,96308,2026-03-28
C8162583,Amber,Wong,1953-09-22,M,429.400.3335x1168,joshua10@example.net,UK,East John,05490,2025-01-16
C1692675,Robert,Watkins,2005-09-07,M,469-425-4305,ffrancis@example.org,United Kingdom,South Brittany,64649,2026-03-13
C764609,Kimberly,Williams,776138104,Other,721.949.5150x0255,ericelliott@example.org,United Kingdom,South Johnside,88296,2021-12-21
C3844474,Wendy,Sawyer,2001-04-10,F,+1-399-704-4048x0118,regina93@example.com,U.K.,Port Kathy,84867,2025-03-14
C8488782,Wendy,Fletcher,1979-08-04,M,(990)324-2642x924,johnsoncalvin@example.com,England,North Amber,38689,2022-08-29
C3789652,Ann,Gonzalez,1961-02-16,M,821.280.7862x703,ycarter@example.con,U.K.,North Glenn,72608,2025-04-27
C3753081,NULL,Kramer,1945-01-28,NULL,+1-344-878-9739,alexander74@example.com,England,Dannyview,74652,2022-06-17
C7173001,Jessica,Cook,2003-07-10,M,(617)208-1850x780,andrew88@example.com,England,North Patrickstad,89753,2022-09-02
C8976338,Levi,Ramos,1978-10-09,F,+1-271-845-6372,dawn43@gmal.com,United Kingdom,South Danielstad,96648,2024-01-25
C9375751,Carol,Todd,1982-06-25,M,8776300891,perkinstracy@example.net,United Kingdom,Delgadoton,30808,2023-05-14
C6364327,Gina,Farmer,1994-04-30,F,276-378-0258,dan64@example.org,U.K.,Milesbury,58738,2022-05-15
C8315814,Andres,Ray,1956-11-26,NULL,001-683-628-9622,jonlong@example.org,England,Kristinland,12640,2025-01-27
C7441868,Kimberly,Burns,1952-01-17,F,4545327032,xwood@example.org,UK,North Frank,27145,2022-05-30
C4388404,Joshua,Garrett,1941-05-05,F,509-708-6243x040,whiteshelly@example.org,U.K.,Hansenberg,02681,2023-01-13
C4520088,Sarah,Davis,1985-09-02,M,(677)406-6840x261,martinchase@example.org,GB,South Seanville,51210,2025-02-08
C9630764,Kevin,Jones,1972-01-15,M,001-721-274-1685x852,hernandezmichael@example.com,United Kingdom,Edwinstad,33443,2022-10-15
C5309234,William,Guzman,1998-07-23,Other,,zlewis@example.org,UK,Lake Michelleville,52527,2024-05-26
C5255140,Henry,Smith,1955-06-21,Other,555.991.6210x536,ngreen@example.com,GB,North Amandaport,27093,Yesterday
C6000573,Nicole,Matthews,2008-02-05,M,+1-331-671-5529x6004,gmercado@example.org,UK,Rojasshire,15478,2026-01-30
C9877821,John,Burton,1996-01-05,F,-,erinsoto@example.net,United Kingdom,Emilyview,26045,2023-02-08
C2874423,Christine,Morrow,1973-06-25,M,6674829057,johnknapp@example.org,U.K.,New James,20902,2023-07-22
C7453199,Stephanie,Simpson,1945-11-29,F,4765449268,hannahcollins@example.com,UK,Robinsonport,90836,2023-07-12
C1469074,Mark,Boyd,1960-08-03,NULL,749.661.6124x8438,kingcharles@example.org,U.K.,Sydneystad,72268,2024-04-22
C4636916,Zachary,Hoffman,1982-11-19,F,+1-899-926-9713x84428,donnasalazar@example.com,United Kingdom,East Colleenfurt,95384,2026-01-16
C6948081,Patricia,Fletcher,1944-01-11,F,433.827.1013x276,hdiaz@example.com,UK,Scottside,43786,2025-05-22
C5358652,Brooke,Gibson,1956-02-08,F,001-833-920-5966x7930,nsmith@example.com,United Kingdom,Hollybury,93169,10-16-2023
C5522232,Zachary,Nelson,1997-02-05,F,(673)618-6923x706,joanna24@example.org,U.K.,North Christopher,53317,2024-02-15
C1876916,Carmen,Thompson,19590829,M,001-753-570-6831x617,brian06@example.net,GB,Lake Matthew,52120,2022-02-25
C7752682,Derrick,Landry,1954-04-19,Other,001-892-491-0474x419,williamsheather@example.org,GB,Elizabethview,68113,2023-08-04
C2364949,Alyssa,Webb,1982-02-15,NULL,695.558.7683,meredithmoore@example.org,U.K.,Mcgeeton,29570,2022-02-11
C3777965,Tina,Baker,1942-01-24,F,9753149124,jacobmcintosh@example.net,England,New Michael,28928,2022-06-12
C5239559,Austin,Shea,1958-07-22,Other,+1-530-358-8926x88574,mejiakaylee@example.net,UK,Lake Crystalbury,92047,2022-05-17
C9918758,Curtis,Day,2004-12-19,F,001-715-505-1122,vandrade@example.com,United Kingdom,Pamelaburgh,08466,2023-08-29
C2627826,Troy,Davis,1962-06-07,NULL,587-311-5898x208,zrodriguez@example.com,England,Hayeston,71361,2025-10-14
C8986084,Ann,Jenkins,1984-05-15,M,Unknown,cherylhays@example.org,United Kingdom,Angelaview,16941,2022-10-23
C8843753,Carmen,Hill,1960-07-28,M,(554)851-7799x143,dennishamilton@example.com,UK,South Stevenside,90311,2024-11-05
C789163,Cheryl,Matthews,1958-08-21,F,001-847-226-4924x4548,kcarter@example.org,United Kingdom,Michelefurt,08394,2022-07-10
C526353,Jessica,Patterson,1945-10-06,NULL,551-943-1281,martinkimberly@example.com,GB,New Taylor,95914,2024-04-15
C2029852,Courtney,Holland,1972-11-18,Other,644-528-9255x31632,martin52@example.net,United Kingdom,Dianeburgh,07876,2025-03-08
C4021213,Ashley,White,01-03-1952,F,(456)751-2646,regina21@example.net,United Kingdom,South Angelaview,14541,2025-10-05
C4015360,Heather,Mccoy,1994-07-30,NULL,(996)984-0488x99398,ymoore@example.com,UK,Deborahborough,96351,2022-05-09
C386528,Christopher,Allen,1967-11-07,Other,8419589391,manuelhobbs@example.net,United Kingdom,Jeffreyville,82721,2021-12-05
C1303624,Brittany,Rangel,1943-08-03,M,412.942.3306x842,kathleentanner@example.com,United Kingdom,Lake Stephanie,28389,2026-03-28
C4473251,Janet,N/A,11/07/1981,F,246-763-0368x615,smiller@example.org,United Kingdom,Kennedyland,10059,2022-07-06
C7710320,Melinda,Mcdonald,1974-08-25,M,882-624-8451x67752,npage@example.com,England,South April,27929,2021-12-13
C8771721,Linda,Kane,2007-05-03,NULL,+1-246-867-0682,joseph89@example.org,U.K.,West Jessica,43547,2024-04-11
C6273590,Gabriel,Lee,1984-04-21,Other,331.421.6962x640,ginajohnson@example.com,United Kingdom,Lake John,63953,2021-12-19
C8703077,Jennifer,Morales,1991-01-04,NULL,001-590-661-1713x40572,hayskevin@example.net,GB,Georgeshire,71731,2024-06-26
C9337582,Jason,Cunningham,2008-05-04,Other,001-247-445-0775x9913,wlong@example.com,United Kingdom,New Amandaburgh,25738,2026-03-08
C2963591,Madison,N/A,1947-10-03,NULL,+1-907-564-8025x379,lucaskathy@example.org,U.K.,Davidhaven,35899,2023-11-07
C491334,Deanna,Valencia,1977-07-05,NULL,2388925907,pittmanjennifer@example.com,England,Brownland,73818,2026-03-18
C2681492,Jacqueline,Marquez,1998-10-03,NULL,(231)403-3369,johnmaxwell@example.org,GB,Shafferton,59743,2026-04-13
C847372,Vanessa,Miles,1940-02-10,Other,+1-869-305-0443x12312,sarah17@example.com,GB,New Debra,07570,2023-06-15
C9813970,John,White,1939-07-13,NULL,801-431-4906x1305,laurasexton@example.org,United Kingdom,Port Carlos,80702,2026-01-02
C1726738,Eric,White,2007-05-05,M,438-719-2878x01980,browncheryl@example.org,GB,South John,50348,2026-07-21
C71018,Dennis,Mcdonald,1969-08-20,Other,+1-761-634-8117x2050,ramseysusan@example.org,England,East Angelaport,51140,2022-08-06
C8805720,Rebecca,Davis,1954-04-07,F,(863)838-5725x0868,phillipsdavid@example.org,UK,Phillipstad,29294,2024-09-13
C1720477,Alicia,Ferguson,1940-08-08,Other,,thomas15@example.net,England,Carterborough,79703,2024-06-12
C3438814,Brian,Mckee,1943-11-28,Other,716.631.3172x84217,fhowe@example.com,UK,South Benjaminborough,10728,2023-03-27
C8790236,Timothy,Patterson,2007-12-25,F,717.630.3257x943,wilkinslisa@example.org,U.K.,West Joanna,49100,2026-02-10
C8377852,Katie,Blair,2006-09-07,M,+1-904-554-2524x650,casekenneth@example.com,United Kingdom,Josephland,58063,2022-09-03
C4524047,Mark,Price,1998-10-10,NULL,001-967-256-7183x5982,elliotttanya@example.org,GB,West Erinton,61839,2025-10-16
C6282524,Louis,Waters,1983-06-19,F,+1-443-732-0243x8919,thomas79@example.com,U.K.,West Kathryn,70776,2024-07-16
C5959653,Thomas,Simmons,1981-06-02,NULL,759.832.0047,myersgeorge@example.com,GB,North Tonyview,94278,2022-01-03
C119627,Robert,Anderson,1986-08-08,Other,(975)850-0241,sarah29@example.net,GB,North Larry,32642,2021-11-01
C8349136,Jon,Richardson,1978-07-04,F,(686)821-8263,vcurry@example.com,GB,Chavezland,62300,2021-12-04
C7447813,David,Perez,1937-02-16,Other,+1-636-309-8398,robert23@example.net,UK,North Brianchester,45356,2024-03-05
C6502856,Albert,Hernandez,2003-09-13,F,236.769.3829x7196,bmiller@example.net,U.K.,Johnsonville,95778,2024-10-14
C5633462,Courtney,Mullins,1944-07-29,Other,(878)829-9729,vhale@example.com,U.K.,Conleymouth,46093,2024-11-11
C7113086,Ashley,Powell,1981-04-02,F,247-941-5751x97066,kperkins@example.com,England,Port Amy,72473,2022-07-26
C5618302,Donald,Osborne,1967-11-23,Other,363.597.1918x952,bonnie47@example.com,United Kingdom,Zimmermanmouth,26737,2022-08-03
C2398583,Anthony,Smith,2008-03-03,Other,999.443.5694,christian20@example.org,United Kingdom,West Gregoryhaven,07908,2023-04-04
C9163990,Jimmy,Turner,04-14-1971,F,001-409-312-1596x128,nwoods@example.org,England,Port Jasonhaven,11720,2025-10-18
C3585709,Rebecca,Zimmerman,1981-06-26,NULL,(930)260-6811,christopherking@example.net,GB,Port Johnmouth,71355,2026-01-07
C6263929,Chad,Morrison,1938-04-14,F,647-388-7410,arthurjohnson@example.net,England,Bradfordstad,43454,20220114
C2921992,Janet,-,1971-09-09,M,600-215-3746x1981,orose@example.org,U.K.,Rodriguezbury,40234,2025-10-09
C7622276,Adam,Evans,1991-11-08,Other,685-876-1803x9560,ronaldlopez@@example.org,United Kingdom,Garrettberg,05690,2024-04-25
C6996431,Michael,Mullen,1983-07-12,F,001-320-427-9064x09690,sgregory@example.com,UK,Gonzalezfort,80105,2022-12-10
C9947201,Mariah,Hancock,1944-01-10,F,(999)872-5580,wrightchristopher@example.com,United Kingdom,Ashleybury,54839,2022-02-27
C2507100,Amanda,Saunders,1942-01-18,F,424-860-6965,brockharry@example.com,England,Port Ericaview,68059,2025-08-16
C90766,Christine,Scott,1964-10-19,NULL,(950)607-8179x9576,jeremymaynard@example.net,England,Amandaborough,42571,2025-05-04
C8669784,Kimberly,Levine,1952-05-09,M,2267976271,johnsonshawn@example.org,GB,Aliciaport,50678,2024-09-16
C7665448,Robert,Mccann,1984-11-09,F,+1-273-987-7629,aruiz@example.org,England,New Michelle,20375,2025-06-11
C8753256,Julie,N/A,1982-06-07,F,(572)613-4657,anna69@example.net,U.K.,Dorothystad,97782,2023-02-17
C8869883,Roy,Humphrey,1997-06-18,M,001-220-464-8926x629,millertheresa@example.com,U.K.,Port Colton,18534,2023-07-26
C7446909,Michelle,Jackson,1939-08-01,NULL,(286)656-5829x03485,ruizkatie@example.org,England,Milesburgh,31831,2024-07-30
C4735413,Rhonda,Mclaughlin,1945-02-17,F,+1-591-524-0709x68262,ricardo72@example.net,GB,Lake Jason,65510,2022-02-04
C9713910,Patrick,Garcia,1951-10-24,NULL,001-705-580-9313x83641,bsanchez@example.net,England,Lake Amanda,38794,2026-03-18
C8663512,Katie,Brooks,1970-07-20,Other,468.429.1455,shawnmassey@example.com,U.K.,South Patricia,32735,2021-10-07
C4076257,Paul,Floyd,1974-11-04,F,001-507-712-0187x5228,crawfordtaylor@example.com,U.K.,East Peggyfurt,16791,2025-09-03
C2575320,Cindy,Hammond,1951-11-01,NULL,(920)311-2928x3677,bryanvance@example.com,GB,Williamsfurt,36051,2022-03-31
C8949177,Jason,Valencia,1995-02-25,Other,+1-934-536-1861,jimmycastro@example.net,United Kingdom,Samuelview,31348,2022-02-12
C9275159,Alicia,Navarro,1994-12-15,NULL,+1-277-207-0953x82846,kenneth51@example.com,U.K.,West Valerie,06805,2021-09-22
C3920623,Joel,Torres,1984-10-03,F,+1-885-815-9874x67497,leemark@example.org,United Kingdom,Port Jeffery,12428,2021-11-28
C8035070,Tony,Potter,1997-12-11,NULL,001-886-295-9898x91066,ivasquez@example.net,England,West Julia,09745,2023-07-15
C1998461,Julie,Chandler,1954-11-24,M,001-873-332-6103x14878,patrickrivers@example.org,United Kingdom,Port Glenn,58232,2025-06-17
C4997603,Joseph,Jackson,1941-06-27,M,+1-264-942-5368,ann52@example.com,UK,Harrisberg,38868,2024-08-25
C462027,Darren,Burke,1994-04-06,M,001-887-943-5467x30900,dschmidt@example.com,U.K.,Kingbury,29092,2025-01-07
C1952650,Kimberly,Hurley,1971-01-09,NULL,374.902.1694,sherimills@example.org,U.K.,West Andresside,93044,2022-11-15
C1497682,Cheryl,Brown,1961-09-14,NULL,439-503-0274x62219,carriefowler@example.org,United Kingdom,Estesburgh,12331,2026-06-25
C3125205,Julie,Miller,1984-03-26,NULL,(402)971-1761x12584,brownsandy@example.net,GB,Frankland,25902,Tomorrow
C3331372,Sean,Walker,1968-11-22,F,+1-360-902-1679x597,chad81@example.com,U.K.,Lake Margaret,84443,2023-02-08
C6943733,Jamie,Thompson,1936-10-27,M,423.351.0550,jessicagraham@example.net,United Kingdom,Heatherberg,74771,2022-11-28
C2081153,Cameron,Walker,1940-06-03,F,001-668-779-4667x4492,stevenpeck@example.com,U.K.,Davidland,87547,2025-06-14
C9396061,Brian,Smith,1957-08-13,NULL,659-520-8202x41208,freemanlisa@example.net,United Kingdom,Lake Thomas,59323,2023-01-11
C2643273,Riley,Lambert,2003-10-07,F,+1-511-794-2868x1229,tmurillo@example.net,U.K.,West Preston,26979,2025-08-25
C8700263,Kathryn,Hall,1985-01-09,NULL,6284953768,cbrooks@example.org,GB,Joelberg,90321,2022-06-17
C9906881,Philip,Kelley,2002-02-03,M,,richard91@example.net,United Kingdom,Erinberg,56121,2024-01-02
C126219,N/A,Mann,1939-10-28,NULL,687-423-0477x5518,rfuentes@example.org,U.K.,Barbaraville,38423,2024-09-29
C7249100,Anthony,Williams,1990-12-15,Other,829-607-2214x43307,isims@example.org,England,East Benjamin,20207,2024-04-02
C1857833,Christopher,NULL,1989-02-12,Other,207-735-9987x886,jameswright@example.com,UK,East Danny,41482,2022-05-16
C1782436,Cassandra,Nichols,2007-02-11,NULL,457.283.6110,matthew88@example.org,United Kingdom,Larsonland,51392,2024-06-24
C5021382,Michael,Holland,1957-03-23,M,663-343-7513,scottwoods@example.com,U.K.,North Christopher,85019,2025-01-24
C6700469,Jessica,Davis,1996-11-06,M,(510)963-9627x5163,thomas03@example.org,UK,Lake Brianburgh,09711,2021-08-19
C5733102,Richard,Douglas,1994-06-05,F,+1-630-498-2660x80026,robinsoneric@example.com,United Kingdom,Johnsontown,93153,2022-02-18
C1556606,Cheryl,Silva,1950-10-06,Other,2782378389,daniel54@example.org,United Kingdom,Glennville,72947,2026-04-16
C7729815,Danielle,Decker,1945-02-10,M,604-977-6111x410,ramosmichelle@example.org,GB,West Anthony,17987,2025-01-16
C2359795,Kelly,Nicholson,1965-08-13,NULL,817-785-9244x4885,amay@example.org,U.K.,Christopherfort,40123,2022-03-09
C2037881,Brenda,Rojas,1947-09-15,NULL,338-442-1978x71437,zgonzales@example.net,UK,Marilynchester,97651,2023-12-04
C7040099,Walter,Hawkins,1989-06-03,M,(333)862-8674,nicholas29@example.com,UK,Port Dawnview,88871,2025-05-22
C1808587,Robert,Nelson,1995-05-09,F,+1-497-282-7801x7143,jennifer84@example.org,England,Bakerberg,42168,2021-08-17
C4569589,Jennifer,Mills,2004-05-30,NULL,+1-895-536-6802x301,vmoreno@example.org,GB,Lake Michael,74156,2022-09-12
C6417637,Robert,Jackson,1995-06-08,NULL,(909)631-2266x0363,hannahhawkins@example.org,GB,Cuevasport,53050,2024-04-20
C827632,Shannon,Mcgee,1996-06-07,F,323-363-8795,gwaller@example.org,United Kingdom,East Paigeview,39259,2021-08-09
C2623897,Edward,Nelson,1943-10-25,NULL,482.826.2556x09584,jesselopez@example.net,England,Millerview,11950,2026-02-20
C2933944,Randall,Bautista,1956-01-07,NULL,(511)800-0206,brianadavis@example.org,GB,Kimberlyberg,91967,2024-05-31
C8836643,Roberto,Martinez,1943-11-30,M,845.667.2929,tdickerson@example.net,GB,East Douglasland,79285,2025-11-11
C7722978,Sandra,Tran,2002-10-09,NULL,266-333-0175x11735,oward@example.org,GB,Kristineton,46639,2024-02-26
C1963537,James,Avila,1948-07-01,NULL,(212)921-9106x061,reginagutierrez@example.com,U.K.,Harrisstad,75110,2024-12-01
C8447906,Christopher,Mendoza,1978-04-11,M,359.301.7026x5400,marcus89@example.org,GB,East Ashleystad,19118,2025-06-19
C4234490,Donald,Allen,1953-11-12,Other,599.281.5403x427,meganburgess@example.org,United Kingdom,Atkinsshire,73602,2023-05-16
C1198291,Larry,Carroll,1955-04-10,Other,313-496-9558x706,kevinbentley@example.org,U.K.,South Amyfurt,36458,2025-10-20
C8575993,Sarah,Gibson,1978-02-28,F,555.963.4290x17286,bruceaaron@example.net,United Kingdom,Port Brooke,41957,2023-02-20
C7589794,Melinda,Pearson,16/01/2008,Other,590-638-7753,dcarroll@example.org,U.K.,Jameston,90664,2023-05-09
C412660,Miguel,Shaffer,1997-07-10,Other,001-324-990-9702x4046,phillipknight@example.net,United Kingdom,East Ashleymouth,16646,2025-09-17
C3079068,Karen,Lamb,2006-11-08,M,+1-368-901-8373x86950,phamilton@example.com,England,Lake Michaelport,30420,2023-10-22
C9503749,Chelsey,Lyons,1938-11-29,M,339-235-5274x53932,bethany70@example.com,UK,Thomaschester,30381,2024-07-26
C7029244,Cody,Robinson,Yesterday,Other,(203)679-0072x778,cruzedward@example.com,GB,Taylormouth,78017,2025-12-18
C9280907,John,Thomas,1994-01-15,Other,(378)719-0629x053,dking@example.org,U.K.,Leeport,44282,Yesterday
C9344449,David,Lewis,1956-01-29,F,001-922-581-1720x620,crystal01@example.net,UK,East Rita,76863,2024-06-21
C3707983,Jeffrey,Smith,1984-09-09,M,+1-331-724-5322,vrivera@example.net,UK,Williamstad,54704,2022-07-17
C8228423,Jennifer,Greene,1951-04-15,NULL,+1-463-881-6592x2835,higginskaren@example.net,England,Johnburgh,04933,2026-08-02
C278231,Molly,Patterson,1960-12-04,NULL,(841)451-3414x2702,whernandez@example.net,GB,Port Michael,97199,2022-07-30
C2213754,Emily,Ruiz,1947-02-06,M,(941)365-3509x1363,jcosta@example.com,England,Kingside,24678,2022-07-14
C9576654,Richard,Cole,1988-02-05,M,587.823.3193,larry51@example.net,U.K.,Port Danielville,19111,2024-03-13
C6984498,Ruben,Ramirez,1981-04-19,NULL,+1-669-473-2498,johnsonmatthew@example.com,United Kingdom,Roachmouth,56793,2023-11-22
C2955621,Danielle,Porter,1990-04-08,M,4835335013,heathergordon@example.com,UK,Juliefort,01426,2024-01-26
C9281916,Benjamin,Smith,1992-08-23,M,NULL,sandovalryan@example.net,UK,Stevenston,77666,2025-11-29
C9102881,Sarah,Rojas,1950-05-10,NULL,3956580593,carolyn35@example.net,U.K.,West Alexanderhaven,05195,2024-10-11
C8234139,Julia,Tyler,1959-10-12,F,526.301.1855x231,danny93@example.net,U.K.,Wendychester,34967,2021-12-12
C6499535,Madison,Morrison,Tomorrow,NULL,(285)702-3865x184,kmatthews@example.com,United Kingdom,Oconnorport,01661,2025-09-28
C3996171,Mathew,Sullivan,1996-12-13,F,469-314-6892x19420,iwebster@example.net,England,New Jeremy,22037,2023-06-13
C1957858,Amber,Murphy,1953-03-10,M,001-696-403-4525x01771,fgeorge@example.org,UK,West Stacey,33424,2021-10-22
C149618,Courtney,Bell,1980-09-16,M,4112375626,angela31@example.org,U.K.,Acevedofort,48280,2021-10-23
C2123817,Melvin,Jackson,2006-09-20,NULL,209-305-0188x5788,joseph57@example.org,United Kingdom,Port Amanda,20265,2021-09-17
C6726367,Andrew,Barnett,1966-10-27,Other,001-662-698-6124,cynthiamoore@example.com,U.K.,Port Danielport,24367,2023-02-09
C3152157,Scott,King,1938-11-05,M,(340)699-7921x8984,lrogers@example.com,UK,South Laurenborough,43905,2022-08-07
C1922901,Jody,Marquez,1953-08-12,Other,7354221988,allen91@example.com,UK,Jonesside,84205,2024-12-05
C8145542,Scott,Pace,1997-02-13,F,981.654.3634x399,juanmiller@example.org,GB,Shelbybury,61632,2025-05-02
C9874500,Louis,Brady,1951-08-08,F,(715)833-4246,mark00@example.com,England,New Christopherbury,59423,2024-03-23
C3275249,Antonio,Miller,1985-11-04,F,903-916-0149,ashleymcdaniel@example.net,England,North Robertbury,79967,2025-09-24
C9613935,Alexa,Green,1985-02-18,NULL,+1-314-943-1277,evansdarlene@example.com,UK,Fisherland,12403,2024-08-29
C839570,Kimberly,Castillo,1979-12-21,Other,718.873.2500x4675,gregjensen@example.org,United Kingdom,South Samuelmouth,19031,2026-01-02
C9045428,Craig,Chavez,1967-09-25,M,(494)416-2228x18253,michael35@example.com,England,Williamside,67186,2023-11-12
C9963063,Linda,Gray,1976-10-10,Other,(507)790-9981,juanmorgan@example.org,U.K.,Tammyside,59501,2023-10-01
C5850408,Antonio,Burton,1972-03-28,M,3996457547,morgan81@example.com,United Kingdom,Tammymouth,03810,2023-08-20
C7185741,Kristy,Barker,1997-06-11,M,6422589827,peter28@example.org,United Kingdom,New Aprilton,30623,2023-04-27
C8139249,Catherine,Lee,27/01/1936,NULL,646-636-7398,scott51@example.com,United Kingdom,South Jeffreyville,38660,2025-04-07
C8700263,Kathryn,Hall,1985-01-09,NULL,6284953768,cbrooks@example.org,GB,Joelberg,90321,2022-06-17
C6884862,Samantha,Hunt,1983-10-27,M,359.570.0202x402,randall48@example.net,GB,Julianland,03504,2021-09-27
C2744261,Karen,Nelson,1955-05-12,NULL,(885)623-7900,oshelton@example.com,United Kingdom,West Kenneth,22655,2025-03-18
C8584004,Lisa,Jones,1985-02-26,M,+1-816-930-4441,pbaker@example.org,U.K.,Lake Kathymouth,69977,2022-07-01
C2325517,Pamela,Flores,1955-02-25,F,(684)710-8392,kevingriffith@example.net,U.K.,North Kimberly,90331,2023-03-01
C2558767,Patrick,Green,1990-10-08,NULL,001-706-883-3601,pperez@example.com,England,Port Rebeccaport,53212,2024-11-24
C8643537,Manuel,Taylor,1935-11-26,NULL,3638186669,sallyfrederick@example.org,U.K.,Banksmouth,38290,2022-07-17
C5760257,Corey,Hill,1986-09-09,NULL,904.421.1272x7723,thomas32@example.org,GB,Mathewborough,64602,2024-10-20
C1641576,Howard,Davis,1999-06-07,NULL,378.397.4424x40444,santanatammy@example.net,United Kingdom,Port Nathan,14111,2026-05-25
C9252191,Manuel,Diaz,1988-12-13,Other,3344608359,wfrye@example.org,UK,Piercefurt,25900,2023-06-29
C771627,Jessica,Peterson,1968-10-08,Other,(678)895-3735,kentdarren@example.net,GB,Hartside,14218,2023-05-30
C1231747,Daniel,Martinez,1977-02-09,F,(590)393-9846,nromero@example.org,United Kingdom,West Laurahaven,70317,2022-05-19
C6814465,Greg,Shah,Tomorrow,M,,patriciamoore@example.net,England,Port Richardhaven,44565,2026-02-16
C9213753,Michelle,Foster,1999-08-13,F,471.491.4625x47707,NULL,England,Weaverland,52139,2023-03-20
C152152,Latoya,Patrick,1971-11-26,NULL,001-671-832-6451x80151,alexander06@example.net,U.K.,Bradleyberg,02615,2022-10-31
C1251638,Dorothy,Juarez,1949-11-06,Other,001-909-283-0718x096,vmarshall@example.net,GB,Jesusmouth,31623,2023-01-05
C178005,Steven,Eaton,1937-06-03,NULL,001-820-572-2766x294,jonesjames@example.com,United Kingdom,New Jameschester,11672,2021-10-07
C7400417,,Banks,1978-02-24,M,001-471-554-8326x68081,gallagheralexander@example.com,United Kingdom,New Mary,06471,20230917
C1120050,Juan,Reid,1975-10-30,F,8974075075,longnicole@example.org,England,Robertochester,52286,2024-09-16
C6232231,Tanya,Jensen,19800307,Other,3404872796,gregory32@example.org,GB,Kellyfort,15605,2023-03-24
C6826995,Leslie,Ewing,1969-01-01,NULL,894-558-1468x02320,kgarcia@example.com,UK,Dudleyland,99552,2026-05-21
C5658148,Peggy,Burke,1982-07-30,NULL,6852561843,zhorn@example.com,UK,Thompsonbury,10764,2022-01-03
C2900560,Nicholas,Stewart,1949-07-04,Other,433-262-1726x724,williamwang@example.com,United Kingdom,Lake Jessica,96951,2023-12-29
C1027118,Kyle,Farley,1957-08-02,NULL,001-956-980-9715,ucollins@example.org,United Kingdom,Bauermouth,19335,2025-11-10
C6346003,Sonya,Franklin,1945-05-13,M,001-802-325-9537x166,yangmatthew@example.org,GB,Grantside,23894,2025-11-10
C2437774,Kaitlyn,Ramirez,1998-08-15,Other,784-479-6184x86256,esmith@example.net,United Kingdom,Birdfurt,98199,2022-02-07
C7072296,Robin,Wood,1941-05-29,M,3057660298,novakbarbara@example.net,United Kingdom,Tracymouth,26847,2025-01-03
C9605597,Brandon,Phillips,1952-11-26,M,+1-527-743-7156x84119,amybutler@example.com,U.K.,Krystalberg,64172,2024-01-29
C6541364,Gordon,Matthews,2006-11-26,F,5746106906,hsanchez@example.net,UK,Dillontown,57615,20221124
C3342060,Jennifer,Wagner,2002-03-17,M,(743)876-2638x3280,allenlopez@example.com,U.K.,West Shannon,18624,2023-11-10
C5947873,Antonio,Roberts,1949-08-26,M,(895)755-5071x684,willistyler@example.com,UK,North Nicoleburgh,37064,2021-11-27
C6110844,Karen,Sanders,1971-06-02,Other,973-537-6287,christophersilva@example.com,UK,South Gregory,94693,03-11-2025
C3261189,Leslie,Weber,25/06/1979,Other,733.553.4159,nelsongary@example.net,UK,Lake Jenniferton,18243,2024-12-28
