CustomerID,FirstName,LastName,DOB,Gender,Phone,Email,Country,City,Postcode,RegistrationDate
C8139849,Timothy,Peterson,1960-06-11,F,001-385-351-8335x20170,paulpatricia@example.net,GB,New Brittany,15915,2024-08-21
C6889606,Johnny,Chambers,1948-06-05,NULL,+1-341-437-2592,patrick59@example.com,England,Stephenton,14897,2023-05-06
C7544050,Kayla,Cox,Tomorrow,Other,220-773-6974,shortmegan@example.com,U.K.,West Emmaville,31336,2025-12-21
C2814144,Robert,Villa,1937-10-09,NULL,(717)691-1054x06892,jacoblee@example.net,United Kingdom,Ramirezberg,02758,2022-12-14
C7269208,Crystal,Singleton,1974-06-28,F,(437)957-1282x18742,robertsmith@example.org,UK,East Lisaport,98320,2025-12-19
C2547626,David,Hoover,1942-03-09,Other,(712)591-0849x9996,jasonfields@example.net,England,West Anneville,75556,2025-09-17
C8702102,Katelyn,Lloyd,901231857,NULL,+1-657-622-4268x54174,lawsonchristopher@example.com,GB,Lake Katieport,11061,2023-10-07
C8677641,Chris,King,1966-09-07,Other,576.841.2911x2872,hillbethany@example.com,U.K.,Floresshire,91224,2022-01-07
C7639737,Dana,Ramirez,1994-11-09,NULL,296-742-1007x77859,dillonhayley@example.net,U.K.,Nancychester,12247,2023-11-21
C8008808,Rachel,Ewing,928864582,NULL,(832)338-2160x317,kelly90@example.net,United Kingdom,Myersview,77642,2025-08-28
C2823270,Levi,Edwards,1986-03-12,M,+1-305-634-6638x73281,ballkevin@example.net,United Kingdom,Smithshire,28315,2021-10-27
C7226839,Samantha,Chambers,2006-04-20,Other,940-768-4678x480,dkim@example.net,GB,Garrettbury,16594,2025-08-21
C4662133,Michelle,Brady,1960-10-04,M,(326)431-1733x4407,keith13@example.com,United Kingdom,Williamsburgh,55153,2024-08-24
C1809711,Phillip,Nunez,1965-12-19,F,513.290.4277x10272,megan59@example.net,U.K.,South Dawn,60115,2026-07-18
C5315734,Brenda,Woods,02-07-1993,M,938.523.1158,grahamangela@example.com,GB,South Tracey,54054,2024-01-28
C6400203,Tanya,Conner,1954-10-06,Other,3474951256,morrisonerica@example.net,U.K.,Jonesmouth,71977,2025-05-27
C1752351,Terry,Simon,1975-03-05,M,+1-738-938-2062,rebeccaduarte@example.org,United Kingdom,New Dawnfurt,05172,2023-05-04
C1502184,Robert,Jones,1975-11-25,Other,001-661-936-2811x064,bradleygonzalez@example.net,UK,Denisestad,78817,2022-04-21
C3287879,Yolanda,Nolan,1967-04-09,M,536.828.1807,petersbradley@example.net,GB,East Garychester,79163,2022-04-02
C8952220,Gary,Brown,1998-04-04,F,933.937.1972x587,hunterbelinda@example.com,GB,Jonathanberg,19402,2023-04-10
C7507544,Jose,Hancock,1943-05-16,M,(862)601-8320x149,lovejames@example.com,United Kingdom,Hernandezville,39022,2021-11-28
C6188781,Diane,Wilson,1944-12-30,F,(584)483-7459x9669,denise00@example.org,U.K.,East Veronicamouth,35558,Yesterday
C8296571,Clayton,Grant,1985-01-09,Other,879-743-8402x01590,andrewbrown@example.net,GB,Michaelton,81807,2024-05-23
C7463429,Luis,Pace,1981-06-28,M,+1-973-504-7798x68766,fcarpenter@example.org,UK,Michaelbury,30000,2023-10-08
C8373606,Nathan,Moore,2003-06-28,Other,001-506-994-6622x389,khenry@example.org,UK,East Bob,29305,2024-11-18
C3090589,April,Unknown,2006-08-21,M,(393)827-5243x8378,whitney70@example.org,UK,West Samanthashire,74806,2025-02-05
C3090107,Kayla,Dunn,1974-09-28,F,396-313-5004x90310,woodssara@example.org,GB,Walkerfurt,56379,2026-02-15
C7587466,Brett,Arroyo,1940-01-11,NULL,767.428.4719,emily95@example.org,GB,Stephenville,95651,08-23-2024
C8220848,N/A,Cruz,1947-12-08,NULL,(763)671-7679x3437,corteznatasha@example.net,United Kingdom,Murilloport,02612,2022-07-18
C3464014,Timothy,Mathis,1967-07-31,NULL,001-446-808-8518x89458,vpatterson@example.org,U.K.,West Davidville,71785,2024-03-23
C8814716,Caitlyn,Perry,1980-02-21,NULL,001-236-503-3094x722,kleinsara@example.org,UK,Heatherberg,43829,2024-07-04
C9818301,Aaron,Anderson,1965-06-13,Other,4999349506,petersendeborah@example.net,GB,Rodriguezport,36210,2021-10-10
C1803929,Amanda,Baker,1979-07-25,NULL,+1-906-680-2653x300,krystalcross@example.com,England,Jeremyfurt,46973,2025-11-01
C8480565,William,Wilson,1949-12-10,M,922.320.0159,jasonwong@example.org,UK,North Timothy,55248,2025-06-24
C3041941,Angela,Martin,1940-11-03,NULL,841.740.5936x074,mccarthyrobert@example.net,United Kingdom,Jamesville,15201,Yesterday
C2077056,Jason,Stein,1983-02-15,NULL,763.258.6324,katelynlyons@example.net,England,Lisaton,21575,2022-05-24
C4693447,Warren,Hicks,1955-03-14,Other,Unknown,reginamacias@example.com,U.K.,East Michael,71460,2023-04-03
C3321235,Sean,Flores,1946-06-20,F,374.650.0593,jmartin@example.com,U.K.,Leemouth,23603,2023-12-07
C2343340,Hannah,Gray,Yesterday,NULL,,copelandmelanie@example.org,GB,Kleinfurt,36075,942204007
C4317554,Robert,Williams,1939-03-29,Other,(912)421-3144x180,mwatts@example.com,England,Port Brandonton,90046,2024-04-15
C73610,Kimberly,Torres,1971-02-12,NULL,579.461.2585x379,vmcgrath@example.com,United Kingdom,Port Danielle,35808,2021-10-09
C3689320,Jessica,Charles,1953-12-25,NULL,295.859.8868x11937,anthony69@example.org,U.K.,Karenfort,42567,2023-03-24
C5282083,Sandy,Green,19811112,NULL,001-982-771-1113x58952,lopezkyle@example.org,United Kingdom,South Lonnieland,67191,2025-05-10
C2751826,Tammy,Hawkins,1987-10-20,F,(389)476-0258,shannon02@example.net,UK,Johnstad,72641,2024-08-01
C6707653,Veronica,Thompson,1973-02-24,NULL,609.226.6341x1144,benjaminwright@example.org,England,Katrinastad,09706,2023-11-02
C1265825,Amy,Munoz,1944-08-01,F,(906)578-6546,delgadosarah@example.com,UK,Thompsonstad,62237,2024-04-28
C1635552,Adam,Robles,1972-10-10,M,001-993-892-0113x80032,stacyanderson@example.net,GB,Lake Jessica,98242,2023-08-07
C6991027,Randy,Floyd,1970-07-04,F,874-925-3213x2035,brian14@@example.net,U.K.,Taylortown,13573,2026-01-22
C3079879,Danny,Jones,1961-04-25,M,494.669.9330x59659,richard55@example.net,England,Saraview,83173,2021-12-02
C5561174,Tyler,Fisher,1958-05-22,Other,N/A,wthompson@example.net,UK,South Sherry,07980,2024-01-01
C1408588,Courtney,Unknown,1949-01-28,F,001-468-201-2746x049,courtney75@example.com,UK,West Nataliemouth,55816,2024-12-04
C4653298,Willie,Villa,1971-10-31,F,+1-308-891-5479x67023,wjones@example.net,UK,East Luke,44714,2023-11-21
C5100551,Katherine,Daniels,1968-01-27,M,(807)429-6798x742,nancytorres@example.com,U.K.,Samanthatown,85208,15/07/2022
C6012639,Wendy,Mendez,1962-09-26,F,001-717-418-1861x395,jordanpatrick@example.net,England,Robertmouth,38205,2023-02-04
C4670098,Michelle,Morrison,2008-06-21,M,576.483.2929x7904,umann@example.org,U.K.,Veronicamouth,05855,Tomorrow
C453781,Margaret,Fisher,1975-12-23,Other,+1-477-591-6793x03111,carrie15@example.com,U.K.,West John,88238,2022-03-29
C9353655,Karen,Stuart,1986-06-13,F,260-831-7514,mercerraven@example.net,United Kingdom,East Glenn,79791,2023-01-08
C6023834,Johnny,Sanders,1945-12-30,Other,243.739.7237x3198,ethomas@example.net,GB,Lake Rebeccaport,06345,2025-02-01
C5421113,Amy,Barnett,1984-08-06,M,745.626.5315x6472,ronald04@example.org,United Kingdom,New Joshuaberg,07332,2023-08-02
C3643671,Chad,Gilbert,1938-02-10,NULL,+1-665-287-6098x12400,usmith@example.com,GB,West Alicia,69158,2022-06-06
C9978145,Diana,Berger,1949-02-13,Other,928.398.9032x13832,kennethcowan@example.net,United Kingdom,Laurieburgh,67573,2024-04-03
C5600625,Robert,Watkins,2000-06-05,NULL,937.931.7041,ggarcia@example.org,England,Lake Cassandrashire,33448,2022-08-12
C4466986,Nancy,Palmer,1983-09-22,F,(696)569-5452x97434,garciatimothy@example.org,UK,Mileston,89482,2022-12-04
C9434038,Sarah,Johnson,1960-08-09,NULL,001-556-321-9164x85543,andreamurphy@example.com,U.K.,Christinatown,86946,2025-11-22
C9449048,John,Thompson,1960-12-08,M,001-278-451-2567x5402,rhonda30@example.net,England,Jasonborough,16068,2025-09-14
C3047571,Joel,Hill,1973-01-31,F,+1-518-528-9638x3788,theresaperez@example.net,UK,Hinesburgh,86118,2023-09-19
C1287567,Michael,Guzman,1983-09-07,NULL,(332)800-2853x3744,joy77@example.com,UK,West Brandonhaven,43330,2022-01-24
C7750521,Emily,Russell,1936-12-09,M,204.944.1886,brad21@example.org,United Kingdom,Lake Stevenbury,46457,2024-04-10
C6928659,Donald,Murray,1954-01-09,M,+1-751-729-2833x25380,jasminemartin@example.net,England,North Amyfurt,10907,2022-03-16
C6067866,Sarah,Holder,1938-04-30,Other,001-778-974-1685x1155,brian52@example.org,United Kingdom,West Connieberg,85827,2024-02-23
C1709531,Paul,Dickson,1968-07-11,F,,iwilliams@example.org,UK,Lake Lori,09013,2023-08-07
C7106360,Scott,N/A,1979-12-11,M,+1-788-715-0111x28298,william31@example.com,U.K.,Bergerbury,66388,2025-06-04
C4334316,Paul,Valencia,1961-06-24,M,+1-782-539-8893x5505,jeffrey64@example.com,U.K.,Anthonyburgh,19336,12-08-2022
C5080070,Justin,Barton,1958-10-31,Other,700.506.0714x57941,kelly21@example.net,U.K.,West Caitlinchester,50225,2021-10-08
C4948928,Bryan,Vazquez,2001-02-07,M,+1-635-313-9957,thomasmaynard@example.net,GB,Josephmouth,73079,2024-11-07
C8128503,Kevin,Cantrell,1949-07-25,Other,+1-551-709-2986,vanessa10@example.net,England,Mcgeetown,17589,26/11/2024
C8160119,David,Melton,1961-09-26,F,001-435-374-8605x494,randy76@example.net,United Kingdom,Millertown,79260,2022-02-05
C4842431,Lisa,Bennett,2003-03-09,F,001-709-573-2730x01100,mphillips@example.org,UK,Richardshire,66092,2022-03-16
C4501386,Alicia,Peterson,19520322,F,937-294-3626x617,vanessadean@example.org,GB,West Anthony,86126,2021-09-18
C2468709,Cynthia,Jenkins,1938-01-09,F,(929)958-5762x9606,ywright@example.org,U.K.,Lake Glennborough,92491,2021-09-22
C2481018,Rhonda,Delgado,1947-06-17,NULL,+1-890-600-1846x46665,vlindsey@example.net,United Kingdom,Robertbury,53673,2021-10-20
C7103514,Kristin,Mccarthy,1968-04-23,M,920-234-9052,priscillanguyen@example.com,UK,Michelleton,79347,2025-09-15
C2108253,Lisa,Sparks,1946-10-06,F,001-633-239-0416,huertajoseph@example.org,England,West Shannonfort,49578,2026-07-25
C127450,Paul,Krueger,04-09-2004,F,001-912-387-3330x752,richard13@example.org,UK,Oconnellton,02204,2024-03-17
C6379742,Christina,Evans,1960-07-24,Other,681-660-5912,carla85@example.net,UK,Jacobsside,70653,2026-06-08
C4670308,,Williams,1976-04-18,F,278.778.7376x57680,twinters@example.com,U.K.,North Fernandomouth,97064,2023-06-05
C9895281,Stephen,Spears,1958-03-16,M,001-852-922-4601,bobbyyoung@example.net,U.K.,South Brittney,99118,2023-02-14
C556579,Felicia,Shannon,1991-04-10,NULL,468-373-9259,browntyrone@example.org,UK,East Cynthialand,84272,2026-06-29
C1300693,Julie,Moore,1959-10-30,M,779-666-7399x2517,sara54@example.com,United Kingdom,New Shannonhaven,93905,2024-07-10
C9734923,Karen,Hobbs,1955-08-20,F,6026266357,kblevins@example.com,United Kingdom,Davilaview,06159,2022-11-13
C5129843,Matthew,Dawson,2002-07-24,NULL,583-652-6694x361,gail92@example.net,United Kingdom,Lake Ericborough,42758,2022-11-10
C8666997,Unknown,Vazquez,1937-12-11,Other,001-587-464-5881x4493,scampbell@example.org,U.K.,Brownbury,21488,14/02/2024
C120279,Bradley,Patton,2005-04-13,Other,+1-441-923-8661x200,zhanglawrence@example.org,UK,South Daniel,41209,2022-01-13
C1735569,Glenn,Stanton,1953-12-19,NULL,939-333-0052,james81@example.net,GB,Sharimouth,84756,2023-04-18
C7891385,Jermaine,Singh,1956-12-29,NULL,550.877.9441,parkertoni@example.net,GB,North Robert,67602,2025-12-01
C620053,Christina,Colon,1978-07-20,Other,641-929-2979,brownmaria@example.net,England,Sandersmouth,35646,2022-01-13
C7349999,Edward,Gonzales,1995-07-28,F,222-790-3252x663,joseph91@example.com,U.K.,West Sarah,52980,2024-05-07
C5193132,Mario,Anderson,2003-09-12,M,3703413548,kanderson@example.org,England,Annaton,60059,Tomorrow
C2024545,Tiffany,Williams,1952-09-24,Other,710.872.3634,zhoward@example.net,United Kingdom,Lake Kelly,72149,2024-07-21
C5068419,Rhonda,Williams,07-10-1999,F,827-417-1370x623,mrodriguez@example.net,UK,Andrewburgh,64488,2024-06-18
C3551488,Daniel,Juarez,1992-12-29,F,763.664.5489,samantha65@example.com,GB,Potterland,40680,2025-08-13
C4983659,Mary,Fuller,1946-10-08,F,501-761-7204,duanemullins@example.com,UK,New Scottside,69323,2023-05-15
C7956394,Bradley,Cunningham,2002-06-11,F,287-718-2041x969,christinewilson@example.net,United Kingdom,Wardberg,41824,2024-06-25
C6357108,Jeffrey,Davis,1937-11-23,Other,712-448-5737,robert41@example.org,UK,Lake Jacqueline,19687,2025-07-14
C2091682,Christopher,Taylor,1948-08-18,Other,(727)319-5524x2460,robert03@example.org,U.K.,South Allisonburgh,80178,2023-05-08
C2618098,Claudia,N/A,1977-11-01,NULL,001-435-947-7135,ian01@example.com,UK,Moorefurt,99339,2023-01-29
C6880010,Reginald,Keith,1994-03-06,NULL,7015280452,hdelgado@example.org,UK,Oconnorville,58836,2024-01-20
C557341,Clifford,White,02-16-1985,NULL,001-923-227-2964,dnguyen@example.com,U.K.,Christopherburgh,17798,2021-09-30
C7208258,Regina,Ramirez,1949-03-21,Other,2499835682,doylejacqueline@example.net,UK,South Jonathanburgh,51947,2022-04-15
C912963,Michael,Adkins,1957-05-15,Other,(298)721-4579x4863,sarahmendez@example.net,England,Jeremyfort,32740,2024-04-27
C2190555,Paul,Smith,1981-05-05,Other,001-489-804-2512x8452,jamesdudley@example.org,UK,South Adamside,13958,2025-01-20
C2278347,Michael,Stone,2006-05-05,F,+1-729-352-3272x59422,william25@example.org,United Kingdom,West Johnchester,39702,2021-10-01
C9720022,Alexander,Ramirez,2008-07-19,NULL,(259)702-6933x1776,bpratt@example.com,United Kingdom,Adamshire,54646,2024-01-19
C3714446,Wesley,Wilson,1959-10-15,Other,001-319-694-5800x4849,jason38@example.com,England,Robinsonhaven,31439,2025-10-17
C9869718,Sabrina,Martinez,1962-04-10,Other,2386894739,carlsonjonathan@example.com,England,East Jamie,52422,2023-11-10
C4059860,Jason,Unknown,1970-01-10,F,001-535-235-9421x7092,laurenlopez@example.net,United Kingdom,Johnshire,81292,Yesterday
C4238741,Jerry,Rodgers,1981-02-18,F,NULL,juliegallagher@example.com,United Kingdom,Heatherville,22256,2022-04-01
C7016379,Roger,Ward,2005-05-06,NULL,001-319-761-6005x5661,davisronald@example.org,United Kingdom,Millerburgh,35503,2022-02-24
C9296535,Leah,Watson,1945-02-11,M,+1-949-396-2739x840,bsharp@example.com,England,Stoneburgh,62678,2024-02-01
C3273213,Unknown,Mason,1985-10-06,Other,001-924-996-9968,danieldiaz@example.com,U.K.,Paulhaven,98727,2026-06-17
C884514,Jessica,Klein,1993-01-14,M,341-680-6948,bhaney@example.org,GB,North Alexis,14894,2025-10-07
C8221384,Robert,Wang,1999-03-22,F,001-762-215-9353x48503,kathleen93@example.com,U.K.,Justinberg,52205,2025-04-30
C2231124,Joseph,Watkins,1983-04-01,NULL,5028840997,ialexander@example.org,England,South Russell,09589,2025-12-11
C5374028,Diamond,Cruz,1979-11-23,M,(533)287-7333x24820,quinnkatherine@example.net,England,Goldenland,52767,2022-10-23
C8689865,James,Pacheco,2003-11-14,M,815.276.3206x569,bryanjeremy@example.org,GB,New Kevinberg,02414,2021-11-22
C6733330,Michael,Green,2007-08-30,F,+1-313-951-2699x615,kylecole@example.com,England,West Megan,99334,2025-12-10
C1776573,Tony,Morrison,2007-03-24,Other,503.859.8963,richardatkinson@example.com,U.K.,Timothyview,06389,2023-06-17
C4220333,Tracey,Martin,436923135,M,645.727.0388x8631,fjones@example.com,UK,Elizabethfort,71917,2022-09-20
C6820006,Sean,Lee,1951-05-04,NULL,576.897.0510x8636,aguilaralexander@example.net,United Kingdom,Kelseyburgh,54124,2023-04-14
C8681132,Brandy,Yang,1940-07-22,F,(262)661-6437,wrightjeremy@example.org,United Kingdom,Jennifermouth,81961,2023-04-17
C2851681,N/A,Hodges,1947-09-03,F,931-462-3789,steven06@example.org,United Kingdom,Williamsville,49006,2022-02-28
C4669783,Dale,Sloan,2007-06-23,Other,530-269-4350,james34@example.net,GB,Kimberg,20201,2024-07-01
C3692805,Brandon,Smith,1974-07-14,NULL,(739)516-6366,smithsandra@example.com,U.K.,Millerland,53996,2024-02-27
C2314582,Katie,Acevedo,1939-07-13,M,(702)609-7127x47668,NULL,United Kingdom,Rodgershaven,80918,2026-04-24
C7380485,Donald,Chapman,1958-02-28,M,(873)443-3801,cindygoodman@example.com,United Kingdom,Moonport,15067,2022-05-28
C6806855,Jeremy,Brown,1995-03-10,NULL,+1-769-363-2174,crystalsmith@example.org,United Kingdom,Contrerasstad,13558,2021-12-19
C5171916,,Morales,1994-08-14,M,374.667.2225x641,barnold@example.net,UK,Wardhaven,03990,2024-07-09
C1622500,Unknown,Davis,1978-03-25,Other,4938872710,briannaharris@example.org,UK,Popemouth,69711,2024-09-17
C2377801,Wayne,Watson,1964-07-24,F,001-234-350-5034,brent15@example.com,United Kingdom,Hudsonstad,75651,2023-07-01
C1603986,Julie,Robinson,1957-06-05,M,(379)687-0275,mike91@example.net,United Kingdom,Lake Sarabury,99408,2022-01-14
C5836778,Heather,Davis,1982-05-12,M,+1-924-676-1262x49829,NULL,United Kingdom,Paulafurt,98088,2025-06-06
C2979905,Leslie,Brown,1994-12-04,NULL,(628)842-3235,omendez@example.net,England,Beverlychester,71940,2023-02-18
C6946168,Jeremy,Mckinney,1969-05-20,M,(399)893-8491,veronicaanderson@example.org,GB,Port Brandon,90735,2022-09-19
C721533,Emily,Ritter,1949-11-11,Other,(548)340-1563,ramseyshannon@example.org,United Kingdom,Michaelville,22509,2023-03-29
C4613979,Rachel,Koch,1964-07-14,F,996.562.3718x19218,bramirez@example.com,UK,East Stephanieborough,22968,2023-10-14
C9820658,John,Davenport,1971-10-21,M,256-433-2627x4960,robertdawson@example.com,UK,South Angelabury,58864,2024-03-28
C5558753,Courtney,Cunningham,1938-10-23,F,560.271.5859,nmitchell@example.net,UK,North Timothytown,07481,Yesterday
C3583838,Christopher,Flynn,1936-01-20,Other,383-260-1657x192,clintonsanders@example.com,U.K.,Jeromeborough,21719,2024-01-19
C2900438,Adam,Hughes,1972-04-07,M,001-977-375-2276x921,johntyler@example.com,England,Medinachester,82483,2025-12-12
C8110475,Emily,Taylor,1949-02-16,F,944-981-1207x7984,wallmichael@example.com,GB,Tracieton,11544,2024-10-18
C2242690,Samantha,Matthews,1986-09-10,Other,633.385.6619,richardscrystal@example.com,U.K.,Josephshire,96360,2025-09-26
C6444073,Robert,Fuller,2006-11-24,M,312.287.2959x3449,stephanie42@example.com,UK,Lake Erika,68628,2022-08-11
C4902458,John,Duke,2001-12-14,NULL,952.557.2805,rodriguezpatricia@example.net,U.K.,Cathychester,73629,2024-07-16
C6852267,Kristin,Cardenas,2003-12-18,NULL,910-487-7449,daviscorey@example.com,UK,Lake Matthewburgh,67597,2024-05-10
C8898906,John,Bennett,10/07/1959,Other,719.760.3686x103,ejordan@example.net,GB,Mikaylamouth,68782,2025-03-28
C1148243,William,Thompson,1959-10-21,F,929.219.4782,carrie87@example.org,GB,West Raymondmouth,19178,2023-02-23
C6885681,William,Hall,1955-03-09,F,991-206-8800x03424,douglasmcdaniel@example.org,United Kingdom,Watsonmouth,05314,2022-03-11
C8160782,Misty,,1936-07-17,NULL,001-305-214-3241x5666,christy78@example.com,U.K.,West Dana,22860,2022-07-12
C418174,Ryan,Smith,1989-04-28,Other,(559)597-3297,emilythomas@example.com,England,Katherineberg,56246,Tomorrow
C1430079,Amber,White,1998-01-07,M,001-635-544-0669x526,iphillips@example.com,United Kingdom,Joneschester,50809,2025-06-28
C5893600,Mary,Flowers,1974-04-20,Other,(266)953-9111x1447,courtneylopez@example.org,United Kingdom,West Yolandaburgh,60648,02-03-2024
C6468243,Grant,Frank,1954-11-13,Other,+1-563-271-4969x8101,michaelwalker@example.org,England,Michaelchester,17874,2022-10-25
C6083976,Vicki,Riley,1940-10-25,Other,(867)738-6518,carl60@example.org,England,Sanchezstad,70796,2024-07-23
C4287562,Tyler,Kim,1955-09-23,NULL,001-550-232-4520x4011,psimmons@example.net,GB,Port Victorside,92877,2023-12-05
C9299833,Stanley,Ross,1963-12-31,M,(996)223-0837,waderebecca@example.net,GB,Douglasmouth,09329,2024-04-05
C4021718,Marisa,Rose,1942-10-17,NULL,(859)676-4051,colleen17@@example.net,GB,Amandaview,98268,2022-12-20
C2241659,Jackson,King,2006-05-04,M,001-954-581-1677x197,ljones@example.com,England,Michaelport,25471,2024-01-25
C76197,David,Carroll,2003-05-06,F,+1-932-746-7874x45556,frank24@example.org,England,Port Patrick,31172,2021-08-20
C1663674,Jessica,Francis,2005-12-04,M,650-819-2380,scottsimpson@example.net,UK,Fernandezside,31207,2024-07-17
C616392,Robert,Hartman,1944-05-16,Other,352.699.5219x3506,kpotter@example.com,England,Lopezton,16253,2024-10-05
C6516767,Patricia,Baker,1982-11-30,NULL,467.962.7538,pattersonjennifer@example.org,UK,Lake Jenniferville,87979,2022-10-13
C4084060,Joseph,Scott,Yesterday,M,001-589-395-1844x0769,duranbrian@example.net,United Kingdom,Ginamouth,84106,2022-06-15
C4445737,Debra,Robertson,1971-04-09,M,(599)248-5285x5616,vbarrera@example.com,UK,East Bridgetfurt,37492,2022-10-25
C6252263,Denise,Lewis,1991-08-15,Other,001-348-540-3393,denise62@example.org,United Kingdom,Jacquelineburgh,64052,2024-01-19
C8018610,Jennifer,Griffin,1966-04-28,NULL,(255)908-3430x0984,kenneth93@example.net,United Kingdom,Shieldston,12068,2025-04-21
C7403032,Dustin,Park,1946-03-20,NULL,001-413-213-4198x712,dawn07@example.org,UK,Perezton,12283,2023-03-11
C2056406,Timothy,Coleman,1987-01-03,M,(867)486-8144,tlutz@example.com,United Kingdom,Nelsontown,48656,2024-09-30
C3941632,Michael,Phillips,1968-09-24,NULL,+1-528-761-9506,erikanderson@example.com,United Kingdom,Fordfort,64420,2025-10-22
C700153,Kelsey,Crane,1945-06-15,F,(404)486-9261,adam07@example.org,GB,Hatfieldburgh,82532,2021-11-01
C5337565,Jacqueline,Bonilla,1971-04-28,M,001-636-771-6585x27581,kallen@example.org,GB,West Danielmouth,42429,2024-01-14
C623569,Martha,Hale,1955-07-01,NULL,3938412605,bateskathryn@example.com,GB,Gonzaleschester,30780,2021-10-10
C8546448,Jonathan,Kerr,1994-11-04,Other,542.865.2709x690,wmcmahon@example.net,England,New Damonside,73745,2026-05-07
C5883747,Shawna,Logan,1945-05-12,M,+1-589-467-1126x6567,cjackson@example.org,GB,Samuelhaven,75194,2024-02-23
C2372006,Virginia,Johnson,1940-11-29,F,+1-942-243-5199x42840,xpetty@example.org,England,South Jesse,76031,2024-05-25
C6688660,Brian,Nguyen,1935-09-05,Other,+1-954-684-0703x1499,hillrebecca@example.org,UK,Amymouth,08464,2026-07-11
C9784672,Sarah,Martinez,1974-02-19,Other,785.972.6631,yvette37@example.net,GB,West Valerie,30163,2026-03-26
C5668347,Unknown,Jones,1981-08-11,NULL,5272104320,daniel10@example.net,GB,Johnville,85231,2022-11-22
C8668646,Holly,Brown,1996-04-17,F,9964209702,jeremiahmarshall@example.com,England,North Jamesfort,37945,2026-01-23
C3593993,Sonya,Nichols,15/06/1989,Other,(974)382-2196,amber48@example.net,GB,Tiffanytown,60749,2022-06-06
C8009131,Jill,Davis,Tomorrow,M,001-316-366-3934x171,barnettmary@example.org,England,New Kimberlyfort,46263,Yesterday
C3528239,Crystal,Perez,1941-01-21,Other,Unknown,lorraine68@example.net,United Kingdom,New Brendan,12296,2024-03-11
C8558538,Traci,Murray,1946-11-16,Other,(394)335-8958x833,jeromecook@example.net,England,South Nina,33655,2023-09-17
C3702999,Michael,Pham,1993-11-26,M,(629)768-6690x855,rileyjames@example.org,England,East Ann,43849,2023-12-16
C8217760,Helen,Smith,1966-10-28,M,735-452-5225x295,karenrichardson@example.org,England,New Ericberg,39393,2023-11-11
C8623422,Ryan,Unknown,2008-05-26,M,676.838.9690x279,tatecolleen@example.net,United Kingdom,Gardnerhaven,31538,2024-03-13
C3427255,Tammy,Woods,1947-11-05,M,+1-807-454-9207,carla06@example.org,U.K.,North Monica,95428,2022-12-29
C4426923,Rebecca,Mccoy,1982-10-11,M,(311)478-6930x27780,sharonpace@example.org,GB,West Sandra,50351,2026-03-25
C5338997,Christina,Lane,2005-05-07,Other,701.455.8817x225,susanmoreno@example.net,U.K.,Lake Kayleefort,41164,2026-07-26
C9961773,Joseph,Barnes,1981-11-29,F,Unknown,qjohnson@example.com,United Kingdom,Lucashaven,70668,2023-06-07
C1883109,Natasha,Love,1986-02-13,F,(864)711-3092x951,jonathan40@example.com,United Kingdom,West Frank,92551,2023-02-11
C4696508,Allen,Taylor,2002-03-03,Other,533.813.0562x105,maxwellmadison@example.net,United Kingdom,North Sierraview,25377,2025-12-25
C3840520,Mark,Shaffer,2003-11-10,NULL,978.381.7205x042,selena04@example.net,GB,South Christopher,43320,2024-06-25
C8232610,Jerry,Smith,1955-08-26,M,398.766.0791,nmendoza@example.net,United Kingdom,Toddchester,09908,2025-02-04
C3307292,Chelsey,Baker,1979-09-19,F,667-883-9235x259,qmoore@example.net,UK,Boydfort,97198,2025-12-14
C8806275,Shawn,Jackson,1935-10-10,Other,317-607-7920x4932,briannajohnson@example.com,England,West Carlos,35367,2021-12-23
C5056916,Randy,Miller,1948-02-23,Other,001-472-954-5803,michelle74@example.net,U.K.,Lake Clinton,80980,2026-06-17
C7743737,John,Kaufman,1980-03-31,Other,730.564.9295x766,nicholas97@example.org,UK,Wellsport,62494,2023-07-03
C7924152,Gary,Smith,1978-09-04,Other,481.562.5267x4523,terrychristopher@example.org,U.K.,Seanfurt,38049,2023-08-09
C5357314,Edwin,Hart,1964-03-07,F,(429)601-8111,chris44@example.org,England,Penningtonside,82786,2021-09-08
C9528379,Jerome,Long,1947-08-20,F,001-276-933-6287x09660,patriciapreston@example.net,UK,Jenniferburgh,13510,2023-03-20
C5213481,John,Walker,1990-06-21,M,958-367-2195x98357,willisrachel@example.com,UK,Patriciaborough,60072,2023-02-01
C3653697,Matthew,Patrick,2003-08-16,NULL,(954)674-9025x979,shanegibbs@example.com,GB,West Haley,66170,2026-06-22
C4054989,Jonathon,Davis,1962-01-29,M,+1-757-804-1539x1920,booneashley@example.com,England,Jordanton,72323,2022-05-12
C3998094,Lindsay,Avery,1957-11-19,Other,+1-816-253-8205,robert33@example.net,UK,Blakeland,06324,2026-06-05
C5553071,Matthew,Duncan,1993-04-24,NULL,(868)809-3041x155,arthur59@example.com,U.K.,Tranburgh,11039,2025-01-21
C6469867,David,Miller,2007-01-01,NULL,+1-283-675-0776x6632,zwalls@example.org,United Kingdom,Maryfort,82762,2026-04-30
C5975308,Amy,Wade,2008-06-19,M,001-750-404-0099x6783,caitlinbarton@example.net,United Kingdom,Kristenmouth,22043,2025-03-24
C9999471,Tina,Williams,1938-12-01,Other,+1-210-511-3672x02270,stephen77@example.org,United Kingdom,New Trevorfurt,72190,2025-05-21
C3176394,Tara,Brown,1959-03-19,Other,686.377.7819x28849,terricameron@example.com,UK,Clarkemouth,94827,2024-10-26
C6720712,Sherry,Robinson,1958-09-18,Other,827-301-3758,vincent41@example.org,U.K.,Lake Roger,88678,2024-05-10
C7892741,Steven,Phillips,1998-11-23,NULL,980-649-0166x208,scottjones@example.org,United Kingdom,New Philipfurt,06422,2024-05-17
C5817691,Kayla,Dickerson,2007-12-17,M,+1-316-785-3164x6109,emily43@example.com,England,Edwardfurt,13355,2024-11-15
C3578913,Joshua,Estrada,1981-12-26,M,(559)421-6549x698,xharding@example.com,England,New Mary,15854,2021-11-14
C8928882,Jacob,Norman,1953-11-06,M,3512795380,donnawhite@example.org,England,West Kaitlyn,74717,2022-09-10
C538612,Dominique,Brown,1939-04-19,F,355.641.2624,pmorse@example.org,GB,Maryview,76887,2023-11-05
C3151264,Steven,Mcclain,1984-01-26,M,872.632.3520x228,ruizsara@example.org,England,South Timothymouth,60522,2024-07-28
C9478910,Jenny,Chandler,1942-01-26,M,+1-327-958-8873,edwardbuckley@example.com,England,Lake Lauren,38032,2021-08-17
C3464101,Kelsey,Arnold,1939-04-21,Other,+1-759-356-5631,fowen@example.com,GB,Cainburgh,08168,2024-12-24
C7495938,Denise,Keith,1964-05-01,Other,2566681520,meyersmichael@example.net,GB,Coxside,49205,2023-06-01
C2514428,James,Anderson,2001-11-14,F,+1-447-382-2190x0455,jasonmitchell@example.net,England,Robertsonton,10541,2023-07-31
C8241220,Sharon,Newton,1981-09-20,NULL,3412320915,mejiajoshua@example.org,UK,Watersfurt,28223,2023-01-16
C7091431,Unknown,Schneider,1965-08-16,NULL,001-968-293-3469x602,bwebb@example.org,UK,Vanessatown,14381,2026-05-11
C5578996,Justin,Gonzales,1946-09-28,M,(826)859-2365,gonzalezdebra@example.com,UK,North Jeffrey,20942,2024-05-05
C272619,David,Reynolds,1946-09-02,M,835-998-9121,steven57@example.com,GB,Gallowayburgh,30701,69089780
C6891266,April,Collins,1960-07-27,NULL,909.600.6104x764,charles53@example.org,GB,Kristenborough,34523,2022-01-18
C1012920,Duane,Larson,1965-11-17,NULL,001-983-358-8653x404,pnunez@example.net,GB,Port Heather,59253,2024-01-15
C2523629,Douglas,Hamilton,1950-09-18,M,+1-236-341-5613,samuel43@example.org,U.K.,Mcdonaldmouth,81468,2022-06-22
C501907,Gabrielle,Jackson,1992-04-15,F,9206725690,melissajenkins@example.org,United Kingdom,Newmanfurt,09590,2022-12-08
C8224641,Sandra,Jacobson,1951-06-24,Other,001-299-488-4752x066,brownmatthew@example.net,UK,Williamport,27341,2025-10-22
C9105288,Jennifer,Hill,1998-06-01,Other,305-794-3511x08503,nicole08@example.org,UK,Port Andrew,38431,Yesterday
C1980059,Lisa,Johnson,1978-09-25,Other,+1-279-656-1949x99066,geoffrey08@example.com,UK,Meyersview,08850,2024-11-10
C1402319,Matthew,Santos,1961-03-09,NULL,238.745.2686x13891,frice@example.org,UK,Zimmermanmouth,14924,2022-01-19
C8770812,Carol,Patel,1947-06-25,F,(798)951-6481x8246,justinwilliams@example.com,United Kingdom,Smithchester,22947,2025-10-09
C2787078,Sara,Zamora,2004-03-20,Other,2322632411,vargasangela@example.net,GB,Jillland,64937,2024-08-22
C3107539,Angela,Hampton,Tomorrow,Other,001-992-869-2465x11703,medwards@example.net,United Kingdom,Port Jasonburgh,79091,2023-11-24
C3024967,Amanda,Johnston,1976-01-27,F,834-340-0189,kimberlyrodriguez@example.org,United Kingdom,Gonzalezview,30099,2021-11-07
C7238400,Latoya,Barber,2007-03-07,NULL,625-638-0944x680,ghayes@example.net,GB,New Caitlinshire,91841,05/11/2023
C4286517,Cody,Osborn,1985-05-27,NULL,+1-291-669-9905x682,nlucas@example.net,UK,Nicholasfort,56757,2023-07-11
C9058894,Andrew,,1952-05-24,F,972.969.7941x31869,christensenspencer@example.com,United Kingdom,New Michele,31620,2024-04-16
C1294202,Deborah,Robinson,1998-05-14,Other,8598982179,amyramirez@example.net,United Kingdom,Port Mary,24007,2026-04-27
C4405786,Stacy,Davis,1988-04-19,Other,(552)628-3720x0619,daniel95@example.org,England,Erintown,95777,06-15-2026
C8856041,Christopher,Lopez,1968-04-26,F,864-730-6344,wwalker@example.com,United Kingdom,West Victoriaville,81682,2023-12-04
C1953334,Donald,Snow,1958-10-14,Other,001-929-933-3429x4069,ijones@example.com,U.K.,West Derekmouth,70071,2025-08-13
C8343400,Lisa,Powell,Tomorrow,Other,001-249-637-8420x1386,lopezmelissa@example.com,United Kingdom,North Dean,72162,2024-04-20
C4952700,William,Atkins,1992-03-06,M,(702)618-5910,markevans@example.net,U.K.,Charlesside,64023,2026-06-19
C6415094,Patricia,Lewis,2004-10-02,M,001-234-340-5590,dsmith@example.net,England,Williamsonfort,67309,2023-03-31
C5458182,James,Lozano,2000-01-18,F,271-460-4626x857,jasonhood@example.com,England,Tanyaton,20995,2023-06-27
C5638407,Thomas,NULL,1995-03-06,M,992.213.5018x20451,jeffrey70@example.org,United Kingdom,Lewisport,35131,2025-05-27
C9470113,Mark,Lewis,1961-12-14,F,938.672.7981x4057,wmorton@example.com,United Kingdom,Kevinburgh,04182,2025-01-17
C5490865,Carla,Roberson,2005-06-06,NULL,945.934.1957x436,laurie55@example.org,GB,Thomasland,87829,2021-08-30
C8964357,Kevin,White,1943-11-16,M,389.349.2282,devin89@example.org,United Kingdom,Nelsonhaven,34018,2024-11-10
C1128910,Michael,Keller,1937-07-12,M,254.448.2101x65027,michael24@example.com,U.K.,New Sheena,32550,2025-04-08
C9365123,Brent,Valentine,1971-04-28,NULL,001-926-484-9570x211,joshua42@example.com,U.K.,New James,08292,2022-07-11
C6848604,David,Kidd,2006-01-23,NULL,(252)674-3838x815,johnsonian@example.com,UK,South Travis,25786,2023-02-18
C9135997,Sara,Freeman,1978-11-11,NULL,+1-859-817-6301,mark01@example.net,United Kingdom,East Nicholas,33697,2024-10-17
C8485117,Daniel,Fisher,1989-04-16,M,001-482-532-9587x661,michael46@example.org,UK,Port Pedromouth,22317,2025-07-26
C2292422,Elizabeth,Avila,1998-04-27,F,483-518-4496,brianguerrero@example.org,GB,South Theresafort,66116,2025-03-25
C6862073,Courtney,Phillips,Tomorrow,NULL,001-818-232-2503x0246,matthew93@example.net,UK,Lake Rhonda,39674,2021-10-19
C3168637,William,Mullen,1945-10-16,F,+1-444-611-7810,john85@example.org,U.K.,New Theresabury,92386,2022-04-15
C8902236,Ariana,Sullivan,1999-10-19,M,538.203.3792,sanchezjustin@example.com,U.K.,Kaitlynburgh,54870,2025-05-02
C5580154,-,Higgins,2006-03-28,F,+1-232-821-7649x759,dukemario@example.org,United Kingdom,Lake Maxwell,98153,2022-08-05
C6669444,Michael,Johnson,1995-08-13,NULL,988-585-6800x175,jenniferbutler@example.com,United Kingdom,Port Patricia,05399,2025-08-19
C1177781,Cindy,Howard,2006-10-01,NULL,+1-735-356-9173x29759,schaeferronnie@example.org,England,Griffithton,82283,2025-09-14
C5545235,Ashley,Cruz,1951-10-01,F,+1-449-768-9875x831,jay87@example.net,United Kingdom,West Eileenchester,07477,2025-12-27
C9207352,Sara,Singleton,1967-06-29,F,001-835-323-7062x13215,hunter82@example.net,GB,Larsenberg,09352,2024-07-06
C8960990,Paul,Jones,1962-04-22,NULL,001-708-380-1309,fletcherjames@example.net,England,Willistown,77709,2024-12-13
C4553274,David,Mcbride,1961-07-21,F,(275)557-4399x3695,fisherchristopher@example.net,UK,Stacyview,15965,2025-07-20
C5552380,Adam,Payne,1993-11-21,NULL,576.269.1120,robert37@example.net,United Kingdom,New Brian,82272,2024-05-08
C5907516,Jim,Henderson,1945-08-21,NULL,477.221.8894,stevenross@example.net,UK,Harrisstad,98512,04-29-2022
C7446539,David,Shelton,1950-02-25,NULL,(310)727-8230x504,roberttaylor@example.com,UK,Curryborough,32291,2025-09-25
C8337234,Deborah,Chung,1978-12-13,NULL,592-777-7177x134,bobby66@example.org,United Kingdom,South Larryborough,39860,2025-12-28
C3798313,Matthew,Moore,1948-07-17,Other,001-968-231-0457x22229,oscott@example.org,UK,West Monica,73008,2023-10-20
C6945406,Jessica,Warren,983245880,F,955-629-9908x230,phamdavid@example.org,UK,East Jasonhaven,44856,2024-02-16
C5139443,Richard,Small,1998-02-04,F,(773)270-8565x583,smurphy@example.org,U.K.,Timothyville,52108,2022-09-02
C9697189,Daniel,Mann,1961-03-06,Other,675-331-7486x03099,mackjanet@example.net,United Kingdom,South Alexander,05121,2022-07-22
C2377533,James,Thomas,1954-05-26,NULL,-,arnoldkathleen@example.org,UK,Josephland,39989,2023-06-26
C5205040,Mackenzie,Baker,1940-10-30,NULL,001-432-326-5163x8630,amanda31@example.com,United Kingdom,West Shawnport,15448,2025-07-02
C3342102,Kaitlin,Melton,1991-05-22,NULL,8763498497,david09@example.com,United Kingdom,Lake Charlesstad,26292,20231012
C4184303,Claudia,Juarez,1940-11-04,NULL,(472)338-0941x84673,jamesfinley@example.net,GB,Lake Laura,48964,2023-03-18
C7228711,Erica,Lynch,2008-06-10,M,+1-213-406-4569x275,qray@example.net,United Kingdom,West James,77013,2025-12-28
C9463823,Michelle,Adams,1976-01-01,NULL,511.827.6565,daniellechaney@example.net,England,Collierside,70420,2025-11-11
C9689513,Matthew,Rocha,1940-05-26,M,9198780653,markarcher@example.org,UK,Jessicahaven,36760,2025-07-08
C3501982,John,Rodriguez,1941-06-15,NULL,(501)783-9265x0329,joneserin@example.org,United Kingdom,Aprilshire,06204,2025-09-18
C5940446,Nicholas,,1953-12-24,F,(431)811-8550,nelsonchristopher@example.org,England,Jeffreyburgh,04468,2021-12-05
C2871549,Phillip,Saunders,1998-09-24,F,001-611-746-2285x3376,dianasullivan@example.org,United Kingdom,Jasonside,03436,2023-10-07
C6257325,James,Simpson,1963-03-23,M,3106144262,xmcfarland@example.com,U.K.,Robertston,15548,2024-06-12
C6679683,Christina,Mitchell,2005-12-30,M,(519)537-4269,matthewwhite@example.net,UK,North David,84398,16/02/2022
C7661468,Karen,Ewing,1938-06-11,NULL,001-647-559-1149x614,jdavis@example.com,UK,Richardsonburgh,96448,2024-01-19
C1616181,Riley,Clark,1964-03-06,Other,550-570-7775x694,kevinthomas@example.com,U.K.,Batesland,09757,2023-04-16
C632698,James,Hansen,1939-12-29,M,001-750-639-5815,ryanbrock@example.com,U.K.,Greenshire,98063,2024-09-29
C3127116,Rebecca,Green,1978-09-27,NULL,899.401.7070,amber89@example.org,United Kingdom,Port Kimberly,99881,2026-07-18
C2552581,Kim,Clark,1965-01-28,F,001-761-850-3094x588,ywilson@example.net,UK,Lake Melissaport,60770,2023-02-27
C437013,Lisa,Jones,1998-04-13,Other,395.713.3822x108,fmartin@example.org,U.K.,Allenfort,67462,2026-05-22
C2391922,Vincent,Harrington,1959-04-16,M,(850)602-9189x55174,gutierreztammy@example.com,England,East Elizabeth,46313,2023-07-22
C106440,Jason,Martinez,1957-09-16,NULL,(248)765-9482x66489,aliaaron@example.net,GB,Jenniferbury,89167,2022-01-13
C9923202,Nicole,Mcguire,1953-07-11,M,(344)605-7867x7907,rodriguezparker@example.net,England,Xaviershire,13081,2024-03-25
C2152485,Anthony,Kerr,1966-12-26,NULL,001-705-262-5805,ehenderson@example.org,U.K.,Ryanburgh,60447,2021-09-12
C6208187,Bobby,Mcpherson,1975-12-25,M,001-359-300-5426x886,sanderslouis@example.net,UK,South Robertstad,97560,12-27-2024
C4322921,Lynn,Castillo,1961-08-07,F,+1-967-854-5000,reevesjodi@example.net,UK,Brookeside,89955,2025-06-28
C6962811,David,White,2004-12-06,NULL,+1-541-217-2857x98479,harveybenjamin@example.org,UK,South James,37244,2022-03-27
C965721,James,Sutton,1953-10-22,F,001-555-808-3699x8086,rjackson@example.net,GB,South Brian,62071,2026-05-19
C6840518,Michael,Brown,1991-01-17,M,3546478315,kimberly35@example.org,UK,Josephshire,81243,2023-05-08
C5020892,Joy,Carroll,1998-05-25,NULL,8179650361,vjackson@example.com,UK,North Codychester,46096,2025-05-10
C8227245,Benjamin,Johnson,1979-09-17,NULL,(768)847-0893,dylan84@example.net,United Kingdom,Clarkmouth,53479,2023-11-07
C8247384,James,Perkins,1959-09-29,Other,753.511.7525x88588,wrightdylan@example.com,UK,Munozhaven,42312,376748844
C8423630,Kathryn,Walker,1965-01-13,Other,+1-408-571-1128x73940,christinegonzalez@example.org,England,Tranchester,12647,2026-01-07
C6722750,Bonnie,Myers,1987-01-13,F,929-249-2567,donaldbrown@example.org,U.K.,West Christinafort,25917,2022-04-01
C1935877,Lauren,Acevedo,1961-07-02,F,836.373.5093,valerie78@example.net,United Kingdom,Lake Traceyview,38197,2026-02-10
C3532996,Leon,Campbell,1988-12-06,M,(250)565-1560,john95@example.net,UK,West Christopherchester,46883,2024-04-19
C9688217,Regina,Tran,1972-07-31,Other,507-524-3517x5416,kathrynfernandez@example.org,England,New Monica,84866,2022-06-24
C5562728,Robert,Ward,1997-11-25,F,9499331827,harry98@example.org,United Kingdom,West Ericmouth,84088,2022-10-23
C5357790,Gina,Nelson,2006-08-10,NULL,6656739073,solomonalexa@example.org,GB,Kristinville,54505,2024-04-18
C5509274,Kimberly,Jensen,2002-07-17,F,657.860.1702,dustin37@example.com,UK,West Johntown,73596,2025-08-26
C7582208,Marilyn,Watson,1965-07-28,F,962.478.7613x32081,billyrollins@example.com,GB,Jodishire,83159,2022-02-02
C7197068,Unknown,Smith,1978-08-17,Other,-,fgonzales@example.com,England,Swansonside,01758,2024-11-13
C7747997,Carolyn,Baxter,2006-04-16,M,888.386.3412x17691,dylanscott@example.net,United Kingdom,Port Jimmy,47405,2025-01-12
C3943313,Meagan,Mclaughlin,1966-09-17,NULL,001-891-535-4046x36049,cnelson@example.org,England,Richardsonland,61267,2022-02-04
C9552386,David,Ellis,1948-01-31,Other,+1-554-822-7899x679,randrews@example.net,UK,Lake Brendaview,69333,2026-06-18
C268462,James,Hayes,1989-03-13,NULL,653.482.2561x151,tbauer@example.net,UK,South Caitlinshire,78481,2025-05-17
C9124196,Jared,Torres,1975-11-25,NULL,847.955.8765x808,stephenstephenson@example.com,England,New Mackenzieport,91776,2024-01-29
C3605834,Craig,Miller,1984-02-14,M,001-398-546-2083x944,sharonsherman@example.org,England,Ashleychester,98932,2023-05-21
C4261354,Brian,Brown,1944-05-19,Other,647-828-4417,donald65@example.org,England,New Brandon,61784,2024-12-23
C8692373,Ronald,Rodriguez,1939-01-13,F,001-257-564-9115x59075,npage@example.com,United Kingdom,Zhangstad,22542,Tomorrow
C3877006,Kelly,Watson,1940-07-13,F,265-399-6978x44789,lyonskeith@example.net,GB,West Danaville,83387,2022-07-17
C5345313,Jonathan,Mejia,1940-02-14,F,001-328-670-4573x1244,briannazavala@example.net,UK,North Robert,18183,12-18-2021
C3602843,Kayla,Jones,1940-04-13,F,NULL,meyerbrandon@example.org,England,Paulton,12356,2023-11-15
C7817303,David,Miller,1955-06-03,M,+1-667-857-6526,karlaturner@example.org,United Kingdom,Port Molly,08858,2023-10-14
C1064484,Brenda,Rodriguez,05-15-1945,NULL,835.548.7890x242,wadekevin@example.com,England,Coxhaven,72323,2023-08-10
C9048275,Lauren,Anderson,1939-11-16,Other,001-343-641-4472x283,williamsmichael@@example.com,England,West Amandafurt,86884,2023-09-07
C3448353,Lauren,Chan,1968-12-03,M,221.457.6178,crystaljones@example.com,England,Randallburgh,63232,2023-11-04
C2811046,Christopher,Hughes,2002-02-03,Other,263-996-9114x45916,courtneycarpenter@example.com,United Kingdom,New Jenniferbury,26642,2022-05-14
C9017782,Terri,George,1976-09-15,NULL,9804719731,mcabrera@example.org,England,Brittanyside,88016,2024-06-12
C163255,Lisa,Thompson,1969-11-29,F,001-511-375-8652x3435,michelle48@example.org,UK,East Kylie,75352,20260417
C4435774,Donna,Lewis,1998-05-25,M,+1-763-242-7204x7453,smithjason@example.net,GB,Schmidtborough,35887,2026-03-08
C5428628,Russell,Oneill,1950-04-15,F,846-734-5212x0975,kkaufman@example.net,England,Kennethview,13131,2022-03-06
C7258584,Robert,Ortiz,1946-12-28,NULL,8375178449,jray@example.com,U.K.,Jonestown,45516,2021-10-29
C8624461,Anna,Delgado,1942-02-25,F,(276)520-0305x2507,kbrown@example.org,United Kingdom,Morrisside,25669,2026-04-26
C9755491,Tyler,Conway,1985-05-20,Other,(203)441-6944x001,holmeshannah@example.org,United Kingdom,Crystalside,39629,2025-12-08
C4376094,Robert,Massey,1952-02-02,M,899-948-0638x49594,cmcdonald@example.org,U.K.,Jamieland,07571,2024-04-21
C2563757,Harold,Roberts,1967-04-29,NULL,(795)661-2079x946,christopherdavid@example.com,England,Pedrotown,88329,2023-08-25
C3777158,Sharon,White,1985-09-02,Other,001-635-251-3224x0048,veronicazimmerman@example.net,U.K.,Ambermouth,05581,2024-02-05
C3454136,Christopher,Nelson,1996-12-03,F,+1-931-352-0991x20320,hardingsteven@example.net,England,Susanberg,63612,2024-02-02
C4770773,Justin,Yoder,2003-11-11,F,386-341-4777x083,paulchoi@example.org,GB,North Karenberg,73673,2024-01-24
C5734984,John,Carey,2002-08-28,F,256.775.7752x0616,mhoover@example.net,United Kingdom,East Tonymouth,44647,2022-04-25
C5474157,Riley,Weber,Tomorrow,NULL,(457)485-9001x20738,laurenjones@example.org,U.K.,Hunterside,69435,2025-01-12
C4111536,Bobby,Wilson,1940-01-29,Other,6243230563,jgarcia@example.org,England,South Guyshire,21506,2026-02-14
C1921091,Thomas,Charles,1997-09-05,NULL,NULL,elizabeth13@example.com,GB,Port Victoria,07143,2025-10-02
C4994567,Logan,Smith,05-19-1977,F,783-998-1488,brownshannon@example.net,U.K.,New Hunterfort,04304,2024-06-06
C9633121,Unknown,Moore,2004-09-21,M,386-560-0633x23952,chelseyjones@example.org,GB,Lake Jodi,71390,2021-10-02
C6752787,Gregory,Hernandez,1937-12-22,F,520-942-1036,johnsonmelanie@example.org,GB,East Jeremychester,03042,2022-06-14
C1583422,Tony,Welch,1986-08-24,Other,956.995.8869x41946,starknancy@example.org,England,West Sandra,17583,2024-01-29
C1165920,Melissa,Figueroa,1957-09-17,Other,677-441-7138,cherylgreen@example.net,U.K.,Jeromeport,87821,2024-05-11
C2441441,Kimberly,Clarke,2004-06-15,F,Unknown,frances71@example.com,U.K.,New Patrick,37370,2022-10-09
C7977487,Brian,Velazquez,1994-08-22,Other,762-657-2945,andrewross@example.net,U.K.,Lake Richard,52158,2025-12-19
C623246,Kristin,Fitzgerald,1963-01-18,F,001-624-361-9585,lflores@example.org,U.K.,Nashchester,11441,2023-09-13
C5810631,Laura,Jones,1999-02-15,F,(653)416-5505,cprice@example.com,United Kingdom,Lake Beverly,43056,2026-01-13
C3730435,Mark,Kelly,1970-10-25,Other,343.229.4842x2391,rachelwhite@example.com,UK,Klineberg,93315,2023-10-17
C233566,Stacy,Welch,1961-06-07,M,848-784-4275x489,jimmy89@example.com,United Kingdom,South Kelseyton,47983,2024-02-03
C2355656,Dustin,Randall,1977-04-14,M,(908)430-8814x98143,rittertracy@example.com,United Kingdom,North Charles,42111,2025-11-19
C2209600,Kimberly,Taylor,1967-02-10,NULL,772.308.5672,denise42@example.org,UK,Julieshire,20244,2023-09-10
C3627024,Joel,Case,1981-12-17,M,427.812.1829,beth46@example.org,England,Jeffreychester,36721,2022-02-11
C355208,Ashley,Lamb,1937-08-08,NULL,(916)301-0591x3108,anthonygreen@example.com,UK,East Jennifer,28855,2022-04-20
C4976634,Andrea,Ortega,1977-12-26,F,2624138745,danielspaul@example.com,England,Alvaradomouth,54785,2023-05-23
C8080320,Jacqueline,Murphy,1937-07-31,NULL,897.695.0861,kibarra@example.org,GB,East Kristina,16226,2026-02-12
C5319194,Thomas,Powers,1995-07-13,NULL,951-411-2631,michaelbell@example.com,England,Justinberg,37002,2024-05-11
C362561,Phillip,NULL,1938-09-25,Other,208-516-0478x0726,christy52@example.net,GB,West Anthonybury,24823,2023-11-13
C9268139,Kathleen,Anderson,2003-09-28,M,+1-922-583-3761x521,bhernandez@example.com,England,North Scott,21433,2022-10-27
C1814958,Judy,Gallegos,1984-11-16,F,001-837-219-6162x987,ehall@example.net,United Kingdom,West Dawntown,66078,2022-02-25
C404622,Andrea,Cunningham,1940-06-20,M,9987390968,deanna52@example.org,GB,East Valeriefort,89632,2024-02-23
C6124726,Charles,Duncan,1960-02-10,Other,239-771-8666x4296,wortiz@example.net,GB,North Bradley,43689,2022-04-11
C8083299,Megan,Clark,1945-05-18,NULL,(963)975-0491,brooke60@example.net,U.K.,Smithmouth,21095,2021-11-01
C4985654,Calvin,Baker,1975-11-23,M,4083937497,jonathan32@example.com,U.K.,Lewischester,08832,2023-04-09
C3011861,Katherine,Guzman,1972-11-15,M,812.240.7736x3113,samantha68@example.org,United Kingdom,Port David,16713,2023-04-28
C9342276,Melanie,Russell,1949-03-15,F,372.223.5863x390,shannonbrown@example.net,U.K.,West Joseph,18326,2022-11-22
C7816602,Amy,Hall,1962-01-08,F,001-652-395-1182x798,josephpratt@example.org,U.K.,Ricestad,29145,2024-07-10
C8421586,Jessica,Simon,1969-10-19,F,+1-238-571-3817x865,charles23@example.com,UK,New Ryantown,58660,2023-03-24
C651706,Willie,Silva,1978-07-12,F,001-333-204-0463x4869,kimnathan@example.com,U.K.,Amandastad,55524,2024-06-11
C9912158,Sheena,Richard,1971-05-17,M,+1-261-408-7954x2518,tyler37@example.com,England,North Amandaberg,79076,2022-08-12
C9217193,Jason,Robles,1936-07-23,Other,505.927.9358,morenotanya@example.org,U.K.,Stevenport,63996,2025-10-13
C8480966,Joseph,Porter,2007-07-29,Other,915.847.7246x67249,fergusonjonathan@example.net,United Kingdom,Lisabury,34119,2024-04-02
C3858639,Christina,Giles,08/05/1941,F,001-671-611-9208x1284,kthomas@example.org,U.K.,New Edwardview,53403,2024-01-27
C6980118,Marissa,Porter,1979-12-09,M,447.712.4660x4636,owatson@example.org,U.K.,Carneystad,43238,2024-01-29
C2116038,Kristina,Salinas,1971-10-05,NULL,001-698-426-5567x78229,jchapman@example.com,U.K.,Gonzalezland,54522,2022-04-11
C7110728,James,Miller,2005-10-16,Other,+1-938-317-0148x00260,osanchez@example.org,UK,East Tamarabury,97830,2023-02-11
C6882370,Logan,Martinez,19820927,M,670.794.5548x22604,chelseafitzgerald@example.org,GB,Laurieport,25315,2023-06-02
C1112393,Elizabeth,Duarte,1974-03-25,NULL,285.697.8160x66736,hbrady@example.org,U.K.,Lake Crystal,83945,2026-07-16
C9764031,Fred,Jordan,1935-12-02,NULL,+1-647-727-6195x60987,qbrown@example.com,England,Lovestad,41720,2022-01-05
C6154381,Mary,Baker,1951-12-22,Other,881.920.9001x525,kevin10@example.net,U.K.,Alisonstad,93669,2023-05-28
C3273015,Julie,Weber,1987-06-12,Other,+1-861-301-0812x45328,djohnson@example.net,United Kingdom,Holmeschester,09114,2023-11-01
C6163595,Andrew,Reynolds,1991-08-30,F,+1-934-377-5382x050,gomezcynthia@example.net,UK,Carloschester,87072,2023-08-20
C6666535,Erica,Thomas,1966-09-18,M,858.878.7903x5220,mark43@example.org,England,New Oliviabury,73212,2025-09-19
C1834832,Brittany,Bradshaw,1941-07-11,F,795-650-9282x613,pray@example.com,GB,East Brittany,48461,2024-09-19
C3710300,Laura,Davis,1989-07-05,F,735.900.5988x9638,monica90@example.com,United Kingdom,Ryanton,42870,2024-06-27
C4578142,Carol,Henry,1967-12-11,NULL,(336)441-4239,vstafford@example.net,United Kingdom,Osbornmouth,73474,2022-11-09
C827701,Brianna,Ellis,1979-10-13,Other,(420)614-5485x04395,elizabeth78@example.com,UK,Sabrinaview,15696,2026-04-11
C4062825,Michael,Wu,1984-03-12,F,(278)701-2050,ojohnson@example.net,U.K.,Nancyview,05039,2024-09-22
C2128424,Justin,Mclaughlin,2004-07-31,NULL,7208269898,mcbrideadrian@example.com,UK,Davidshire,99069,2024-11-05
C8102273,Cathy,Jones,2005-03-17,Other,(294)284-8507,darrell12@example.net,England,West Dawnstad,72730,2022-07-08
C7737014,Dana,Scott,1939-07-11,NULL,001-608-790-2726,yjohnson@example.com,England,New Jeremy,22372,2023-06-18
C1431502,N/A,Pruitt,1989-05-16,NULL,820-867-3287,howardamy@example.net,U.K.,Samuelchester,39779,2022-01-15
C1577617,Courtney,Campbell,1969-09-30,M,5186641297,vgrant@example.org,U.K.,Port Justin,21900,Tomorrow
C6342523,Rachel,Simon,1946-07-22,NULL,001-367-799-0561x68917,eringrant@example.org,GB,Port Paulbury,57557,2022-12-10
C2521038,Christopher,Mejia,1975-10-30,Other,527.673.6804x28988,georgekelly@example.net,United Kingdom,West Paulmouth,24167,2022-03-25
C4977489,David,Mayo,1958-07-24,NULL,7386599292,heather45@example.net,United Kingdom,Kennethborough,71972,2026-03-31
C9866681,Paige,Ortiz,1936-10-26,F,(743)401-4750x2820,stevendavis@example.com,U.K.,North Reginaland,54124,797703397
C4379614,Thomas,Fowler,1953-04-21,F,+1-446-643-0500x985,rhodesbryan@example.net,UK,Port Molly,06030,2025-05-28
C4843033,Stephanie,Russo,1979-09-18,F,586.543.2672x50597,vdodson@example.org,U.K.,Lake Jerry,88623,2022-07-13
C3408838,Sheila,Horn,1966-02-27,M,(455)466-9231x547,xmercado@example.net,U.K.,Frenchton,12152,2023-06-05
C5400658,Megan,Bond,1947-10-02,Other,907.633.7686x80320,cmccann@example.net,GB,South Carol,64286,2022-01-06
C811281,Caleb,Lee,2002-01-10,NULL,864.305.5414,jenniferthompson@example.net,GB,Estesborough,48761,2024-05-26
C8762246,Lauren,Mays,1967-10-16,Other,+1-635-400-4362x034,andersonmegan@example.org,United Kingdom,West Ashley,75360,2022-08-18
C4323901,Gina,Cummings,1970-08-23,NULL,(859)761-8146,terry18@example.org,UK,Melindaside,74479,2023-01-08
C440478,Eric,Green,1983-04-24,NULL,+1-425-621-3631x53567,hannahmayo@example.org,England,Port Jacqueline,50114,Tomorrow
C4804109,Raymond,Ochoa,1997-06-17,Other,+1-322-677-8659,nmurphy@example.net,United Kingdom,South Maryborough,37968,2023-02-08
C7713611,Mariah,Jones,1996-11-24,M,-,davidrichardson@example.net,UK,Robbinshaven,89838,2022-04-05
C543499,Michelle,Walker,1991-08-11,NULL,862-563-1317,bailey87@example.org,UK,New Brianborough,30172,2024-12-07
C8911550,Sandra,Wiggins,1938-09-08,F,+1-637-614-7267,carmen26@example.net,United Kingdom,Port Joshuaborough,22187,2025-01-21
C5143011,Emily,Munoz,1939-08-09,NULL,001-931-923-7574x336,bernardsierra@example.org,England,Davisberg,06595,2024-11-15
C6593121,Bradley,Wright,1956-09-11,NULL,560-912-3570x15801,qfoster@example.org,UK,Lake Jonathan,55574,2021-10-31
C9165631,Jane,Long,1937-01-09,Other,403.630.4443x96352,charlesjones@example.com,United Kingdom,Lawsontown,98564,2023-01-27
C3960825,Derek,Dunlap,1964-09-24,M,+1-610-573-5403x66741,jessica80@example.net,GB,East Scott,07685,2026-07-17
C7738941,Benjamin,Stevens,1990-06-25,F,4598197207,sean26@example.net,GB,North Adambury,29311,2022-05-03
C2892102,Robert,Wheeler,1975-05-04,F,001-845-628-6617,velezelizabeth@example.net,England,North Oliviaview,25727,2021-09-26
C3342968,Pamela,Daniels,1979-12-04,Other,346.534.9014x08762,dorseyariana@example.net,UK,Micheleberg,56754,2022-09-26
C9839043,Adrienne,Yoder,1962-08-03,Other,001-305-950-0467x96267,scott77@example.org,UK,Odomfurt,76431,2025-06-27
C1088138,Paul,Steele,1937-05-09,F,NULL,philipcampbell@gmal.com,GB,Victoriatown,28276,2026-01-25
C5720736,Brandon,Smith,1957-07-27,F,842-291-8764x7979,cindyponce@example.net,United Kingdom,Calvinmouth,29845,2022-06-05
C7829397,Stephanie,Martin,1956-07-24,M,(315)789-9315,benjaminbrown@example.org,United Kingdom,Lake Markview,73412,2024-11-08
C6660904,Cody,Sheppard,1960-05-02,M,982.702.2767,ualvarado@example.com,England,Lake Gail,11417,2026-04-28
C3084220,Elizabeth,Small,1963-05-14,F,350-603-3686,kwallace@example.com,United Kingdom,North Amanda,20464,2025-12-06
C702221,Christopher,Johnson,1990-04-20,Other,(557)680-4256,yhudson@example.com,England,Lake Bettyburgh,53949,2023-12-06
C6477549,Matthew,Mccarthy,1945-04-18,NULL,001-808-973-5184x953,danielbutler@example.com,GB,East Stephanieport,47364,2023-02-06
C6457713,Luis,Sanford,1992-12-26,M,-,rachel49@example.org,GB,Pughburgh,52006,2024-11-17
C2857285,Cheyenne,Harper,1998-04-09,M,001-988-732-1847x5731,christian67@example.net,United Kingdom,Richardmouth,35244,2022-01-05
C666996,Edward,Hunter,1948-08-10,M,(297)891-7982x62757,rolson@example.net,England,Dudleychester,56099,2022-12-21
C7790328,Roy,Reynolds,1989-04-13,NULL,769-653-8685,elizabeth98@example.net,United Kingdom,West Danielshire,91892,2025-07-21
C751159,Mary,Miller,1944-03-19,NULL,479-973-2642,mbates@example.com,United Kingdom,Joshuaborough,23488,2025-09-09
C4493251,Alexander,King,1953-06-17,F,806.554.5164x30648,farleykristen@example.net,GB,Longton,31466,2022-11-13
C2864386,James,Elliott,1988-01-02,F,001-202-812-7495x2167,datkinson@example.com,UK,Port Charles,79679,2021-12-05
C2638928,Michael,Hines,1967-02-27,NULL,+1-286-228-5655x9789,stephenjones@example.net,U.K.,Port Darrell,89916,2022-09-29
C8467592,Mark,Padilla,2007-06-13,Other,(387)722-3464x438,torresmatthew@example.net,U.K.,Dylanshire,51851,999389912
C5496943,Ian,Jackson,2000-07-01,F,001-367-515-2155x012,omann@example.net,UK,New Brandyfort,92410,2024-10-12
C5096576,Morgan,Manning,1945-03-18,F,(823)262-0259,curtisnathan@example.net,United Kingdom,Lake Erik,05659,2021-10-22
C1770738,Sandra,Montgomery,1945-03-24,Other,590.721.1198x158,NULL,UK,Lake Jonathanstad,73985,2026-03-06
C5349833,Kristina,Hansen,1983-09-14,Other,(229)884-1691,hgiles@example.org,GB,West Kimberly,89494,2021-11-15
C313288,Amy,Kidd,1974-06-29,M,415.655.9852x075,williamstevenson@example.org,UK,Port Kennethmouth,94240,2023-11-11
C1011489,NULL,Walsh,1965-08-03,M,2783798302,richard15@example.net,United Kingdom,Alvarezville,23608,2025-02-22
C4551918,David,Logan,1991-11-29,M,553.753.5862x668,danielwilliams@example.com,GB,North Austin,48536,2021-08-09
C1032331,Sara,Jordan,1981-06-24,NULL,557-866-3054x5652,gallegoswhitney@example.com,U.K.,West Donald,76641,2022-05-21
C9829337,Mark,Ruiz,2002-09-24,F,305-900-9284x431,gwendolynnolan@example.net,United Kingdom,West Meganfurt,18755,2024-02-23
C920995,Kimberly,Coleman,1964-11-24,F,+1-698-832-5881,alexanderchad@example.org,United Kingdom,West Coryport,91321,2024-03-25
C8644283,Jacob,Zamora,1959-08-24,Other,+1-356-884-6647x9372,alicia48@example.com,UK,Charleschester,75306,10-29-2023
C3629252,Tony,Woods,1938-08-10,NULL,(862)771-5085,hoganbryan@example.com,UK,Schwartzfort,33963,2024-02-24
C895762,Karen,Davis,30/10/1948,NULL,549.691.2833x76466,ljones@example.org,GB,West Jessicashire,23853,2024-06-03
C3968741,Amy,Shepard,1968-08-05,F,206.329.8326,lrobertson@example.com,United Kingdom,Lake Christophermouth,47722,2026-07-07
C840079,Crystal,Johnson,1973-07-05,Other,917-736-7690x28198,susanpayne@example.net,United Kingdom,South Curtisburgh,59273,2021-11-14
C8704322,Colleen,Lewis,1971-10-27,M,455.984.8451,mcohen@example.net,U.K.,North Jennifer,38781,2026-01-28
C5585519,Margaret,Stevens,1960-12-09,F,611.875.9326x0804,youngchristopher@example.com,England,Brownmouth,60377,2023-03-30
C78106,Jasmine,Jenkins,1978-01-01,NULL,(812)803-9353x7520,joann01@example.org,UK,North James,14909,2022-01-10
C7187046,Aaron,Franklin,1985-10-08,F,001-664-769-1268x953,thompsonmelissa@example.org,GB,Port Vanessafurt,18245,2023-09-14
C1541518,Renee,Kelley,1948-01-11,F,+1-645-857-4018x65521,vaughnjennifer@example.com,England,Cynthiaport,81310,2023-01-08
C2706701,Peter,Smith,1937-02-01,Other,001-225-883-0833x50562,zlittle@example.net,United Kingdom,Williammouth,33730,2025-06-27
C6723108,Cynthia,Acosta,1987-03-25,NULL,640.681.4360x370,xmartinez@example.org,United Kingdom,Lake Robert,63304,2023-01-23
C7056918,George,Fuentes,1959-01-09,Other,001-213-303-5951,colleen73@example.net,United Kingdom,West Vanessa,14503,2023-03-24
C3261457,Sara,Smith,1940-10-06,F,520-678-5257,ashleyrivas@example.com,United Kingdom,Michaelmouth,17208,2022-07-06
C9890006,Karen,Jones,1997-05-22,Other,4469524209,morganarthur@example.org,UK,Port Heatherburgh,94781,2022-08-12
C8149377,Darren,Nicholson,2005-07-18,M,+1-235-736-3207x295,estradaandrew@example.org,GB,South Micheleberg,35872,2022-05-31
C6971386,Craig,Mitchell,1977-07-13,Other,8155327002,vegaannette@example.net,United Kingdom,Lake Emmashire,48216,2022-03-20
C1900532,Benjamin,Williams,1976-03-09,Other,001-359-305-8368x0919,ypittman@example.net,England,North Anthony,95878,2026-02-23
C2261353,Monique,Austin,1981-07-23,Other,(746)263-7299,hcraig@example.org,United Kingdom,South Zacharyview,06046,2024-06-15
C4001942,Julie,Sullivan,1959-09-27,Other,641-278-0883,nicoleortega@example.org,England,Hunterborough,84165,2022-04-18
C9198136,Jeffrey,Cooley,1988-02-05,NULL,+1-937-561-5927,nweiss@example.net,UK,Lisabury,37968,2024-03-08
C9134813,Teresa,Weeks,2002-12-30,Other,884.402.7008x418,christopher38@example.com,UK,Lake Heidiside,85352,2023-08-07
C8276784,Albert,Smith,1938-04-06,M,(743)519-5234x078,danny25@example.com,UK,Berryfort,10175,2023-05-01
C5897458,John,Faulkner,1984-07-25,Other,941.762.2271x2885,carrie90@example.net,UK,North Christinechester,03655,2025-02-12
C5099392,Linda,Taylor,1961-09-19,F,650.859.6893x89104,amy46@example.com,United Kingdom,Erikborough,31051,2021-11-05
C384704,Lisa,Tran,1940-06-02,NULL,+1-388-293-1671x62944,thompsonjennifer@example.net,U.K.,North Jonathanville,60101,2024-12-13
C8028171,Molly,Moore,1981-01-13,Other,803.487.7312x13402,pburns@example.com,U.K.,Port Faith,54516,2023-08-16
C9364446,Lauren,Gray,1997-09-24,M,(359)415-7664x29355,ggarner@example.com,U.K.,South Josephmouth,06583,Tomorrow
C115664,Christian,Stone,1976-07-01,Other,879-803-1223,pjohnson@example.net,U.K.,Port Ianhaven,22342,2024-03-14
C821968,Gabrielle,Young,2006-08-24,NULL,516-733-9564x017,noah04@example.org,U.K.,New Christopherborough,20039,2025-06-13
C3162261,John,Powell,1958-02-22,M,001-799-452-3007x86891,mackenzienixon@example.com,U.K.,Singhton,61402,Yesterday
C322736,Tyler,Morgan,2006-09-14,F,+1-332-894-0688x5032,eroberts@example.org,U.K.,New Christian,81043,2023-01-15
C4770249,Donna,Holden,1997-01-19,Other,334.345.8392,petersrobin@example.net,United Kingdom,Lake Deborah,87695,2023-07-28
C162271,Benjamin,Le,1966-07-31,Other,255-274-8163x90151,myersandrew@example.net,United Kingdom,Samueltown,48099,2023-08-03
C5551122,Garrett,Moore,1961-03-03,Other,001-759-762-9097x84934,lauren47@example.com,United Kingdom,Andersonport,51971,2026-01-14
C3492766,Gregory,Sanchez,20010703,M,001-759-411-9636x26226,brittanysutton@example.org,England,Rebeccaview,93790,2022-08-31
C7517657,Patrick,Carroll,1937-05-05,F,227.437.3845,ashleyhinton@example.org,UK,Alejandrochester,89525,2022-07-12
C3187122,Frank,Ramirez,11-05-1986,Other,684-644-5716x9213,jdavidson@example.org,GB,East Kristina,99269,2023-12-28
C5753123,Travis,Martinez,1998-06-26,F,(425)329-2660,steven05@example.net,United Kingdom,Leetown,01110,2023-10-19
C102636,John,Gardner,2007-06-03,F,(959)815-1750,alex02@example.org,United Kingdom,Davidmouth,13942,2024-10-26
C392610,Allen,Garza,1995-04-04,F,9609059348,elizabeth52@example.com,GB,Leahside,75924,2023-05-30
C4465603,Lisa,Guerra,2004-05-07,NULL,9885613641,xadams@example.com,United Kingdom,East Jeffreyton,82054,2025-02-27
C6105437,Heather,Graham,1970-05-03,Other,(940)941-0966,susan94@example.com,GB,Angelaberg,25771,2021-11-09
C6590832,Katrina,Jones,2002-04-15,NULL,+1-226-280-0984,lisa00@example.com,UK,Garciaville,74100,2025-09-22
C6035947,Jessica,Meyer,2006-09-05,F,781.445.9306x406,kristen42@example.net,UK,Floresmouth,12746,2025-01-11
C1500558,Cassandra,Harding,1987-12-24,F,902.623.3633x042,heather43@example.org,U.K.,Port Katherinefurt,51371,2021-10-19
C4005434,Tracy,Miller,1938-12-16,M,408-278-7711x825,dmiller@example.com,United Kingdom,New Darrell,78306,2021-09-06
C5887943,Richard,Cruz,1941-08-04,Other,779-543-6253x890,michael83@example.org,England,Wilsonport,80490,2022-12-17
C869170,Joshua,Schaefer,1945-11-18,NULL,285-632-1663x732,jeffreywalker@example.org,UK,Garzamouth,72509,2025-11-17
C7575762,George,Wyatt,1939-09-21,Other,778.395.8568x7284,yolanda42@example.org,England,Port Mary,22881,2023-09-27
C7048570,Margaret,Ford,1966-05-05,F,567.741.0783x0102,harrispaul@example.net,UK,North Carolynport,11616,26/03/2024
C4821353,Joseph,Campbell,1951-05-10,F,001-292-879-1227x346,meadowsmakayla@example.net,GB,Teresaville,13286,2024-02-07
C504882,Danielle,Shaw,1995-02-10,Other,001-552-732-8896,stevenstewart@example.net,GB,Ericafort,55585,2021-12-24
C284849,Melissa,Graham,1941-01-01,F,845-404-9750,shelby95@example.com,United Kingdom,Ayersview,70054,2025-02-12
C5839011,John,Brown,1969-06-01,NULL,812.999.2501x86264,ibullock@example.org,U.K.,West Vernon,70060,2021-09-20
C7347364,Nicole,Miller,1971-04-01,NULL,416.536.1434,dcasey@example.com,UK,Joyberg,44645,2024-09-18
C5669046,William,Parks,1981-09-07,Other,+1-434-578-7826x2244,samanthaballard@example.org,UK,Port Elizabeth,98098,2021-08-16
C647885,Gregg,Lucero,1997-06-19,NULL,001-385-696-0978x50923,jay82@example.net,GB,Josephside,46512,2024-11-09
C8099606,Dean,Schaefer,1957-04-17,Other,+1-723-621-9547,ykrause@example.net,United Kingdom,South Jessicafort,20220,2025-11-12
C9474112,NULL,Mcclain,1955-03-19,NULL,001-975-363-4453x758,turnernathan@example.net,GB,South Amanda,97902,2022-12-26
C1900799,John,Mcdonald,1972-07-24,F,787-235-6247x72181,stevensmith@example.com,U.K.,South Ryanberg,86299,2021-08-26
C8830814,Kelly,Jensen,1990-06-10,Other,001-632-800-6866,rfarmer@example.org,England,Sharonton,80788,2022-01-23
C2096891,Teresa,Taylor,1955-03-24,NULL,843.612.9342,jose38@example.net,England,New Maria,11508,2024-01-21
C5982391,Corey,Brown,1950-10-26,F,+1-259-581-1562x12430,vburke@example.com,UK,Amychester,39982,2025-05-17
C4321150,Tiffany,Acevedo,1936-03-27,F,001-646-358-1931,jessica60@example.org,UK,South Brookeberg,67503,2023-09-19
C3591775,Kimberly,Stout,25/10/2007,F,361-911-5764x7039,andrea83@gmal.com,UK,North Ericfurt,78430,2023-03-08
C2112674,George,Martinez,1961-12-25,M,358.543.8160,christopher36@example.com,UK,Alfredbury,88187,2024-10-20
C7157867,Diana,Johnson,1973-08-25,NULL,001-617-372-1025x9762,fgonzalez@example.org,United Kingdom,West Stevenport,43127,Tomorrow
C8357103,Brandon,Hughes,1940-08-29,Other,001-918-330-8444x180,connernatasha@example.com,United Kingdom,Port Keithburgh,09652,2023-11-18
C8137034,Maria,Esparza,2002-02-15,Other,(679)693-9897,tammy68@example.com,GB,New Alyssamouth,25574,2021-12-22
C7807180,Rhonda,Lozano,2003-06-30,NULL,(335)487-7593,fowlerolivia@example.com,GB,Jonesbury,64488,2025-06-30
C146140,Jason,Jackson,1962-04-17,M,337-455-6568x4027,ehines@example.net,England,West Matthewmouth,72291,2021-12-21
C1741449,Benjamin,Serrano,1942-04-21,F,541.357.5218,yvonne52@example.net,England,Robinsonbury,88166,2021-12-09
C310251,Erin,Black,1975-11-12,Other,+1-354-566-9476x04473,chapmanjamie@example.net,GB,Vaughanstad,46148,2025-06-20
C9584052,Victoria,Nichols,1994-02-23,Other,+1-700-636-1875x131,derrickguzman@example.com,GB,Valeriehaven,99467,2025-01-30
C945702,-,Barnett,1977-03-08,M,+1-477-584-4698x4736,rayjeremy@example.net,England,South Jose,85339,2025-05-18
C8719855,Michael,Mejia,2005-12-17,F,(312)751-9986,avalenzuela@example.net,UK,New Tracie,11376,2024-11-06
C1832894,Alicia,Yu,1996-02-03,M,8935007902,coledanielle@example.org,U.K.,North Samuel,66302,01-29-2022
C9784275,Mitchell,Clements,1965-02-10,M,+1-476-860-4828x44362,james12@example.net,England,Barrettfort,28169,2023-01-04
C3788684,Kelly,Yang,1981-04-20,M,,nicholasbrown@example.org,UK,Brianborough,61879,2024-02-14
C1004351,Paul,Johnson,1995-08-21,NULL,655-629-6741x583,cassandrapatterson@example.com,United Kingdom,New Christine,24849,2026-05-04
C9886153,Nathan,Montgomery,2002-01-23,F,359.905.5094,walkeradam@example.com,UK,Dorseymouth,66015,2021-09-20
C8440445,Jessica,Sanchez,1955-07-20,M,406.371.8148,paigesanders@example.net,United Kingdom,East Adrianburgh,98546,05-27-2024
C7897501,Logan,Haley,1952-06-01,M,863-561-5033,courtney42@example.com,UK,East Jaimefurt,64819,2026-06-01
C4102923,Rhonda,Long,1957-08-06,F,461-411-2379x0513,megangreen@example.net,U.K.,Lake Rosemouth,75785,2023-09-12
C2195022,-,Lindsey,2007-02-03,Other,001-543-297-5268x3591,hpowers@example.net,GB,South Stephanie,05189,2022-05-31
C561570,Oscar,Scott,1939-02-18,F,496-379-4430x880,watkinselizabeth@example.org,UK,Danielhaven,24288,2025-12-15
C5789312,Bradley,Mccall,1981-10-09,F,942-655-8414,melaniemanning@example.org,GB,Craigside,85683,2025-06-26
C7996082,Ernest,Ward,1983-03-30,M,+1-549-213-1830x37506,barbaramoody@example.net,England,Suttonshire,29278,2021-08-13
C1778404,Laura,Medina,26/06/1968,M,495.376.7555x420,lisamcclure@example.org,England,South Joy,65702,2021-11-29
C4887881,Laura,Smith,1977-11-24,NULL,425.715.2474,hgraham@example.com,GB,Port Derek,60488,2025-09-07
C8059471,Chad,Logan,1946-01-30,NULL,715.526.4402x210,timothyallison@example.net,GB,South Robert,19176,2025-03-06
C4008443,Ronald,Jacobson,2004-05-18,M,9266560372,josemack@example.com,GB,Dwaynefurt,75423,2024-04-30
C9213359,Danielle,Johnson,2005-07-17,F,(580)402-5608x5837,hgarcia@example.com,United Kingdom,Brianville,93825,2021-09-21
C2526428,Tiffany,Chung,1982-04-20,NULL,936.556.6070x664,ericksonjasmine@example.org,United Kingdom,Lake Johnton,83089,2024-03-04
C485334,Shane,Moore,Tomorrow,M,(946)556-8334,fordmichael@example.com,GB,South Colleenton,47816,2021-09-18
C7422046,Samantha,King,Tomorrow,M,(563)891-5449x005,caitlinbaker@example.com,U.K.,East Anthonyland,09650,2025-11-07
C7779198,Samuel,Bradley,1972-11-16,Other,001-643-405-9788x8611,pamelajenkins@example.org,UK,Port Haley,74879,2021-12-27
C1550127,Kathleen,Smith,1935-10-09,F,749-895-6367,kristi45@example.net,England,Greeneside,54293,2025-06-24
C8411085,Sean,Hernandez,1964-07-27,NULL,7383777232,hartmanjose@example.com,England,New Gabriel,19765,2023-12-27
C6114389,Margaret,Velasquez,1956-03-26,M,001-984-919-4677,shannon62@example.com,England,Brownton,91950,2022-10-29
C8762980,Amy,Mullins,1937-10-24,M,+1-584-500-3709x137,jackstrickland@example.net,UK,New Justinfort,17115,2024-10-03
C6924884,Eric,Morrow,1973-04-24,F,803.264.0442x2836,austin85@example.org,United Kingdom,Robertside,86076,2023-01-18
C9226130,Mary,Stevens,1991-10-24,Other,725-945-4237x418,gonzalezerika@example.com,GB,Port Hunterhaven,72219,2022-09-22
C8427200,Calvin,Murphy,1995-03-19,NULL,841-353-7958x5248,hatfieldbob@example.org,United Kingdom,Martinezport,71333,2024-01-06
C6003191,Gerald,Harvey,1939-10-09,M,(264)717-8365,vbooker@example.org,U.K.,New Christopherton,21617,2022-04-29
C6639412,Frank,Dixon,1988-02-11,NULL,(432)400-4847x5295,brianwhite@example.net,GB,Walkerborough,61597,2025-03-31
C904158,Stacey,Edwards,1991-08-18,NULL,252-447-0950x8172,geraldhamilton@example.org,England,Anthonyland,39068,2023-05-02
C1186999,Michael,Rodriguez,1969-03-23,M,001-734-439-4172,samanthacarroll@example.com,U.K.,Williamfurt,74377,2021-08-13
C759108,Michael,Porter,1956-03-04,F,252.946.4617x1996,rushmegan@example.net,England,Simpsonside,02806,2022-10-10
C5710108,James,Little,1937-03-05,NULL,735-573-1463,kevin98@example.net,UK,Brownbury,54637,2025-05-19
C1890914,Christopher,Taylor,1956-02-20,NULL,001-785-726-6565x765,scoleman@example.org,GB,Barbarafort,69592,2025-03-26
C1291106,David,Diaz,1989-02-24,M,(539)401-9115x76200,coryclark@example.net,UK,Christophershire,20701,2024-11-19
C1359423,Michael,Davidson,1944-08-23,NULL,+1-632-357-9952x397,ballardchelsea@example.org,United Kingdom,South Philliphaven,72463,2022-02-13
C864737,Elizabeth,Stewart,1939-01-27,Other,265.270.0590x42027,john77@example.org,U.K.,North Andrewville,10627,2023-02-19
C5332461,-,Lopez,1990-11-15,M,868.447.1519x066,rebeccaward@example.com,U.K.,North Catherineport,90268,2022-10-01
C1681744,Michael,Jacobs,1949-06-11,Other,001-203-202-2387x638,mathewbaker@example.org,England,East Martinland,90851,2024-03-15
C452855,Daniel,Cisneros,1972-10-09,M,,jeffrey59@example.com,United Kingdom,East Daniel,38453,2023-09-03
C3253590,Gregory,Young,1935-10-30,M,(701)864-3740x808,ericsmith@example.com,U.K.,Stevensfurt,68013,2024-01-28
C6971789,Amanda,Roberts,2002-08-31,F,760-426-3685x50770,watsonmatthew@example.net,U.K.,Wilsonport,83270,2025-08-06
C7072351,Olivia,Owens,1960-09-01,F,837-946-5286x9136,brian80@example.org,England,New Heather,40031,2025-11-18
C5762942,Blake,Ferguson,1958-09-08,F,606.943.1590x9179,bcarson@example.org,England,South Dawnside,31207,2025-11-22
C4461927,Justin,Cooper,1962-11-08,M,001-787-501-9570x338,tracey68@example.org,U.K.,South Melissa,67516,2025-09-18
C3780636,Penny,Johnson,07/09/1935,M,651.310.2376,rangeljay@example.com,UK,Jamesport,38458,2023-10-23
C454433,Monique,Johnson,1998-05-26,F,(303)554-1651x43641,michelleswanson@example.net,United Kingdom,Lake Scottbury,26333,2022-12-03
C7689127,Amy,Bell,2003-09-10,M,475-676-7964x1639,richard08@example.com,England,West Cathy,45967,2024-11-04
C3188969,Daniel,Flores,2007-03-13,M,293-323-2500x608,brookebrock@example.org,GB,Blackfurt,42119,06-03-2025
C1059305,Edward,Hodge,2001-12-08,NULL,498.655.1112x33232,pattoncharles@example.net,UK,Garyberg,25267,2025-03-24
C2667661,Kelly,Baker,1991-11-01,F,770-580-8602x961,tony65@example.org,UK,Contrerasport,02171,2023-06-19
C9278284,Tina,Hicks,1974-06-20,NULL,467-861-4123x2188,brucedillon@example.org,United Kingdom,Kayleeport,40497,2026-04-11
C6209014,Raymond,Carroll,2003-07-16,Other,666-853-6245,jacqueline55@example.net,United Kingdom,Wernerstad,15980,2022-12-25
C6619504,Courtney,Hobbs,1960-06-18,F,961.435.4776,ohall@example.net,UK,Margaretport,20432,2024-03-08
C2625729,Cindy,Perry,1996-05-14,M,001-703-575-7508,vchavez@example.net,England,South Matthewmouth,15501,2026-01-24
C5251195,Ian,Harding,2002-09-28,M,5707939560,teresa52@example.net,GB,West Todd,91550,2025-08-01
C7295935,Judy,Morgan,1947-10-09,F,001-880-648-4392x1626,wwhite@example.com,England,Lorichester,71949,2024-06-21
C6516756,Erika,Mcdonald,1977-03-21,F,375.820.5314x070,jacob25@example.com,U.K.,North Kennethville,98691,2026-03-18
C9420321,Gary,Kidd,1979-06-13,F,+1-999-594-1201x18036,phillipslisa@example.com,UK,Garciafurt,77775,2025-06-06
C4011865,Jonathan,Estes,1982-06-27,M,236-937-3219,dcabrera@example.net,England,East Charlesport,73027,2021-12-28
C5834111,Taylor,Huff,1966-04-29,M,388.409.2434,terripierce@example.com,UK,Port Rachelfurt,16274,2025-03-10
C6643280,Kathryn,Smith,1950-11-15,Other,869-510-2478,tpham@example.org,United Kingdom,South Matthew,36923,2022-05-11
C2275601,Jeffrey,Carpenter,1969-11-01,NULL,+1-269-733-2773x67121,matthew99@example.net,United Kingdom,Lake Richardchester,40742,2022-04-10
C7187430,Stacey,Sanchez,1970-03-27,M,+1-830-251-1700x162,travis22@example.com,UK,New Kyletown,45067,20220310
C4053603,Rhonda,Warner,1963-03-01,F,001-465-619-2463,obrienchristopher@example.com,United Kingdom,South Amy,83315,2022-02-17
C4626628,Jennifer,Olson,1959-01-31,M,994.848.1186,nicholasmarquez@example.net,U.K.,Lake Keith,08070,2023-09-13
C6979086,Daniel,Jacobs,1994-01-08,F,001-356-612-1489x45004,cruzjane@example.net,United Kingdom,Lake Joseshire,77416,2022-09-26
C1738951,Ryan,Garcia,1947-08-13,M,4107147287,parkerbryan@example.com,UK,East Evanfurt,37880,2022-05-10
C2194031,Cody,Rodriguez,1995-06-16,Other,862-786-8570x3400,johnsonpatricia@example.com,England,Gillfort,59583,2021-12-10
C9147365,Oscar,Diaz,1997-01-02,F,001-806-432-5794x362,troyknight@example.net,GB,South Vicki,55590,2022-01-22
C786802,Joseph,Powell,1997-04-29,F,(298)292-9683x0002,shall@example.org,United Kingdom,Zacharyport,10055,2024-06-11
C6181292,Connie,Cervantes,1942-01-31,M,001-719-605-2836x015,caitlyn88@example.com,UK,New Rachelmouth,65072,2025-11-09
C9736886,Jonathan,Walter,1964-09-16,M,+1-285-537-7024x51579,clee@example.net,UK,West Frank,28545,2026-04-01
C4249182,Nathaniel,Andrade,1982-05-23,M,(268)958-0556x82131,edeleon@example.org,UK,Michaelside,60441,2024-06-06
C758551,Nicholas,Woodward,27/05/1947,F,6874731603,smithjames@example.com,United Kingdom,West Michael,80737,2024-10-23
C6425699,Logan,Patel,2006-12-25,Other,282.661.7816x43371,caleb46@example.com,U.K.,South Steven,11112,2022-11-05
C3154730,Crystal,Rose,1984-12-09,F,957.980.8237,jenniferwillis@example.org,United Kingdom,Gracemouth,81251,2023-12-05
C9198275,Matthew,Mason,1959-04-23,F,001-398-370-6989x6344,vazquezjohn@example.org,U.K.,Port Amandamouth,57336,2023-08-30
C9869505,Steven,Williams,1958-06-20,NULL,(281)548-2501x23772,sandersrussell@example.net,United Kingdom,Lake Terrimouth,86779,2024-11-17
C651270,Jeffrey,Chan,1959-06-13,Other,960-222-8131,angelajackson@example.org,U.K.,Justinbury,68358,2026-01-11
C3004081,Clinton,Moore,1973-05-16,Other,(828)908-8949x644,jtorres@example.org,UK,Lake Johnburgh,70340,2025-06-02
C8579292,Jesse,Wyatt,2006-03-20,Other,785-293-5369,charris@example.com,United Kingdom,Johnsonton,59545,2024-10-21
C1167169,Natalie,Butler,1963-10-07,Other,001-612-591-5360x988,nbest@example.com,GB,West Jasonport,21315,2024-06-03
C9617102,Peggy,Perez,2008-05-25,Other,474-638-6963,kathleenreynolds@example.com,GB,Brittneyland,72967,2022-07-21
C446541,Madeline,Campos,1974-01-24,F,(754)763-5802,sli@example.net,UK,East Cherylchester,74606,2024-08-17
C3081743,Jenna,Mann,1980-07-17,F,6544358158,leblancalan@example.com,GB,Nelsonmouth,51948,2024-04-13
C5746809,David,Barnes,1957-08-21,Other,566.339.2119,timothy46@example.org,United Kingdom,Gonzalezberg,93907,2024-02-15
C1357676,Michele,Duncan,1998-09-17,M,001-729-655-8601x6973,wmeyer@example.net,U.K.,North Jasontown,34689,2021-11-01
C4964154,William,Hernandez,1981-05-01,NULL,+1-971-453-2632x370,anthony98@example.com,U.K.,North Kevin,61347,2024-05-31
C7417545,Susan,Kelly,1969-10-03,NULL,8047252444,adam54@example.org,United Kingdom,Meganshire,08162,2023-12-04
C4388646,Julie,Ryan,1956-10-30,F,317.490.2874,lacey68@example.net,UK,Lake Michaelville,39714,2025-03-28
C7821060,Thomas,Thompson,1986-08-23,Other,782-935-2413,tmills@example.net,GB,Hardyshire,03246,2025-01-31
C2552664,Tammy,Spence,2005-03-23,Other,001-208-629-4249x02409,austinfreeman@example.com,United Kingdom,West Jay,69305,2025-08-27
C5178700,Sandra,Phelps,1964-11-10,Other,815-513-6156x7904,brownantonio@example.org,United Kingdom,New Coleview,77872,2025-11-12
C364784,Scott,Daniels,2001-05-12,Other,001-551-955-2397,fgregory@example.com,England,Lake Josephview,66873,2021-09-01
C7223134,Derrick,-,2005-07-10,M,+1-284-472-4583x6258,tracybarrera@example.org,England,Shaffertown,75790,2025-05-26
C5758373,Timothy,Holmes,2007-02-25,NULL,Unknown,jasonsantiago@example.org,United Kingdom,Byrdport,47829,2026-04-15
C3216210,Henry,Smith,1975-04-03,NULL,492.248.3069x2535,smatthews@example.com,GB,Bobbyberg,61797,2025-12-30
C6508211,Mark,Lopez,1977-07-08,F,815.734.9213x3667,zunigamichael@example.com,GB,Patelfurt,07871,2022-07-31
C6699933,Erika,Willis,1938-12-15,NULL,757.803.8248x5416,williamsonolivia@example.com,UK,Jonesport,62127,2024-07-02
C144077,Gary,Stewart,1951-01-01,M,886-325-5978,michele06@example.net,United Kingdom,North Darius,87761,01/06/2023
C8538995,Jose,Jackson,1976-11-25,M,001-446-997-7685,slopez@example.net,England,Nathantown,01281,2025-08-19
C690444,Sarah,Thornton,1947-08-04,F,(204)222-0962,reginagraves@example.com,United Kingdom,Port Darleneton,23688,2023-01-01
C9342214,John,Ward,1964-06-19,M,779-989-0957,bridget23@example.com,United Kingdom,Clarkeborough,98630,2023-04-11
C453450,Jeffrey,Fisher,1996-01-03,F,(738)705-5035x1172,madeline21@example.org,U.K.,Rhodesfurt,84140,2021-09-25
C3133867,Jennifer,Unknown,1959-01-14,Other,(538)815-7115x772,colekaren@example.net,United Kingdom,South Rachel,81031,2021-10-19
C4661107,Kathryn,,1935-09-19,M,820-477-9693x436,rebekahklein@example.com,United Kingdom,Scottborough,99800,2023-07-02
C37195,Katelyn,Davis,1983-12-03,NULL,+1-602-410-4583x6822,timothy77@example.com,UK,East John,57391,2024-02-10
C3151265,Kim,Burke,1949-03-22,M,+1-204-695-0602x2160,greenmiguel@example.org,U.K.,Lake Justin,99116,2026-01-31
C1835522,,Moore,1976-01-15,F,(817)732-5930x61554,nfisher@example.net,GB,New Lindsay,42337,2024-01-09
C6966342,Desiree,Navarro,1941-12-01,NULL,595.395.5377,jaredwhite@example.org,United Kingdom,Port Jasonstad,79867,2025-12-23
C9232131,Justin,Lopez,1969-08-21,NULL,-,fgreen@example.org,GB,Port Jamesville,07438,2024-07-23
C6055675,Molly,Ellis,1981-07-23,M,001-860-319-2957x807,natalie78@example.org,U.K.,Jacquelineshire,75814,2023-05-26
C2273965,Devon,Gomez,1973-04-12,NULL,(619)212-8416,tinajones@example.org,England,New Dennis,80104,2021-12-26
C4488367,David,Mcmahon,1995-01-24,NULL,001-303-979-6968,rachel93@example.net,United Kingdom,Michaeltown,31594,2023-09-10
C3614037,Michelle,Blevins,1949-01-30,M,+1-381-955-3073x6670,masonjeffrey@example.com,UK,West Vanessa,43004,2025-02-06
C8868617,Cynthia,Butler,1978-02-07,NULL,643-391-9481x8508,frankjones@example.org,UK,Nicholsmouth,07259,2024-11-23
C6625096,John,Macdonald,1947-11-24,Other,675.465.4684,victor40@example.net,GB,West Beverly,77582,2024-02-01
C7597398,Sydney,Mann,2008-01-11,M,815-470-3414,kathryn80@example.net,GB,Vanessaport,86373,2023-08-23
C1839656,Shirley,Lee,1966-11-21,Other,+1-834-768-6139,albertclark@example.net,GB,South Chadfurt,06888,2022-09-04
C3535687,Juan,Simmons,1965-03-25,M,205-799-5889x51245,jenniferli@example.org,United Kingdom,New Karaton,76121,2022-10-12
C4352260,Darren,Garcia,1986-12-02,Other,6372032082,kclark@example.net,U.K.,Alexburgh,56175,16/02/2025
C3739266,Chris,Hull,2007-02-19,NULL,+1-707-849-9765,patrickmcdonald@example.net,GB,Moodystad,04378,2026-05-27
C9961622,Scott,Martin,1985-01-05,F,001-747-496-1244x516,fulleralexandra@example.com,GB,Brownland,08353,2023-09-02
C8859331,Steven,Donovan,1971-09-19,NULL,631-647-6442,mannlaura@example.com,U.K.,North Misty,71351,2023-05-23
C6015603,Linda,Juarez,1981-09-24,Other,001-704-717-3719x472,jennifer01@example.net,GB,Lake Elizabethtown,21096,2025-09-28
C3453233,Robert,Harris,1987-03-04,Other,6527588775,dianagarcia@example.org,United Kingdom,Williamsmouth,58094,2025-02-19
C8664674,Geoffrey,Bauer,2001-11-29,Other,(459)678-6641x5753,sgamble@example.com,United Kingdom,Jillfort,56423,2023-12-15
C2298812,Rebecca,Smith,1980-06-15,Other,926-634-2714x89681,ronaldferguson@example.org,GB,Heathermouth,42594,2022-04-08
C6965198,Brendan,Martinez,1961-03-11,F,(888)698-4687x3986,mitchellsally@example.com,United Kingdom,Carsonmouth,98123,2024-12-07
C6138858,Jill,Cruz,1953-09-22,M,(802)634-3513,luceromelissa@example.com,United Kingdom,Lake Jason,34586,2025-08-24
C2876884,Lisa,Chavez,2003-02-03,Other,400-351-0920x6715,brownrobert@example.net,GB,East Catherinefurt,18791,2022-04-23
C6776451,John,Robinson,1976-09-24,NULL,+1-394-595-6166x02760,steven63@example.com,UK,South Danielview,27770,2024-03-28
C4657488,Jeanette,Morris,1985-09-07,Other,+1-989-996-9604,ofoster@example.org,United Kingdom,Bennettside,31317,2024-10-25
C2326747,Tracy,Potter,2004-07-16,Other,435-690-0963x05635,susanruiz@example.com,England,Emilyview,06946,2026-07-17
C1022251,Jay,Flores,1964-03-03,F,675.530.1196x14972,derickson@example.org,UK,Amandashire,39564,2026-01-07
C8239724,Jason,Hoffman,1980-06-10,NULL,(537)696-1665x6835,robert26@example.net,GB,Lake Stacey,06913,2024-10-20
C1775188,Michael,Reynolds,1993-03-18,NULL,(917)542-6813,olsonjoseph@example.net,England,Brandyside,01796,2023-10-31
C363103,Cory,Oconnor,1941-09-11,M,587-232-6626,burgessjames@example.net,United Kingdom,Port Kevin,40569,2025-04-26
C2971757,Jamie,Wright,1987-11-09,Other,(328)690-0712,slyons@example.com,United Kingdom,Lake Jonathanchester,53188,2024-07-21
C5077123,Jasmine,Castillo,1979-05-11,NULL,(726)690-2925,mhernandez@example.com,GB,Littleberg,76474,2021-10-10
C629692,Ryan,Cox,1950-01-20,Other,(791)545-8776,alyssamoore@example.net,United Kingdom,Marktown,76669,2023-05-10
C8753854,Michael,Williams,1956-07-27,F,(724)438-3034x5780,john12@example.org,GB,East Daniel,14220,2024-08-12
C3042370,Robin,Simmons,1942-07-16,M,527.359.9068x443,joneskelly@example.net,GB,Christianport,45820,2025-09-01
C1920267,Charles,Wilkins,1958-10-08,Other,(956)432-9348x057,higginskeith@example.net,U.K.,Lake Kimberly,18176,2023-08-27
C6623965,Timothy,Joseph,2002-04-20,NULL,+1-257-606-2966x6996,staceyrios@example.net,UK,Port Jessicaport,86341,2024-02-02
C3330804,Stephanie,Baker,1955-06-05,NULL,308.691.7432,xerickson@example.org,GB,Lake Tracimouth,35665,2022-04-19
C7733752,Jennifer,Warren,1991-04-11,M,686.934.9898,olsonkatherine@example.org,United Kingdom,Kevintown,92413,2025-05-03
C7618022,Kendra,Lindsey,1997-05-24,M,374-894-8696x73761,stephendaniel@example.org,UK,North Jasmineberg,98306,2025-12-13
C5327211,Christian,Henderson,10-23-1942,M,+1-623-490-2063,jessicathompson@example.net,England,Lynnchester,98161,2024-04-13
C461375,Michael,Guzman,1978-12-14,M,220-432-1840x3276,cschmitt@example.org,United Kingdom,Thompsonfurt,24232,2026-04-18
C7025715,Unknown,Graham,1997-02-19,NULL,693.865.5330x677,pamelasmith@example.com,U.K.,South Christopher,69711,2022-09-30
C8315128,Amy,Holland,2006-02-10,M,703-440-8309,ltaylor@example.com,England,Jimenezborough,69285,2022-09-02
C4052832,Leslie,Davis,1963-10-10,NULL,+1-510-684-4834x99423,lawrence05@example.net,GB,Huertaborough,48390,20251011
C5829235,Kristina,Alvarez,1996-05-11,F,352-475-2992x468,xanderson@example.net,United Kingdom,Port Bradtown,93205,2024-05-12
C6873834,Alex,Willis,1982-07-19,NULL,+1-339-935-7791,ysexton@example.net,UK,Amyfurt,96672,2025-02-03
C6221523,Austin,Banks,1982-11-23,Other,(394)259-3282x431,bowmanmichael@example.net,England,Joneschester,84339,2025-09-19
C6169779,Kristina,Sherman,1991-05-19,M,(456)968-5803,olsonbrianna@example.net,U.K.,Stephanieshire,55770,2023-05-17
C1815839,Aaron,Patton,1992-10-13,NULL,+1-403-371-6763x633,rhodessteven@example.org,England,Karenview,63884,2024-07-26
C2131223,Ian,Romero,1961-12-06,M,629.201.0534x042,mark66@example.net,UK,Lake Jackieton,62175,2024-03-27
C4129377,Daniel,Wolfe,1942-01-17,F,704-482-3002,bmartinez@example.net,GB,Sandovalburgh,04649,2024-08-07
C2232289,Tammy,Brown,1937-10-05,F,858.758.2255x70465,prestonalvarez@example.org,GB,Destinytown,31551,2023-06-13
C715221,Aaron,Murphy,1971-01-20,NULL,386-651-7228x0445,matthewcoleman@example.org,U.K.,New Brittany,82171,2023-02-10
C7436497,Dorothy,Jones,1996-02-24,M,496-940-0492x641,hickspatricia@example.net,U.K.,Lake Meredith,90167,2022-06-21
C9932452,James,,1998-03-24,M,(903)260-9373,jennifermorris@example.net,GB,New Paula,48625,2026-03-03
C9537383,Hannah,Perez,1949-01-11,F,724.740.3840,amanda46@example.net,U.K.,Reneeshire,73673,2024-03-06
C4942126,Jillian,Knapp,1953-09-09,Other,265-581-4529,khicks@example.org,U.K.,Frenchshire,38281,15/07/2025
C1917235,Kelly,Hawkins,1951-08-01,F,+1-532-866-4494x7900,ohatfield@example.com,UK,Rebeccashire,98130,2022-08-12
C3940818,Jenna,Lee,1938-12-04,NULL,838.917.8613,christopher13@example.net,GB,Johnview,50621,2022-11-15
C9662541,Marvin,Marshall,2005-12-25,NULL,534.922.2706,heathertodd@example.org,GB,North Christine,96686,2025-02-08
C2640815,John,Jimenez,1973-02-17,F,001-220-842-2345,rasmussengeorge@example.net,GB,South Monica,21353,2023-01-24
C2209911,George,Martin,1959-05-03,Other,(201)654-6696,iedwards@example.org,GB,Davidside,76681,2021-09-16
C8313161,Andrew,Townsend,04-19-1957,F,(660)786-0426x79602,bryantnicholas@example.net,U.K.,West Michael,25149,2024-06-18
C2360776,Helen,Macias,1985-03-27,Other,+1-849-853-9794x0317,justin50@example.org,United Kingdom,Port Jennifer,85400,2023-04-18
C8607911,Amy,Burke,1998-08-29,NULL,001-390-881-9114x6775,icraig@example.net,United Kingdom,East Carolynmouth,95121,2022-07-30
C6894231,Kevin,Gillespie,1966-11-07,Other,343-700-0853x642,garzasheryl@example.org,UK,North Richardton,63979,2022-06-17
C4901882,Mary,Herrera,1971-12-12,M,3225567170,silvadanielle@example.net,United Kingdom,West Michaelchester,28177,2024-05-02
C5283629,Shannon,Wise,1984-10-30,Other,976.399.3544x2991,nscott@example.com,United Kingdom,North Edwardland,88631,2024-06-01
C8475401,Kim,Burgess,1947-10-19,M,N/A,lshelton@example.com,United Kingdom,Charlesburgh,43247,2025-12-07
C3039687,Mark,Nguyen,1963-09-12,Other,,allenmichael@@example.com,United Kingdom,Lisamouth,27203,2025-12-19
C8445931,Patricia,Lopez,1979-03-18,M,843-765-0672,munozthomas@example.org,United Kingdom,East Jason,56012,2025-07-08
C2090963,Scott,George,1966-06-01,M,872.507.7676x0687,victor23@example.net,UK,Lake Davidhaven,26748,2021-10-04
C2773309,John,Romero,1973-12-25,F,768-575-2376,frances73@example.net,England,Leeton,76378,2024-03-18
C5836840,Nicole,Hunt,1944-04-15,NULL,+1-472-399-7477x396,tony17@example.org,U.K.,South Lisa,62124,2024-06-02
C7167865,Tammy,Rodriguez,1967-02-07,M,589.637.0637x1050,nlong@example.org,UK,Jenniferfurt,65665,2021-08-25
C6670727,Jesse,Phillips,1986-11-20,M,964.812.0831x787,beckchristy@example.net,United Kingdom,Williamschester,38681,2022-04-05
C4769367,Anne,Barnes,1962-10-13,Other,949.567.7825x32393,gouldpamela@example.org,UK,Olsonbury,81591,2023-08-25
C8895229,Michelle,Clayton,1996-10-01,M,001-839-938-0472x594,miguel82@example.org,United Kingdom,Floydville,79689,2023-03-03
C7387036,Joseph,Edwards,1980-01-11,NULL,3519335772,tannerdeanna@example.net,U.K.,Timothyside,01163,2026-06-10
C8228064,Jonathan,Smith,1996-02-27,Other,+1-775-560-1956x88925,teresanewton@example.org,UK,Crystalberg,19408,2023-08-24
C6059986,Gregory,Clark,1974-10-18,F,001-458-572-1919x6839,mscott@example.net,United Kingdom,South Kimberly,01034,2024-11-07
C4140813,Olivia,Kelly,2003-11-06,Other,(561)367-5769x807,wilsonwilliam@example.net,GB,Amandaborough,95495,2025-09-07
C9408564,Bonnie,Schmidt,1938-12-01,M,706.346.7678x195,wendydavis@example.org,England,South Joseph,05742,2022-11-11
C5258391,Brandi,Johnson,1989-03-14,M,(537)313-6224,natkins@example.org,GB,Briannaberg,23013,2022-01-24
C1415469,Kevin,Larsen,1969-04-15,F,9079916922,walter76@example.com,U.K.,New Tina,31972,2025-12-05
C3845769,Breanna,Odonnell,1986-07-21,M,(747)763-1578x273,dickersonkyle@example.net,U.K.,Myerstown,12664,2026-06-23
C1560197,Eric,Horton,1966-09-21,Other,2365781593,ashley77@example.com,GB,North Jackview,58156,2024-11-08
C3311040,Monica,Kelly,2005-02-10,Other,5538239065,ryanjessica@example.net,UK,Richardmouth,70444,2025-11-05
C3798261,Erika,Simmons,1977-08-04,NULL,349.265.9219,nmercado@example.org,England,Port Ashley,88444,2026-06-22
C3908769,James,Bowers,1976-11-08,M,+1-308-304-8641x76424,christopherwhite@example.org,UK,Tonyabury,75467,2022-05-30
C6440737,Anthony,Williams,1963-11-27,M,248-670-4160,mashley@example.org,United Kingdom,Sharonhaven,39966,2021-10-17
C3971458,Keith,Roberts,1976-02-07,Other,843.407.0852x29509,dgay@example.net,GB,East Toddburgh,80261,2023-12-10
C4541320,Jason,Graves,1945-07-25,NULL,+1-593-677-1996x45003,olsondaniel@example.org,United Kingdom,Lake Jameston,52287,2022-05-02
C4125457,Danielle,Ruiz,1938-02-28,M,+1-329-249-3998,peterwinters@example.net,United Kingdom,Lopezside,95300,2026-02-20
C3736959,Stephanie,Patterson,1943-11-20,M,(860)530-8548x1901,tjones@example.org,England,North Saraberg,59151,2023-11-14
C8182820,Emily,Mejia,1981-07-06,NULL,7174238831,gwilson@example.net,GB,Jonesstad,05380,2026-02-20
C5954506,,Jones,1937-05-31,F,7627718934,rodrigueztyrone@example.net,UK,Taraside,28656,2021-10-07
C1624354,Sabrina,Lopez,1984-04-08,F,(434)742-7507x7057,aaronbrooks@example.com,GB,Port Cheryltown,81076,2023-10-12
C1569689,Abigail,Jordan,2005-07-08,F,563-787-3411x458,myerschristopher@example.org,GB,Cherryton,76999,2023-11-11
C8844060,Amanda,Fisher,2003-10-19,M,(452)529-5428x44051,wphillips@example.com,GB,Raymondview,51060,2026-07-27
C4772505,Jonathan,Smith,1943-05-22,NULL,-,erinellison@example.net,U.K.,North Samantha,62509,2024-02-05
C3426253,Veronica,Ortiz,1997-05-26,F,001-869-283-0556,heatherclark@example.con,GB,Huntberg,80554,2022-06-05
C7572585,Brittany,Unknown,2007-03-26,Other,3549381677,john91@example.org,U.K.,New Richardchester,48067,2024-08-08
C734713,Amber,Carter,1959-01-26,Other,375-361-1588,monica47@example.net,United Kingdom,Port Dennis,96227,2022-01-04
C9447707,,Rodriguez,1939-05-11,M,(823)364-5852x34218,khall@example.com,United Kingdom,East Erictown,34822,2021-11-22
C1049605,Rita,Zuniga,1978-01-31,NULL,(653)368-2127,susan54@example.net,U.K.,Stephanieburgh,06751,2025-04-20
C5630810,Vanessa,Tate,1959-11-08,F,838-453-7520,toddclark@example.com,U.K.,North Melissa,37703,2024-04-10
C5029020,Sara,Mora,1988-01-05,Other,409.696.9771x07254,thompsondiane@example.org,U.K.,Williamsside,24608,2021-11-30
C6830299,Crystal,Morris,1986-08-17,F,4066654276,john12@example.com,UK,South Danielle,48301,2025-02-21
C7894219,Unknown,Walker,1948-11-19,NULL,489-546-8017x6288,antonio76@example.org,England,South Christina,02106,2022-07-04
C1222596,Molly,Hester,1978-05-12,M,+1-347-200-8077x93029,qjohnson@example.org,UK,Graveschester,13402,2024-04-05
C1293814,Drew,Morris,1952-04-06,F,909.746.6962x254,stewartshannon@example.net,U.K.,Gonzalesside,35230,2022-04-25
C9574741,,Mullins,1950-02-28,M,232-984-2294,johnsonmonique@example.com,United Kingdom,Jennyland,09496,2024-06-14
C9130760,Jennifer,Gonzalez,1957-12-16,M,363-951-7682,nicholezhang@example.net,UK,New Michael,59582,2026-06-11
C8401355,Lisa,Hodge,1938-08-17,NULL,001-358-473-7330x7816,hahnmichael@example.org,U.K.,Port Jennifermouth,02770,2026-04-04
C5401523,Teresa,Robinson,1987-04-27,F,711.967.9870x01402,courtneymay@example.com,U.K.,Sarahview,82742,2023-06-13
C5329873,Jacob,Thomas,1973-08-07,Other,(597)234-0951,natalie50@example.com,GB,Ashleyview,78849,2021-09-13
C9890077,Steven,Bishop,13/07/1968,Other,267-584-1943,ghamilton@example.org,England,Jefferyfort,63944,2026-06-21
C6097193,Amy,Davidson,1960-07-05,Other,4566712922,yhernandez@example.org,UK,Shahhaven,13030,2022-10-02
C3750221,,Ho,1996-09-03,Other,001-697-201-0708x1804,christine79@example.com,United Kingdom,Victoriahaven,70258,2023-09-23
C2282618,Garrett,Anderson,1957-04-01,NULL,6057775183,jacqueline49@example.org,United Kingdom,Nobleside,97504,2025-03-16
C6900602,Christina,Moore,1960-06-21,Other,001-561-777-0074x29517,dickersonnicole@example.net,England,West Vanessa,27015,2021-11-11
C5810478,Rhonda,Fisher,2001-02-01,F,249-287-8870x35697,lisa89@example.net,GB,Lake Michaelview,15251,2025-10-07
C5790433,Darren,Robbins,1946-01-21,F,928.384.4560,debra55@@example.com,England,Zhangview,43962,2024-02-09
C5019146,James,Neal,22/07/1950,F,403.828.0695x977,rsharp@example.org,UK,Mollybury,30735,2025-07-20
C2481822,Brandon,Jackson,1995-11-15,F,617.720.9343x9000,brenda94@example.net,U.K.,Shawnborough,39007,2024-08-05
C8727336,Heather,Alexander,1940-05-12,M,(473)861-6089x82589,anthony31@example.com,United Kingdom,New Sarah,61067,2023-05-20
C7461626,Lori,Diaz,1973-11-25,M,001-720-863-5765x107,kevin59@example.org,England,West Bradley,59863,20/04/2026
C380893,Robert,Jones,1956-12-20,F,520.796.2280x996,millertaylor@example.org,United Kingdom,West Jenniferton,32891,2022-05-06
C3777734,Lisa,Lester,1998-02-07,F,(495)859-1193,josephwhite@example.net,UK,Josephhaven,99562,2026-06-30
C2037501,Jonathan,Hunt,1972-10-02,NULL,+1-955-660-5046x6916,mary10@example.com,GB,Matthewview,38164,2025-03-12
C9625394,Janet,Fox,2003-12-25,Other,001-243-474-1383,vwelch@example.net,England,Shelleyton,29906,2026-06-17
C6606563,Debra,Ford,1952-08-04,Other,+1-477-957-2261x096,marybarton@gmal.com,GB,Port Johntown,37467,2024-03-23
C9295378,Monica,Andersen,1991-07-02,F,(551)979-5566x226,debraingram@example.org,GB,South Juliebury,71185,2022-10-26
C9707363,Kelly,Johnson,2000-02-04,F,+1-808-780-7851x57057,jsmith@example.com,United Kingdom,Lake Phillipland,18644,2025-06-24
C8890021,Andrea,Smith,2004-02-11,Other,+1-613-581-5454x221,matthew75@example.com,England,Julianburgh,09828,2025-12-16
C8328412,Andrew,Flores,1941-12-14,NULL,001-432-619-1918x568,robersontrevor@example.org,U.K.,Eugeneborough,22329,2025-01-07
C6264641,Kayla,Dodson,1961-04-28,Other,4115785522,jaclyngarcia@example.com,GB,New Deborah,98138,2024-01-01
C3330311,Michael,Farley,1950-01-19,NULL,755-581-2071x730,brandondean@example.com,GB,Lake Rhondaburgh,41757,2024-03-16
C6271986,Rebecca,Anderson,1992-10-17,F,205.230.9366,frederickmonica@example.org,U.K.,Port Jessicaland,26152,2022-03-13
C4737229,Chad,Price,1954-02-19,Other,674-485-0247,timothycherry@example.net,GB,Orozcochester,80883,2024-10-29
C5338545,Tiffany,Jackson,1991-05-09,NULL,778-461-1688x407,karidawson@example.com,United Kingdom,Wongbury,85966,19/02/2023
C9388811,Christopher,Simon,1960-03-06,F,001-900-802-7033x9356,johntaylor@example.org,United Kingdom,Brandonville,48730,2025-05-27
C8770601,Emily,Crosby,1961-05-29,F,306-808-2945,brentwarren@example.com,GB,Port Evan,72462,2022-12-20
C277519,Samantha,Holloway,1983-12-31,F,+1-340-464-5185x5093,novaktony@example.net,UK,Stephaniechester,05565,2021-09-25
C9963619,Cody,N/A,1958-04-21,NULL,(397)382-0250x24431,sandra00@example.org,GB,Angelabury,65807,2025-03-27
C2331594,Martin,Evans,1994-05-30,M,319.969.2758,hudsontrevor@example.org,United Kingdom,East Paulland,79896,2024-04-29
C4271660,Richard,White,1980-12-20,F,+1-629-650-3435x814,fspencer@example.net,GB,East Joemouth,28111,20260303
C9162283,Nicholas,Padilla,1959-02-27,F,+1-804-714-5671x9732,castillojoseph@example.com,UK,West Oscarfurt,43103,2024-09-18
C6629819,Melanie,Glenn,1971-03-13,F,307-728-6275x09203,williamstodd@example.net,U.K.,New Mary,50654,08-20-2024
C7956118,Steven,Howard,19800127,NULL,(496)723-3207,tiffany02@example.org,England,Gilbertburgh,93177,2024-02-01
C8972223,Christopher,Palmer,1936-07-06,Other,876-749-5334x35501,liemma@example.net,U.K.,Piercehaven,34590,2021-12-18
C8442647,Shari,Smith,1955-10-13,NULL,001-725-616-3043x21975,jasminerobertson@example.org,England,Johnbury,01959,2025-03-05
C4606025,Tamara,Taylor,1980-11-12,NULL,001-665-896-3904x158,joejohnson@example.org,UK,Emmamouth,43416,2022-06-08
C6863556,Karen,-,2006-12-03,Other,+1-754-786-7465x06260,sanchezjoshua@example.net,England,New Sherylbury,56709,2023-09-06
C1362090,Carlos,Haas,2006-08-14,F,569.628.6297x65009,xgrant@example.com,U.K.,West Melissa,19510,2023-12-11
C8675886,Devin,Peterson,1963-09-20,M,001-888-506-7931x1595,margarethodges@example.org,UK,Port Kirsten,12056,2024-10-03
C2727623,Jessica,Mendez,1971-03-13,Other,-,michelle17@example.com,GB,Port Jason,21970,Tomorrow
C7264475,Jennifer,Krause,2006-05-21,NULL,001-862-238-8547x4745,andersondarren@example.net,England,Fordfurt,22876,05/09/2022
C8280316,Charles,Jacobs,2001-11-10,F,+1-833-965-7237,michelle72@example.com,UK,Lake Jason,30270,2024-12-04
C5832752,Tammie,Parks,2000-11-29,NULL,(467)733-4807,toddconnie@example.org,United Kingdom,Trevorburgh,93535,2023-04-24
C193914,Andrew,Graves,1983-01-17,M,(478)320-7514x0923,candice39@example.org,United Kingdom,East Adamfurt,19630,2022-01-28
C5420248,Eric,Sutton,1963-03-19,F,582.298.0954,thompsonpamela@example.com,UK,Jesseberg,44729,2022-08-16
C8831030,Kenneth,Johnson,1951-11-15,M,+1-785-652-0425x769,williamsmichael@example.org,GB,Port Laceymouth,33757,2022-12-14
C1196771,Mike,Welch,1961-07-09,NULL,(442)658-9471x60052,ernest96@example.net,United Kingdom,Seanmouth,50792,2024-02-07
C7491843,Nicole,Andrews,1988-12-20,Other,Unknown,madison77@example.com,UK,East Andreastad,77821,2023-12-05
C9078323,Lydia,Diaz,1958-03-18,F,(976)536-4116x9007,piercedale@example.org,GB,Jonathanland,18135,2023-03-14
C8104407,Kimberly,Taylor,1991-12-21,F,541-271-9306x34849,arnoldwilliam@example.org,GB,North Stacyport,25362,2023-08-25
C1142418,Christopher,NULL,1999-11-01,Other,325.796.5427x0946,staylor@example.org,GB,Castillomouth,10240,2023-11-12
C2002459,Scott,Mccarthy,1978-01-17,Other,(438)778-1612,powellchristopher@example.com,U.K.,West Jamesland,42342,2021-12-16
C1242940,Chad,Kim,1942-02-16,M,352-480-9294x771,kjones@example.com,United Kingdom,Hardyborough,64404,2026-03-24
C2604564,Travis,Smith,1987-08-04,Other,001-325-986-5604x9088,parmstrong@example.com,United Kingdom,Jacobfurt,69991,2022-04-06
C4495209,Karen,Robertson,1958-11-18,NULL,001-383-882-1989x56177,murphycharles@example.org,GB,Beckerville,17080,2025-04-07
C8897568,Bradley,Schneider,1994-11-10,M,+1-542-327-4119x735,austin64@example.net,England,North Ashley,84531,2024-08-24
C7561675,Brian,NULL,1995-07-22,F,(688)879-1464,penadavid@example.net,U.K.,Acostaborough,23602,2023-02-24
C8233798,Jennifer,King,1982-12-08,F,724.727.5562x4623,megan30@example.com,United Kingdom,Stoneport,81278,2026-02-10
C2802051,Joseph,May,1966-09-06,F,388-364-9544,tyler13@example.net,U.K.,North Christine,78789,2023-09-09
C6687465,Chris,King,1976-07-28,F,(284)752-0141,cburgess@example.net,England,New Stephanie,93373,2023-08-14
C6454212,Matthew,Garrett,1963-05-03,F,+1-417-971-3668x2096,meaganbecker@example.org,GB,Kevinhaven,30130,2023-04-30
C1272157,Derrick,Livingston,1958-11-26,F,592-759-4582,jenniferrich@example.net,United Kingdom,Nguyenchester,97297,2022-06-09
C4879205,Nathan,Heath,2004-08-05,M,001-789-532-4373x6974,david68@example.org,U.K.,Allisonstad,26634,2024-09-02
C4898710,Brianna,Martinez,1941-11-12,NULL,610-560-5929,pinedamaureen@example.com,England,Port Tammy,02254,2025-07-05
C3377612,Nicole,Dudley,1968-10-02,F,7276029228,kcurtis@example.net,U.K.,West Lindsey,30677,2023-09-25
C2977188,Michael,Long,1969-08-06,M,001-644-987-3581x097,qwhitney@example.com,GB,South Donald,22990,2024-07-17
C8370772,Reginald,Ewing,1978-12-20,M,(211)519-4428,tamigrant@example.net,United Kingdom,Ashleyland,33525,2025-10-11
C9719497,Patricia,Wong,1962-10-30,Other,+1-361-556-2439x430,caseycynthia@example.net,GB,Port Angelicafort,91407,2024-02-07
C9354031,David,Gray,1988-05-24,F,(844)531-7241,jarvissusan@example.com,England,West Jaimeshire,81804,2026-03-21
C291752,Diana,Robbins,2005-05-06,M,(218)768-8136,travismcguire@example.com,United Kingdom,Port Patriciamouth,65019,2023-10-01
C5688389,Amanda,Hicks,1946-05-17,M,-,jfox@example.net,United Kingdom,Port Sonyahaven,71706,2022-08-20
C9700732,Stacey,Garcia,1950-04-20,M,001-329-826-1012x085,kellythompson@example.net,U.K.,Sandersfurt,28988,2023-12-04
C765687,Nicholas,Riggs,01/10/1991,M,494-333-6194,ddaniels@example.org,United Kingdom,Parksbury,03055,2025-11-07
C704197,Rachel,Murphy,2007-06-26,Other,377.993.3473x998,barbaragibson@example.com,UK,Jacksonland,69309,2024-06-02
C760216,Eric,Ramirez,2003-04-11,F,001-300-214-7243x8741,christopher56@example.org,GB,Adamsstad,79417,2021-10-06
C6470621,Andre,Tucker,1989-04-01,NULL,861.809.7010x98650,jmeyer@example.com,UK,North Katelyn,41860,2022-07-21
C3714712,Sarah,Gonzalez,1978-12-02,NULL,302-829-0994,bryan38@example.org,United Kingdom,Katherineside,75006,2024-11-27
C2262003,Wanda,Green,1936-09-04,F,9033670576,tara57@example.com,U.K.,Lisaside,57224,2025-04-12
C1697890,Natalie,Fernandez,1977-11-27,Other,631-916-6950,amartin@example.com,U.K.,Georgeview,77386,2026-05-21
C1057836,Stephen,Wade,1989-06-15,F,+1-315-952-4319x79414,hernandezmichael@example.com,United Kingdom,Danielbury,98237,2023-12-24
C954337,Edward,Sanchez,1986-05-23,NULL,816-290-3706x4568,richardharrell@example.net,U.K.,Brianland,07999,2022-05-18
C3582228,Michael,Lopez,1947-11-03,M,001-389-996-2571,bowmananthony@example.org,UK,Nicholasburgh,40426,2023-06-21
C3688611,Amanda,Roberts,1951-06-29,Other,862.613.5829x75950,cfox@example.org,England,Hickshaven,49699,2024-04-29
C5854430,Lauren,Vasquez,1969-04-06,Other,+1-856-651-8992,uconley@example.com,GB,Thomasmouth,77831,2022-10-07
C6968383,Jeffrey,,1962-12-19,M,(819)898-4263,stephaniewhite@example.net,England,South Joseph,76119,2023-07-29
C7186138,Cody,Mason,1950-04-26,M,255-776-9463x1061,barbara88@example.com,England,Michaelberg,93999,2024-03-05
C6120239,Michael,Murphy,1995-03-24,F,898.499.4748x169,ismith@example.com,United Kingdom,Johnsonport,51254,2022-05-15
C445823,Rebecca,Pugh,1962-01-26,M,(704)577-1407x3069,alisondavis@example.net,United Kingdom,New Susanstad,78073,2026-03-26
C2502158,N/A,Daniel,1966-11-06,Other,+1-956-416-0953x35772,phillipsemily@example.com,UK,Cookmouth,90824,2024-12-10
C8202144,Tina,Tucker,1989-04-04,M,893.663.0498x3207,tonya20@example.com,UK,South Brittanytown,03038,2025-05-18
C8616760,Gabriella,Martin,1946-01-18,Other,484-360-1337x4520,wilkinsonzachary@example.org,GB,Jonathanburgh,01636,2024-03-25
C6690608,Peter,Richardson,1987-02-22,M,4634457100,evansjessica@example.net,UK,Sosashire,84681,2024-09-11
C4634978,Justin,Rasmussen,1995-10-21,Other,734.313.4028x050,crystalwong@example.com,U.K.,Olivermouth,85441,2021-09-11
C2897885,John,Hernandez,1959-07-19,NULL,+1-772-393-0719x22006,tpalmer@example.net,GB,South Robertport,34663,2022-01-16
C3152468,Craig,Holland,1941-11-11,M,+1-810-671-0639x07862,ehill@example.com,UK,Port Richard,63715,2025-11-30
C1109430,Vanessa,Ellis,1993-03-19,M,(561)777-8712,katherinepeters@example.com,GB,Darrylport,04239,Tomorrow
C5895872,Mary,Randall,1986-10-25,NULL,6333235374,jennifer73@example.net,GB,Walkerside,03165,11-08-2024
C657332,Cheryl,Green,2005-10-24,M,(363)445-4237x4755,sarahjackson@example.org,England,Lake Garyside,70497,2026-01-28
C2840718,Cameron,Castro,2006-02-06,M,399-525-8618,alangarcia@example.net,United Kingdom,Kimfort,68511,2023-04-12
C5705103,Andrew,Clark,Yesterday,NULL,001-410-272-9768x72244,james24@example.org,GB,South Emilyport,89604,2025-09-05
C1610561,Troy,Peterson,1955-08-17,M,+1-674-752-8508,obrienjennifer@example.com,UK,Lake Troy,94939,2022-12-28
C8660281,Ashley,Barnes,1979-05-20,Other,(926)272-9726x5746,karen58@example.con,England,Martinhaven,14308,2022-04-14
C2504652,Samantha,Martinez,2005-01-28,F,711-273-6152,bethsnyder@example.org,England,New Kevin,11882,2022-05-27
C6256792,Christine,Glover,1985-04-29,M,860.893.1719x1210,adamskevin@example.net,GB,Gatesstad,17199,2025-05-24
C876050,Ashley,Walls,1983-09-02,Other,866-642-3396x928,pbell@example.org,UK,Larryberg,28956,2023-07-15
C638344,Tony,Guerrero,1948-04-03,M,001-742-444-3915x0613,millerashley@example.org,United Kingdom,Lake Manuelberg,55244,2025-02-17
C2197307,James,Williams,1998-10-17,Other,+1-752-979-8301x0826,traviswilson@example.net,GB,Keithhaven,31637,2026-06-06
C860870,Juan,Newman,1993-06-24,F,001-433-424-9552x283,kristin37@example.com,GB,Laurenville,11961,2023-05-11
C5780409,Jimmy,Bautista,1957-01-02,NULL,001-260-639-7906x8279,holderchristopher@example.org,UK,South Carlosport,01283,2022-08-01
C6262159,Megan,Taylor,1980-02-24,M,001-798-847-5586x85563,warrenjames@example.com,United Kingdom,Duncanmouth,28624,2022-11-17
C5170590,Billy,Howell,1938-09-09,F,+1-656-511-1868x739,deanandres@example.net,GB,New Nicholas,08895,Tomorrow
C9982594,Cory,Cole,1987-12-11,F,9734028788,kevin59@example.org,U.K.,West Stacie,11749,2021-10-23
C4154370,Nathan,Perez,1975-10-06,NULL,(766)402-6764,gmejia@example.com,GB,North Edward,68324,2025-04-27
C9076037,Jessica,Fisher,1997-01-04,F,001-369-209-5541,hwilson@example.org,GB,Melissaville,73070,2022-12-10
C1771110,Kristin,Reynolds,2000-07-18,Other,365.258.8288x787,jbaker@example.org,England,South Angelview,12479,2022-03-02
C8313640,Paul,Ramirez,1980-12-12,NULL,213-373-6927x378,megan28@example.org,U.K.,North Meredith,93482,2024-10-03
C3792866,Jeremy,Spencer,1950-05-16,F,001-711-942-5127x7337,bergjean@example.net,U.K.,Turnerberg,48018,2022-12-18
C4716187,NULL,Dalton,1964-02-16,F,(928)557-2151x210,amandapeterson@example.net,U.K.,New Tony,40699,2024-07-23
C6461878,Melissa,Pineda,1961-03-13,Other,497-916-6081,kathleen78@example.net,United Kingdom,Griffithville,78822,2021-11-16
C5507519,John,Spencer,1937-02-25,Other,001-826-966-5438x6677,xsmith@example.com,England,North Dianaport,28330,2022-03-23
C154781,Joseph,Macias,Tomorrow,Other,523-384-0650,april22@example.com,U.K.,Abigailton,77955,2022-07-19
C3203145,Tammy,Boyd,1984-04-01,M,(895)927-3257x6148,ryanburns@example.com,United Kingdom,West Jordan,88815,2026-04-30
C5936723,Terri,Young,1982-09-18,M,(218)416-8841,christopher51@example.com,UK,Port Kristychester,18466,2021-11-12
C2663281,Darrell,Yates,1999-07-28,NULL,407-987-0379x20886,andrew97@example.net,GB,North Matthewfurt,84590,2024-05-30
C9672820,Kristine,Sullivan,1992-01-10,F,,mckenziejulie@example.net,United Kingdom,Glovermouth,20818,2025-10-21
C8141124,Pamela,Velasquez,2006-08-05,NULL,+1-395-474-0121x57619,jacob34@example.org,U.K.,Whitebury,86860,2022-11-11
C5552412,Regina,Patel,1969-07-06,F,6798743704,allison88@example.org,UK,Mcgeemouth,64380,2021-11-25
C3231821,Beverly,-,1945-09-26,Other,868-923-8574,robert80@example.net,U.K.,Jeremyfort,59793,985751829
C7584021,George,Henderson,1969-12-02,M,598-650-7071x9419,michelle75@example.net,U.K.,Lindseyton,53873,2026-03-21
C578914,Jerry,Martin,2006-11-12,F,409.327.5701x73811,ramirezsteven@example.com,U.K.,North Robertville,42530,2023-05-11
C133625,Kevin,Turner,09-30-1951,F,(475)514-4194,regina08@example.com,U.K.,West Heather,31810,2023-04-04
C4527040,Shelley,Berger,19930901,NULL,401.715.7650,vickikerr@example.org,GB,North Josephfort,99760,2024-06-17
C2066056,Brooke,Smith,1959-08-13,Other,846-846-5144x6592,denisebarnes@example.com,UK,South Mitchellstad,20596,2024-01-08
C3954187,Steven,Hernandez,161050262,NULL,+1-341-571-1697x2017,john16@example.org,United Kingdom,Buckton,26183,2025-05-18
C9600538,Steven,Deleon,1956-04-26,M,959-237-8518x52332,matthew71@example.com,UK,South Andreastad,57217,2026-05-08
C7108878,Laura,Peterson,2004-02-20,Other,+1-253-262-8156x8819,sarah96@example.net,England,West Sherry,40886,2025-02-06
C1768831,Victoria,Gonzales,1939-08-23,M,001-434-950-2154x276,fullerpatricia@example.net,U.K.,South Anitatown,47448,2022-07-02
C4679826,Lucas,Leonard,1999-09-25,NULL,353-888-3250,johngregory@example.net,U.K.,Brownstad,48539,2025-05-18
C2039744,Kristina,Wade,1949-04-27,M,(305)455-1596x43797,bennetterica@example.net,England,Nicolemouth,18254,2023-05-24
C1685402,Erik,Rodriguez,1964-07-29,M,(738)832-6223x7854,clamb@example.com,UK,Matthewborough,82416,2024-02-20
C6285139,Brandi,Kline,1942-03-19,Other,908-279-9171,brianna39@example.org,UK,Newtonshire,04199,2022-07-26
C4585855,Rachel,Jones,2000-09-12,F,(843)862-3810,jkennedy@example.net,GB,Kellyville,44245,2023-09-22
C8482497,Tina,Pope,744660859,Other,001-733-237-4840x271,cgreen@example.org,England,Clarkview,77023,2025-10-26
C1664910,James,Roberts,1948-08-05,Other,345.317.1873x1680,david96@example.org,GB,Kevinberg,84987,2023-03-28
C2371239,David,Snyder,1959-12-06,F,631-673-8980x8598,kwatson@example.org,United Kingdom,Robersonburgh,24215,2022-06-24
C3206537,Danielle,Shaw,1964-05-21,M,7305379642,murraysharon@example.net,U.K.,North Alyssamouth,79651,2024-07-17
C7890248,William,Newton,1982-09-15,F,287.277.3925x754,smithkayla@example.net,GB,Lake Stevenfort,36209,2026-03-08
C6854795,Daniel,Meza,2007-09-18,F,306.291.0512,hhuynh@example.org,United Kingdom,Kingmouth,46871,2022-12-02
C9318744,John,Stewart,1993-01-07,F,3847260554,amandavaughan@example.net,UK,Michaelton,86968,2021-10-04
C2556019,Nathaniel,Ramos,1967-06-25,Other,418.725.0515x3985,amy49@example.com,UK,South Mikeburgh,90162,2025-01-08
C5814857,Nancy,Weaver,1991-07-10,F,2798789768,patrickblack@example.org,United Kingdom,West Courtneyville,33828,2025-07-12
C6737605,Jackie,Nguyen,1946-09-06,F,918.278.8530,davidglenn@example.com,U.K.,Lake Samanthaborough,54322,2022-04-14
C2779153,Steven,Hart,1992-07-15,Other,(756)658-9757x9915,buckjohn@example.com,United Kingdom,New Pamela,72555,2024-08-10
C4613545,Michael,White,1989-02-11,NULL,+1-460-290-6008,hammonddavid@example.org,U.K.,East Richard,13696,2023-03-12
C5966918,Karen,Johnson,1978-12-14,NULL,856-706-3346x4331,woodpamela@example.net,England,Ronaldburgh,99184,2025-05-10
C4288618,Sean,Mcdonald,1999-07-08,Other,(632)756-3453,vincent94@example.org,United Kingdom,Port Amandaton,81356,2022-03-13
C9301687,Troy,Howell,1951-07-09,Other,704.928.8472x26971,dylanmiller@example.org,England,South Christina,82567,2022-11-12
C3396162,Shannon,Mason,1936-09-09,F,2516452096,davidjones@example.net,UK,West Sharonmouth,16119,2026-03-30
C4107501,Alexander,Adams,1951-09-20,Other,(698)508-6855x36334,angelahill@example.net,England,South Jillville,56791,2022-12-13
C4105759,Roy,Fisher,1961-06-05,M,(422)318-6870x3578,courtney63@example.com,U.K.,Benjaminview,18617,2026-06-08
C9328618,Lawrence,Mccarthy,1947-01-13,F,821-359-4485x637,edwardsjason@example.org,United Kingdom,Samanthashire,17875,2022-04-25
C4846704,Jared,Mccoy,1965-10-16,F,864.276.7149,scottsteele@example.org,GB,Youngfurt,15684,2021-09-20
C5351189,Daniel,Schaefer,1977-06-14,NULL,001-610-410-5677x878,cory76@example.net,UK,North Jacquelineborough,72912,2022-10-07
C4316723,Robert,Allen,1968-07-08,M,(963)823-5004,coffeylauren@example.net,United Kingdom,Lake Brenda,46036,2022-03-07
C3276048,Laura,Davis,1971-09-18,M,392-874-1172,richard32@example.net,England,West Kurt,77617,Yesterday
C7648987,-,Welch,1961-03-03,NULL,448.786.3920x1088,james45@example.org,UK,East Lisastad,36319,2024-04-23
C5372831,Sally,N/A,1979-06-09,M,+1-274-351-3509x6752,donald21@example.net,UK,Georgemouth,50681,2025-04-22
C1023532,Jessica,Smith,1973-07-05,Other,526-600-9411,ghurley@example.com,United Kingdom,South Julie,43367,2024-09-19
C7861047,Rodney,Gomez,2004-09-05,Other,614.681.5216x7030,obrienmary@example.net,U.K.,New Michelleshire,76479,2022-02-22
C8241354,Clifford,Elliott,1986-03-03,Other,001-784-508-1146x119,grosstammy@example.org,GB,West Katherinemouth,05623,2023-06-03
C4142657,NULL,Arias,1975-07-19,NULL,423-795-8018x903,pamela27@example.org,England,West Emily,19563,2025-08-14
C3336329,Juan,Murray,1974-05-04,F,653-204-2819x040,christopherfox@example.org,England,West Dawn,18754,2022-05-29
C3137387,John,Hanna,1945-03-05,M,4014418949,andrewsnicole@example.org,England,Patrickburgh,51046,2023-05-25
C6651984,Aaron,Rodriguez,1993-12-04,F,001-683-992-9146x925,jeromezamora@example.net,United Kingdom,New Kelly,49073,Yesterday
C7395259,Arthur,Romero,1977-10-22,NULL,001-576-660-2479x971,emma88@example.org,United Kingdom,Ronaldtown,70367,2024-04-04
C164817,Kimberly,Walker,1979-04-05,M,483-789-9986x1182,sgomez@example.org,GB,Moorestad,45433,2024-09-28
C4453237,Teresa,Howard,1948-08-11,F,223-486-3925x136,millerpatricia@example.net,England,Lake Debramouth,86682,2025-09-27
C2571467,Connor,Collins,1971-02-26,F,+1-725-302-8638x2714,harrisoneric@example.org,U.K.,Kristimouth,81409,2022-08-23
C5963671,Kimberly,Ware,2004-02-11,M,(300)583-8711x54489,smithross@example.net,United Kingdom,Nicholasborough,20964,2024-09-30
C6937331,Rebecca,Rodgers,1974-08-20,Other,+1-327-933-6462x89102,jesus89@example.net,United Kingdom,Davidstad,79871,2022-08-14
C8711839,,Bates,904535349,M,897-222-6662,andreabest@example.net,United Kingdom,North Meghanview,29799,2021-12-12
C5451616,Raymond,Williams,1971-02-03,F,+1-553-655-0998x2114,hessjames@example.net,U.K.,Kirstenhaven,75172,10-18-2021
C8407055,Julia,Parker,1936-05-22,M,270-555-1847x548,wendyramirez@example.net,United Kingdom,Mollymouth,53390,2024-01-05
C6105697,Kelly,Miller,1962-09-24,F,N/A,qwoodard@example.net,U.K.,East Patrickmouth,36261,2021-09-19
C459444,William,Brown,1983-07-27,NULL,NULL,nicolegates@example.org,England,New Teresaburgh,18349,2024-10-03
C4436589,Joshua,Brown,1955-09-29,F,9267624194,coledaniel@example.com,England,New Genehaven,19358,2021-12-08
C3874565,Jonathan,Jensen,1999-06-13,M,001-424-529-5569x3937,pwilkinson@example.com,U.K.,Kellystad,64427,2022-02-08
C2812442,Tony,Warren,1982-01-23,Other,515-492-9256x470,qjohnson@example.com,GB,Paulmouth,19376,2024-08-31
C556852,Edward,Hicks,1962-11-06,NULL,001-928-667-7346,hensonmary@example.org,United Kingdom,Webertown,19075,2024-06-02
C9946898,Jeremy,Jackson,2003-06-29,Other,Unknown,shawndouglas@example.com,United Kingdom,Castilloburgh,85307,2021-08-26
C7132424,Marissa,Smith,1967-11-06,Other,(668)563-9478,victor43@example.org,UK,North Michael,00912,2022-11-28
C3091580,James,Carter,1963-09-20,Other,801-469-2680x365,rebeccapayne@example.net,United Kingdom,New Jodi,93363,2025-10-25
C5503856,James,Anderson,1960-04-16,NULL,307.381.6745,jmcfarland@example.com,U.K.,Lake Catherine,93461,2026-07-10
C249781,Brett,Mccarty,1938-02-08,Other,375.791.5818,meltonjessica@example.net,United Kingdom,South Robertfurt,34185,2023-02-14
C302775,Michael,Oliver,2002-11-19,Other,888-333-8984x168,emilyandrade@example.net,U.K.,Zacharymouth,81512,2023-06-20
C5689000,Robert,Taylor,12-05-1986,M,(814)290-0286x784,rhonda41@example.org,UK,New Jade,91187,2022-04-23
C8505963,Vincent,Newman,19620923,M,263-585-6965,dennis60@example.com,GB,Dunnland,29323,2023-04-13
C4542794,Matthew,Richards,2001-09-07,F,001-483-495-0381,smartin@example.net,United Kingdom,Lake Caleb,03972,2025-07-27
C596095,William,Gomez,05-16-1959,M,4564128571,jsanders@example.net,U.K.,North Margaret,85910,2022-10-07
C9008583,Matthew,Chan,1941-08-04,Other,847.212.4133x2877,lynchshaun@example.org,GB,Debrabury,17950,2023-02-20
C1132641,Brent,Alvarez,1941-08-22,NULL,+1-784-271-4538x337,owoods@example.net,United Kingdom,South Ashley,30187,2022-02-28
C9715413,Elizabeth,Pierce,1997-11-05,F,(781)406-3806x8338,julieanderson@example.net,GB,Burtonbury,10406,2026-05-20
C4028123,Greg,Andrews,1939-12-25,NULL,(249)563-8334,thardy@example.com,England,Thomasberg,05087,2021-11-13
C6231226,Joshua,Kim,1959-02-16,F,(991)208-0797,dominictrujillo@example.net,GB,Marvinhaven,12042,2024-06-06
C9065780,Kristin,Cuevas,1974-03-06,NULL,(844)338-4832,wilsonthomas@example.net,England,North Susanhaven,78672,2023-01-20
C2347796,Daniel,Smith,2002-06-07,NULL,001-403-456-2130,wrightvictor@example.com,UK,North Anthonyburgh,14106,2022-02-19
C6425315,Joshua,Andrews,1990-12-10,M,+1-257-271-5828x710,zberger@example.org,UK,Andrealand,79626,2022-09-20
C5990842,Catherine,Jones,1968-10-14,M,+1-956-829-2150,ricky44@example.org,U.K.,Port Matthew,38014,2023-11-22
C5988285,Amy,Thompson,2007-06-11,F,+1-476-694-1719x099,arthur58@example.com,GB,Rebeccachester,63145,2022-12-18
C127437,Paula,Porter,1962-03-03,Other,292.687.8385x84322,samantha45@example.net,U.K.,Jenniferside,60976,2023-09-03
C7358360,Wayne,Nguyen,1969-10-14,NULL,714.413.2426x7905,lauralong@example.net,U.K.,North Colintown,90465,2025-09-18
C2210880,Elizabeth,Guzman,2002-09-26,F,426-865-3833x9680,laura13@example.net,England,Mcmahonfort,26094,2024-01-18
C4073177,Kathleen,Campos,1945-05-19,NULL,(993)370-2148,mirandaalexandra@example.org,England,Amandamouth,53197,2026-06-07
C2934693,Rebecca,Adams,519093608,M,(892)399-6819x333,herreralarry@example.com,UK,East Johnny,23967,2026-03-26
C7406967,James,Thomas,1978-06-15,M,001-268-423-5618x72217,ashley82@example.com,UK,Ericshire,33029,2024-06-08
C6531214,Makayla,Flores,1972-12-17,NULL,001-491-432-1941x707,qberry@example.net,GB,Katiemouth,38663,2021-11-10
C5681117,Anthony,Matthews,1997-12-04,F,001-798-679-6658,diana71@example.org,England,West Tylermouth,56860,2023-12-31
C4292934,Wesley,Perez,1937-06-20,F,+1-960-429-7881,james90@example.org,UK,Port Shannonside,97862,2022-12-03
C9737241,Scott,Austin,1942-10-25,Other,001-505-722-1635x8167,kentjames@example.net,UK,South Lindamouth,70916,2025-04-18
C8452157,Andrew,Lawrence,1993-05-08,M,754.932.8540x57323,cortiz@example.com,GB,South Robert,24466,2021-12-11
C9749450,Jacob,House,1950-05-21,NULL,(367)885-1155x717,john36@example.net,UK,Beckerhaven,38224,2024-07-14
C4811886,Matthew,Gonzalez,1965-03-10,F,378-490-5703x265,shawcarrie@example.com,UK,Tinaview,62037,2022-04-13
C6967176,Cynthia,Johnson,1994-10-09,Other,9734904702,watkinsstacey@example.com,GB,New William,89857,2021-12-06
C134895,Sarah,Gonzalez,2004-10-31,NULL,495.720.9393,mackmartin@example.net,U.K.,Mariaville,03128,2026-06-16
C5681334,James,Stewart,2007-12-07,M,+1-454-654-3669x2336,ariaspaul@example.net,United Kingdom,Albertmouth,23587,2023-01-23
C199172,Nicole,Graham,1966-08-23,M,(845)920-4564x6033,simpsonlauren@example.net,England,Johnsonbury,22540,20220105
C3142034,Travis,Carter,1960-04-22,NULL,+1-376-947-1949,maldonadocheryl@example.com,GB,Brettburgh,19259,2026-07-21
C8603798,Marcus,Anderson,2000-07-23,NULL,001-610-538-8189x604,ralvarez@example.com,United Kingdom,Port Timothy,99319,2024-01-19
C4912028,Joshua,Martinez,1980-10-08,F,001-998-758-9599,brookemartin@example.net,United Kingdom,Abigailton,94216,2022-07-23
C2069232,Jamie,Greene,1979-12-15,M,353-540-7416x220,joshua66@example.com,UK,South Hannah,95071,2022-02-22
C8648284,Carrie,Andrade,1944-12-28,Other,001-640-961-6329,robertskim@example.net,United Kingdom,Lake Christopherland,48177,2025-08-17
C366864,Jesus,Carey,2005-10-04,M,2712055356,jeffrey43@example.net,England,Melissaland,97805,2025-04-09
C46101,Tracy,Hicks,1951-08-30,M,8775662403,brittanyashley@example.net,GB,Frenchborough,73293,2023-01-24
C4647162,William,Johnson,1939-03-17,NULL,+1-273-776-3012x01457,maria95@example.org,UK,South Marthaland,22855,2024-07-25
C6475309,Kevin,Harris,1949-10-28,F,(200)791-6922,vhardy@example.net,United Kingdom,Townsendfort,53350,2025-03-26
C6875538,Maurice,Roth,1998-01-21,F,542-590-1151x8267,qstuart@example.org,GB,West Leon,41132,2023-02-22
C1848713,Latoya,Williams,1964-11-27,F,N/A,johncruz@example.net,U.K.,Lisaport,67940,2023-11-27
C9842030,Tracy,Anderson,1953-07-11,F,285.833.7534x77543,sheliadavis@example.com,U.K.,Deborahburgh,94387,2022-08-28
C8269096,Patrick,Powell,1959-07-21,Other,266-970-6074,halexander@example.net,United Kingdom,Kingside,81230,2023-09-29
C7244607,Ricky,Knight,1967-07-06,NULL,+1-714-340-2463x72817,abarnett@example.com,GB,North Barbarahaven,68596,2024-06-30
C9118977,Samantha,Rodriguez,1975-10-09,F,872-253-5584x516,philip74@example.com,England,New Keith,35389,2022-01-09
C4758414,Stephanie,Brown,1950-06-28,Other,958-789-7062,jennifer25@example.org,GB,Lake Alexander,66871,2023-10-07
C4393007,Tracy,Thomas,1967-04-14,NULL,697-558-8230x68163,nthompson@example.net,England,Amyview,30962,2026-05-30
C1039588,Donald,Jimenez,2008-04-14,M,(443)572-7127x977,margaret26@example.org,U.K.,Allenton,65761,2023-02-02
C5776613,Eric,Herring,1942-10-22,Other,+1-499-508-3763,josephhamilton@example.com,United Kingdom,New Philip,83199,2026-05-15
C7406848,Amanda,Smith,1964-01-06,NULL,+1-854-864-0537,mark32@example.com,GB,Hughesport,65976,2024-01-08
C4936938,Victoria,Carlson,1958-11-12,Other,(524)553-2236,joshuaacevedo@example.net,UK,Lake Michele,11706,2022-11-13
C9626662,Julia,Jackson,2006-05-19,NULL,+1-709-607-2014x5468,allisonvictoria@example.net,England,Arthurfort,76639,2021-10-07
C9442551,,Roth,1961-08-02,Other,001-985-952-6417x23320,carlsonnicolas@example.net,United Kingdom,New Angelica,65258,2025-07-25
C4791365,Amber,Baker,1961-01-11,NULL,234.712.2399,matthew08@example.org,GB,Brianborough,75908,2023-10-27
C9049379,David,Knight,02/07/1945,F,+1-959-392-5945x5096,shawrichard@example.org,England,Debraland,80687,2025-05-29
C4703450,Robert,Craig,1978-07-18,Other,851.584.3213,xavierburton@example.com,UK,New Amber,76458,2023-12-25
C2042515,Kyle,Meyers,2002-05-24,F,+1-493-952-5226x05021,hudsonarthur@example.net,UK,South Richardview,83414,2026-07-04
C2817220,Krista,Hunter,1977-09-27,F,+1-585-236-1488,spencerwilliam@example.net,GB,Lake Robertfort,37257,2025-03-29
C5376436,Julie,Jones,1971-11-18,M,(345)478-0480x6816,fperry@example.org,UK,Hendrixside,48158,08-08-2024
C5002536,Brandon,Adams,1996-02-10,F,001-800-330-7359,elizabeth86@example.com,U.K.,Lake Walter,13372,2024-09-22
C2241586,Lori,Fleming,1940-01-04,F,(657)592-6737,ygibbs@example.com,UK,Cindytown,36293,2024-06-05
C8047837,Stephanie,Hernandez,1973-03-14,NULL,9789888271,awright@example.net,U.K.,Smithton,01538,2023-08-22
C3223812,Brian,Mata,1981-12-23,Other,906-391-1381x03922,rfranklin@example.com,England,West Amberhaven,39759,2025-09-14
C5524544,Robert,Woodard,2006-09-17,NULL,Unknown,alicia79@example.org,GB,Lake Dawn,53656,2025-11-28
C9860518,Gabriel,Howard,1992-04-26,M,661.316.8993,whitetravis@example.com,GB,Jameshaven,86169,2021-12-13
C1878944,Phillip,Baker,19870818,Other,001-453-567-1882,nancyfrost@example.org,GB,Danielletown,10265,2026-02-13
C9716432,Timothy,Smith,1983-10-20,M,472.722.8986,johnmcclure@example.org,England,Colefort,62416,2025-09-01
C5185471,Miranda,Collins,1981-04-18,F,001-477-820-7449x697,grayelizabeth@example.org,United Kingdom,Port Amanda,31599,27/05/2023
C8316348,Louis,Campbell,2008-04-17,Other,945-916-7518x14944,dwilliamson@example.com,England,Rebeccamouth,37219,2023-08-27
C3106115,Tracy,Sloan,1950-08-18,M,(797)764-2461x2687,kterry@example.org,U.K.,Hoodchester,13927,2022-01-25
C5430197,Julie,Houston,1995-09-22,Other,001-368-588-2421x793,oburton@example.com,England,Lauraland,98251,2024-07-04
C5524999,Cindy,NULL,1976-04-25,Other,001-549-755-1004x5678,matthew64@example.net,United Kingdom,Lake Nicholas,67645,2025-06-15
C3260231,Jacqueline,Moore,1955-05-26,M,836-489-6154x5765,davidtaylor@example.com,United Kingdom,Benjaminport,68987,2022-02-22
C5655968,Charlene,Maldonado,1975-06-02,NULL,347.258.5030x21156,samanthashepherd@example.net,UK,Payneside,46194,2021-09-27
C4474480,Patricia,Phillips,1968-03-18,Other,(984)506-6148x9775,tinaberg@example.org,United Kingdom,Angelabury,97204,2025-11-03
C2481585,Christopher,Miller,1941-12-31,Other,001-835-498-8481x19789,ismith@example.com,United Kingdom,New Josephshire,01557,2021-11-14
C8925751,Anthony,Green,1948-08-27,M,+1-248-708-7419,bmartinez@example.com,GB,South Christina,97042,03/06/2022
C3208616,Kristen,Wood,1984-09-14,Other,390-911-0729x2234,nwilliams@@example.org,England,Lake Melanie,31912,Yesterday
C4275548,Natasha,Richardson,1941-04-23,Other,647-967-6090x52163,yesenia33@example.org,England,Port Michaelview,77144,2025-05-10
C1159566,John,Parker,1960-02-10,NULL,343-947-3715,jasminehodges@example.com,UK,Annaburgh,88862,2022-01-22
C2749907,Gary,Montoya,1965-03-06,NULL,(345)417-5383x82374,rachelbruce@example.net,U.K.,Lake Maria,07377,2024-03-29
C379805,Christina,Mendoza,1958-09-12,M,(778)436-1751,tgomez@example.com,United Kingdom,South Russellhaven,01791,2022-10-31
C776515,Jasmine,Sanders,1970-08-06,F,(957)531-1887x16551,nguyenhenry@example.com,England,East Shirley,37559,2025-07-08
C7332344,James,Brown,1986-01-30,Other,913.875.2364,jonesjessica@example.com,U.K.,Jonesmouth,71290,2026-05-07
C3198283,Eric,Valencia,1956-03-22,Other,001-743-996-0138,dawnanderson@example.com,U.K.,Port Mariamouth,98514,2024-04-22
C6402125,John,Melton,1937-08-05,F,5098001707,xcarlson@example.net,GB,Port Karen,70193,2024-02-07
C5321816,Kayla,Williams,1999-01-23,NULL,736-946-5441,gonzalesrachel@example.net,England,East Sara,34153,2021-11-26
C4094947,Chris,Jennings,1941-07-25,NULL,603-836-8355x2775,kaitlynsmith@example.com,United Kingdom,Lake Lisaborough,93440,2023-06-27
C3616771,Sarah,Olsen,Yesterday,Other,(732)705-8781,yjensen@example.net,England,South Cynthia,09493,2021-12-22
C9333528,Thomas,Crawford,1952-10-11,M,(245)844-8908x7573,patrick15@example.org,GB,East Angela,35426,2024-11-25
C5579394,N/A,Jenkins,1987-12-12,NULL,3166839062,sean93@example.com,England,Lake Kellyport,97326,2022-07-03
C5921097,Sarah,Ellison,1970-01-03,F,218.523.0017x555,ryangary@example.org,United Kingdom,Port Jenniferfort,25415,2025-05-09
C3463620,Leon,Mcconnell,1970-08-02,F,001-294-356-9962x736,nathaniel88@example.com,GB,Feliciaview,15672,2022-06-12
C6449398,Abigail,Johnson,1981-06-20,Other,741-272-7793x326,valeriefigueroa@example.org,UK,Adamfort,48255,2022-06-03
C8791943,Melissa,Wall,1985-02-03,M,-,andreaanderson@example.net,England,New Dennisborough,87831,2022-11-17
C4635378,Angela,Rodgers,2007-06-24,M,001-711-347-5122x0067,nealpamela@example.net,UK,New Amy,02122,2023-08-16
C2711337,Amber,Newton,1953-08-04,F,748-707-9462,padillateresa@example.net,UK,Toddton,89750,2026-07-25
C4675971,Philip,Stuart,05-25-1949,Other,624.416.6788,whiteheadhenry@example.com,GB,Samanthabury,39535,2024-08-07
C186053,Melissa,Alexander,2000-01-14,F,,dianeshannon@example.com,United Kingdom,Mendozamouth,40799,2022-05-25
C623908,Sheri,Peterson,1968-05-04,M,+1-642-814-7965x758,lynnbishop@example.net,GB,Cookeburgh,41586,2023-02-28
C9857739,Chad,Owens,1983-09-04,M,818-617-1759x07968,stevensonkaren@example.net,U.K.,South Christine,49806,2022-02-21
C4069537,John,Williams,1945-03-08,NULL,967.617.3648x3092,steven16@example.org,U.K.,Porterfurt,37639,2024-05-25
C7222000,Francis,Long,1986-07-28,F,(798)448-1443,kpetersen@example.org,United Kingdom,New Roberttown,66020,2024-04-27
C2091428,Brittany,Rodriguez,1966-12-11,NULL,606-355-6579x07801,anthony47@example.org,England,West Elizabethberg,60768,2022-06-22
C3839874,Johnathan,Coleman,1983-09-06,M,(534)436-9735x78076,agomez@example.com,UK,Paulaton,31910,2024-03-02
C9579634,Brandon,Cannon,1982-03-26,NULL,564-200-5659x90991,daniel18@example.net,GB,North Feliciaview,65487,2024-09-19
C2530360,Kevin,Richardson,1956-07-07,NULL,+1-838-947-9923x24363,kenneth06@example.net,United Kingdom,Robertsonbury,50742,2021-09-03
C5310598,Daniel,Thomas,1960-05-17,F,(870)894-4452x8793,kruegerkathleen@example.org,GB,Hodgesshire,42208,2023-08-08
C9869456,Juan,Trevino,1949-04-25,NULL,717.302.0779x5412,benjamintyler@example.com,GB,East Briannabury,28055,2024-02-11
C8867434,Sheena,-,1960-05-09,M,269.635.5961,singletonjoseph@example.net,U.K.,New Michael,91107,2022-12-20
C473063,Timothy,Thomas,2000-04-12,NULL,717-746-8183x374,watkinsedward@@example.org,GB,East Sydneymouth,17505,2022-11-22
C3062309,Justin,Chambers,1997-12-07,F,2633020669,markellis@example.com,United Kingdom,Herrerafurt,23730,2023-02-05
C4975791,Melissa,Frederick,1990-03-02,M,440-528-2943x147,laurenlee@example.com,GB,Lake Christinamouth,15324,2026-03-27
C9229047,Aaron,Bautista,1949-01-18,M,(203)763-1204,julie42@example.org,England,Thomasborough,71196,2025-07-17
C7933523,Chris,Hanson,1994-05-26,M,350-557-6771,charlesnelson@example.net,UK,Mcfarlandton,10828,2023-02-23
C8221130,Michael,Williams,1967-04-02,Other,627.440.1991x7246,wilsonariel@example.org,United Kingdom,Adamstad,14471,2026-04-05
C3065271,Justin,Keller,2008-01-07,NULL,+1-929-682-3707x05124,mvazquez@example.com,UK,Nicholashaven,30982,2023-06-20
C932486,Kimberly,Nelson,1987-09-25,F,001-887-719-3665,cthomas@example.org,England,Nicoleside,22517,2024-06-14
C4638749,Evan,May,1964-11-28,NULL,(866)742-5725x825,jacksonsteven@example.com,GB,New Rebecca,87575,2026-05-06
C881394,Keith,Callahan,1958-08-05,Other,573-693-5475,christopher77@example.org,GB,New Sharon,62244,2025-08-25
C9917741,Sharon,Colon,1945-09-08,M,001-986-221-2978x2754,elizabethwilson@example.org,United Kingdom,West David,40494,2022-05-08
C1051111,Adam,Hughes,2001-10-13,M,+1-694-681-0125,taylorkeith@example.org,England,Timothyborough,43150,2021-09-23
C908793,-,Yates,1974-12-17,NULL,(510)871-5891x59124,browndebbie@example.org,UK,South Elizabethside,84875,2026-01-20
C2267825,NULL,Henry,2005-06-12,NULL,838-612-9773x8058,hortonmichael@example.com,England,Catherineland,79960,2022-12-28
C6987912,Dominique,NULL,09-19-1999,NULL,237-406-8583x8474,steven23@example.net,United Kingdom,Irwinton,00607,2022-03-17
C6801336,Laura,Stein,1994-09-12,M,001-608-607-6458,emoore@example.org,UK,Simmonsstad,75475,2023-03-09
C5646421,Mary,Mendez,1988-01-22,Other,-,shellyzuniga@example.net,United Kingdom,Port Sandraville,40917,2025-04-27
C7067402,Carrie,Cooper,1992-06-28,M,785.443.5288,allenjames@example.org,U.K.,Simpsonview,65069,2022-04-20
C6936374,Denise,Hall,1936-12-04,Other,388-634-0735x57509,williamsrebecca@example.com,GB,East Erikamouth,66199,2024-02-23
C7666876,Jeremy,Lynch,2005-07-15,NULL,+1-304-829-0217,boyerwarren@example.net,U.K.,Johntown,62435,2025-12-09
C2142306,Courtney,English,2001-07-01,Other,001-793-685-6939,iangibson@example.net,GB,North Melissatown,27667,2021-10-21
C7895301,Mitchell,Hebert,1958-05-30,F,(467)623-6421x055,vpineda@example.net,United Kingdom,Schmidtchester,33040,2023-10-03
C4905465,Isaiah,White,1955-03-18,F,639-317-2922,lisa72@example.net,U.K.,South Autumnhaven,82169,2024-01-12
C8607961,Raven,Beard,1984-09-02,Other,+1-841-811-3945,loganzachary@example.net,GB,Lake Arthurland,98031,2022-10-28
C6446453,Alison,Duncan,1977-05-24,M,954.334.1842x95841,vmartin@example.net,U.K.,West Alexander,31375,2022-01-25
C3244391,Rachel,Reed,1976-03-17,M,305-291-7066x83734,kathleen01@example.com,U.K.,West John,84200,2026-05-04
C4366871,Andrew,Trujillo,1939-02-17,F,3189567732,hnelson@example.net,GB,Johnsonshire,35194,2026-05-10
C6034443,Unknown,Barton,1964-05-02,Other,+1-269-901-7833x4681,robin84@example.com,GB,Kellymouth,43722,2022-10-11
C4577376,Erik,Roberson,1953-07-29,NULL,696-810-6880,melissa54@example.com,UK,Dianaside,74113,2023-02-17
C7913261,Sandra,Taylor,1982-01-16,M,353.941.9176x0734,palmerlisa@example.com,UK,East James,84860,2025-12-29
C2784309,Kathleen,Potter,1945-03-21,F,+1-898-508-5158x2815,jacob46@example.com,UK,Allenville,46946,2022-06-04
C2808202,Aaron,Hernandez,1965-08-21,Other,211.612.6836x10394,craignicole@example.net,England,New Denise,06837,2023-02-27
C282982,Eric,Hill,1992-12-06,Other,3009310486,lwhite@example.org,GB,New Brianbury,20042,2025-08-27
C3923889,Daniel,Mcgee,1984-04-01,NULL,482.464.0667x0282,robinsongary@example.org,UK,Hernandezmouth,71324,2024-06-04
C7239605,Kevin,Sims,1994-05-16,M,+1-357-576-7195x512,michele63@example.net,England,Lake Sherryberg,50403,25/05/2026
C8714431,Shannon,West,2003-06-11,M,001-946-529-3108x39500,qmorgan@example.org,U.K.,New Jason,14186,2025-08-30
C4824747,Briana,Welch,1976-05-12,Other,337.747.4182x10983,christopherrodriguez@example.com,U.K.,Reyeschester,05977,2022-09-20
C6177374,Mark,Lee,2006-07-28,F,001-257-612-4945x662,eatonelizabeth@example.org,UK,Bartonton,33783,2026-04-30
C6870412,Jason,Smith,1983-12-03,M,370-303-1919,chad80@example.com,UK,Port Aaronmouth,92501,2024-11-24
C6803333,Diamond,Anderson,1948-01-29,Other,503-577-8952,price@example.com,GB,Cassandrafort,73079,2022-01-23
C2342191,Jennifer,Thompson,1969-03-16,M,(748)602-3080x2417,sarahponce@example.org,U.K.,South Michaelton,42596,2022-10-14
C7045727,Jimmy,Terrell,1977-12-18,F,001-988-535-9133x3662,edwardsloretta@example.net,GB,East Derek,05681,2022-11-06
C6567695,Michael,Hamilton,1995-07-16,M,+1-984-614-0339x9262,campbellrebecca@example.org,UK,New Destiny,03856,2026-05-28
C7985253,Colleen,Burns,1945-05-28,Other,001-440-667-8883x22310,afrench@example.org,England,Lake Jasonmouth,88101,2022-03-13
C5537278,Christian,Williams,1978-05-26,F,999.759.7211x2732,wilsonpeter@example.org,GB,West Ethanview,98233,2024-03-15
C6893817,Robin,Lee,1936-10-05,F,001-548-772-1656,jamiewilkerson@example.net,United Kingdom,Lake Bradley,18419,2025-11-12
C815115,Candace,,1958-08-16,M,255-722-6414,jcooper@example.org,U.K.,East Alexisburgh,04307,2023-04-21
C6265602,Jason,Thompson,1965-10-10,F,504.641.6136x6701,christinasalinas@example.org,U.K.,Wilsonfort,77539,2025-03-28
C9556136,Roy,Moore,1960-11-10,F,001-328-809-7138x0212,yjennings@example.com,U.K.,North Jaredville,15182,2025-05-13
C8124875,Heather,Fowler,2000-08-09,F,N/A,rosebrittany@example.com,U.K.,West Juanmouth,35405,2022-11-29
C281029,Jessica,Lindsey,1952-11-15,M,+1-412-889-9460,susan18@example.org,U.K.,Lake Richard,30221,2023-09-13
C2074648,Brian,Baker,1943-10-27,F,(629)268-9593x15644,justinhowell@example.org,United Kingdom,North Erinview,40667,2022-01-09
C7375182,Laura,Ramirez,1954-12-03,NULL,6726400815,tscott@example.net,UK,North Kiara,36045,2021-09-22
C5968936,Nicholas,Zuniga,11/04/2001,F,(845)649-6748,wallacemark@example.org,GB,Royshire,42962,2025-07-01
C4180129,Alexis,Hernandez,1998-09-10,F,001-845-690-7781x3403,fsmith@example.com,GB,Cortezville,12627,2025-06-24
C4712849,Dawn,Bell,2007-12-23,Other,455.398.8266,rogersgina@example.com,United Kingdom,Justinfort,35499,2022-05-13
C9464309,Elizabeth,Hansen,1950-10-07,M,+1-636-414-7886,santanatracy@example.org,United Kingdom,Brandonmouth,25110,2025-08-06
C8440282,Jennifer,Walker,1986-02-09,M,(885)872-2487,michael18@example.org,England,West Bryan,00894,2025-07-17
C97952,Michael,Carrillo,1952-11-07,NULL,(751)936-5989,smithderek@example.net,England,Port Jamesview,92671,2024-02-10
C427501,Randy,Franklin,1977-08-17,NULL,001-861-237-0172x795,ktorres@example.net,United Kingdom,New Rachelmouth,71454,2023-12-02
C1305979,Donna,Giles,1996-08-30,NULL,(501)274-6083,gabrielvargas@example.net,United Kingdom,East Dana,91850,2026-04-28
C1560841,Robert,Harvey,1976-10-17,Other,254-243-8461x26933,justin38@example.org,UK,Port Williammouth,91744,2021-12-05
C9775815,Patricia,Crawford,1989-07-09,Other,(551)722-0191x82484,aguirrephilip@example.net,GB,Smithview,09456,2021-08-19
C3250329,Barry,NULL,1989-05-02,F,685-298-7129,shieldstimothy@example.com,UK,Nicholeberg,87886,2026-06-25
C7437550,Maria,Johnson,1956-12-05,NULL,251-336-9784,joerobinson@example.net,UK,South Christopherton,85160,2024-10-29
C4279600,Tina,Williams,1952-10-18,NULL,871.342.9448x6119,ttyler@example.net,U.K.,Williamsville,81732,2021-08-17
C4774589,Brandi,Carter,1964-04-13,Other,831-286-3036x146,stacyjones@example.org,GB,New Angela,24945,2022-12-14
C9450837,Donald,Byrd,1967-01-10,Other,9669315989,rfreeman@example.net,United Kingdom,Gonzalezbury,39453,2025-08-04
C8362815,Charlene,Burton,1998-11-25,NULL,+1-772-267-5607x03417,susandawson@example.com,UK,North Davidchester,60707,2026-03-23
C7424468,Terri,Johnson,1983-06-27,NULL,(956)316-0946x1953,kim60@example.com,England,West Amandaland,08731,2024-09-04
C1721907,Evelyn,Oconnor,1947-04-23,M,577-471-2651x3327,laura42@example.net,GB,Lake Katiefurt,15833,2025-11-18
C2300159,Brandon,Miller,2006-02-07,M,(776)487-5901x68653,rachelmorgan@example.net,UK,West William,17622,2023-05-07
C4496278,Logan,Carroll,1946-09-22,NULL,905-588-3687,brookelara@example.com,U.K.,Harrisland,26513,2022-12-30
C9738154,Sharon,Gibson,1946-10-28,M,001-611-400-4291x3243,melvin58@example.net,UK,Amandastad,31481,2023-04-05
C448943,NULL,Day,2005-03-13,Other,2694741769,newtonjeffrey@example.org,England,New Janiceburgh,71312,2025-12-17
C2735491,Michael,Johnson,1946-05-07,F,5577746396,bwilliams@example.net,GB,West Tylerstad,40888,2025-01-10
C5610089,Jessica,Terry,1939-08-27,M,+1-712-251-1319,elizabethanderson@example.org,United Kingdom,Benderfurt,42821,2021-11-28
C4583606,Donna,Cannon,1971-09-05,M,+1-550-426-6840x354,jmiller@example.net,GB,Millerville,93511,2022-12-20
C492963,,May,1991-02-16,F,001-803-459-5620,angelawest@example.net,U.K.,Lake Hollyton,61737,2024-12-08
C4789569,William,Wilson,1999-04-13,Other,799-336-8714x10823,jacksonkevin@example.org,England,Candiceland,96350,2023-12-16
C3829645,Cassidy,Daniels,1970-01-15,Other,542-639-4422,xoliver@example.org,United Kingdom,Adkinsside,19354,2023-09-07
C6989111,Timothy,Williams,1969-06-01,NULL,+1-404-703-1340x3520,gcross@example.net,England,Daisyport,10588,2025-05-22
C5727761,Katherine,Jackson,1990-05-28,NULL,001-501-224-8674,meyersdeborah@example.net,United Kingdom,Brittanyview,26804,2022-09-14
C6902414,Douglas,Crosby,1971-11-14,F,(794)285-4223,emilygregory@example.com,GB,North Sherriborough,12786,2026-02-10
C9838103,Elizabeth,Coleman,1948-03-13,M,001-888-328-3303,imonroe@example.com,UK,North Deborahton,17141,2023-01-16
C3209503,Patricia,Hogan,1972-02-17,F,+1-230-902-6205,nnichols@example.org,England,Smithshire,97617,2025-10-15
C3153470,George,Carlson,Tomorrow,F,001-879-526-5982,chad45@example.org,GB,North Andrewport,56735,2025-02-02
C2913376,Meagan,Harris,1985-09-17,Other,893.980.5535,ashley23@example.org,U.K.,Port Teresaport,77173,2024-09-23
C4695027,Casey,Hall,09-21-1995,Other,(412)341-1481,roymichelle@example.com,GB,Murphyborough,91029,2024-10-02
C5670354,Eric,Cross,1943-06-21,F,603-542-0193x2051,larryjohnson@example.com,United Kingdom,West Scottbury,45597,2021-08-29
C3179458,Shannon,Anderson,11-06-1986,Other,(507)430-7839,gonzalezjenny@example.com,GB,North Tabitha,72615,2023-12-09
C7634095,Denise,Wright,1947-03-26,F,+1-267-832-4207,nathanielibarra@example.net,UK,Lewisstad,38740,2023-01-11
C7060292,Jennifer,Miller,1936-06-05,M,388-674-9937,flowerskenneth@example.com,England,Lake Amanda,85003,2025-06-04
C4999642,Brian,Green,1971-10-07,NULL,001-725-562-1792x42773,mlarson@example.com,England,Walltown,78555,2025-05-23
C4125766,Johnny,Wu,1962-05-12,F,001-470-665-4921x31166,megan59@example.net,United Kingdom,Stevenshire,51787,2023-01-02
C5221756,Diane,Ortega,1989-09-19,M,+1-564-297-5322x6055,duffyrenee@example.com,United Kingdom,Ashleyfort,26693,2025-03-07
C9469033,Ronald,Newman,1998-04-05,M,224-996-5135x64591,speterson@example.org,UK,North Markton,92077,2022-05-22
C2486306,Jerome,Marshall,1965-02-13,F,(268)827-0854,zparks@example.con,United Kingdom,South Ryan,88836,2023-09-24
C9503108,Jasmine,Harrison,1974-09-22,Other,4335387430,NULL,GB,Parsonschester,64123,2025-11-23
C8063534,Brittany,Ramos,1953-12-12,Other,001-225-363-9236x41798,cbolton@example.com,U.K.,Lake Daniel,13954,2022-06-16
C9368950,Brian,Bolton,1984-08-06,F,001-462-776-6904x881,kylecameron@example.com,GB,Riveraborough,92138,2021-08-18
C9834032,Amy,Jennings,1953-11-04,NULL,4446016044,bruce65@example.org,UK,East Kevinland,87238,2022-04-29
C1589148,Shawn,Cole,1984-07-29,M,+1-785-719-7619x7735,amandaroman@example.org,U.K.,Lake Travisport,37938,2026-04-19
C53555,George,Smith,Tomorrow,Other,929.542.9381x74645,brittanyanderson@example.com,GB,Herreraberg,04715,2023-12-14
C9238858,Julie,Walker,1945-11-30,NULL,291.869.4741x687,david52@example.net,UK,Graytown,30257,2024-06-14
C2981547,Elizabeth,Martinez,1981-10-03,NULL,435-657-7601x344,collierjillian@example.net,GB,Lake Kellichester,07646,2026-04-10
C9419174,Daniel,Nguyen,2000-04-15,M,001-551-829-4161,thomasray@example.org,GB,Mckenzieburgh,85180,2025-04-23
C8457594,Thomas,Torres,1942-04-25,M,+1-679-853-4629x604,catherinecastro@example.com,England,Munoztown,65951,2026-02-15
C5674825,Erin,Perry,1949-12-17,F,4218199424,heathercharles@example.com,U.K.,Port Jakehaven,96719,2026-06-11
C9399325,Danielle,Conley,1983-12-31,M,(461)485-5930x44065,robertsonrobert@example.org,UK,Jenniferside,59497,2024-03-11
C5117327,Kara,Thomas,1985-04-24,Other,+1-315-420-5983,vleon@example.net,GB,East Jasonchester,75694,2024-04-05
C1205646,Fernando,Miller,121505515,M,001-802-345-5340x071,aliciafox@example.com,U.K.,East Curtisstad,85522,2021-12-28
C6262050,Jared,Turner,1998-06-02,Other,261-312-1277x1941,melissasanchez@example.org,England,South Christine,31124,2025-10-19
C292556,Jake,Patterson,1950-04-27,M,NULL,peter99@example.com,U.K.,Richardsonview,32652,2022-07-19
C8187743,Diana,Mcdaniel,1973-01-30,NULL,N/A,simpsondouglas@example.com,GB,Lake Jennifershire,13332,2024-06-22
C9900081,Melissa,Petty,1965-09-06,Other,001-845-394-8642,jacksonshawn@example.org,UK,Joshuahaven,56006,2022-12-28
C4042435,Eric,Dennis,1950-03-28,M,259.754.3420x5359,scottgates@example.net,United Kingdom,Woodwardtown,61276,2022-01-21
C1781655,Jason,Davis,19440519,F,(584)936-6409,wilkinsonjose@example.org,UK,Joelberg,77904,2025-10-15
C9413102,Kristie,Brown,2006-07-11,NULL,+1-858-517-3431x61229,watkinstiffany@example.com,GB,Port William,29853,2024-04-03
C504396,Joel,Phillips,2006-10-31,M,579-731-7530x03621,harrischristina@example.net,GB,Audreyton,91177,2024-04-10
C6390373,Mary,Calhoun,1954-10-22,NULL,809-826-4873x85440,angelawilkins@example.com,United Kingdom,Port Corey,18714,07-17-2024
C7247290,Angela,Goodwin,1988-04-19,Other,001-908-745-0765x15156,denisejackson@example.com,U.K.,Meyerhaven,08360,2025-02-11
C879152,Bethany,Cox,1964-05-11,F,(298)785-2960x24366,nicholas62@example.net,England,Lake Elizabeth,51448,2025-01-05
C5340303,Diane,Smith,1943-06-11,F,(803)218-8161,johntorres@example.org,England,Bellburgh,16662,2021-09-09
C5857905,Mary,Spears,1977-09-27,M,7229725939,jeremyryan@example.net,United Kingdom,Jessicaview,50107,2024-12-20
C8458380,Tracy,Robles,1937-01-19,F,349-551-5251x40852,emily86@example.com,United Kingdom,Amandaborough,42337,2025-12-29
C8479517,Ryan,Gutierrez,1994-07-31,F,747-293-3013,rogersrobin@example.org,GB,West Jasmine,58522,2021-10-12
C9152841,Unknown,Lee,1999-09-11,F,2287026513,maynardbrian@example.org,U.K.,Annaberg,80072,2025-10-25
C4217352,Lisa,Miller,1964-07-17,F,+1-228-361-0877x12405,trevorcastro@example.com,GB,Perezhaven,18079,2024-10-23
C6160966,Kelsey,Newman,20/07/1993,NULL,Unknown,hernandezbarry@example.net,GB,East Timothy,90810,2022-01-07
C6075741,Ryan,Mcclure,1974-01-06,NULL,221-676-2794x62491,thomasshaun@example.org,UK,Robertfort,95279,2025-04-02
C4086668,Christina,Perry,08-30-1947,Other,(368)772-6778,alopez@example.org,U.K.,Jimeneztown,96632,2022-05-14
C839170,David,Snyder,1952-09-23,NULL,+1-988-661-7954,jenniferrobinson@example.com,U.K.,West Curtis,07463,2023-12-30
C2600848,Stephanie,Kelly,1937-11-24,Other,652-462-8818x944,renee47@example.com,GB,Port Rodneyhaven,07877,2023-06-11
C8078449,Jodi,Henderson,1970-07-22,NULL,+1-352-289-5376x789,ucontreras@example.com,U.K.,West Kristinmouth,03737,2021-10-20
C6531408,John,Bradley,1993-10-30,F,703.784.7726,johnestrada@example.org,United Kingdom,Lake Samanthafort,21020,2024-10-05
C7858750,Robert,Schmitt,1937-01-25,M,7309741752,patrick33@example.org,United Kingdom,North Johnhaven,53133,2023-05-25
C4817067,Michelle,Schneider,1977-08-22,F,315.469.8180x4003,yingram@example.com,England,Garrisonbury,12295,06-20-2025
C3717892,Dustin,Dyer,1939-05-20,M,692.549.2643x0910,zamorastacy@example.net,GB,Port Helenton,03722,2025-01-06
C1294074,Catherine,Jordan,1989-05-16,NULL,362-930-9870x349,lewissamantha@example.com,United Kingdom,West Victoria,75915,2022-08-27
C8644984,Michael,Sherman,2002-07-11,M,001-959-232-9268x445,tfields@example.com,UK,Dannyside,31262,2026-03-25
C4867598,Jessica,Smith,1977-08-25,F,001-505-487-0480x5084,nunezangela@example.net,England,New Johnchester,99421,2024-03-15
C4913239,Mark,Petersen,1993-07-08,NULL,5217130863,martinezrachel@example.org,United Kingdom,East Douglas,88221,2024-10-06
C7116290,Sarah,Griffin,1951-03-21,M,399.398.4869x4875,vlawrence@example.org,United Kingdom,New Justin,19876,2025-08-20
C3161206,Angela,Simon,1995-01-08,M,001-566-976-1702x6847,sarahspencer@example.com,GB,North Jenniferview,95394,2021-12-21
C6036751,Regina,Mendez,1942-07-05,NULL,+1-937-347-7554x659,arthurtanner@example.net,England,Parkerberg,79424,23/12/2022
C8637539,Elizabeth,Mack,1937-03-07,Other,270.985.1955,barry30@example.net,United Kingdom,Lindaville,76529,2022-07-16
C3235006,David,Miller,1981-09-11,Other,812.975.3440x31411,ashley48@example.com,GB,Warefort,90308,2024-05-01
C2929523,Vanessa,Williams,1948-04-04,M,001-531-592-8244x0878,cameron69@example.org,UK,West Brandonview,90675,2025-01-03
C1217842,Charles,Hernandez,1998-03-10,F,692-682-3427x811,richardhernandez@example.org,United Kingdom,South Alexandershire,01630,2024-03-11
C8497653,Jeremy,Ruiz,1999-07-23,M,(505)365-0296x72482,wmyers@example.com,United Kingdom,South Andrew,54872,2026-03-18
C9889495,Ryan,Dyer,1966-05-21,Other,4514670604,joshua88@example.net,United Kingdom,Port Leslie,62900,2024-10-13
C1659867,Jessica,Martinez,21/11/2001,NULL,3898866090,amanda71@example.com,United Kingdom,North Eric,61442,24/12/2024
C3379910,Harry,Smith,1970-12-25,Other,943.282.3239,dcarter@example.com,U.K.,Waltersberg,47176,2023-12-09
C9599999,Tiffany,Peters,1984-07-04,M,001-943-708-8215,kschaefer@example.org,England,Figueroaborough,49213,2024-09-13
C3836244,Martin,Bass,1979-10-25,NULL,2488759012,bboyd@example.com,United Kingdom,Dixontown,33807,2023-07-26
C7808712,Katie,King,1954-08-17,NULL,001-493-916-0928x4670,melissa91@example.net,U.K.,East Jackmouth,12521,2022-03-08
C4613524,Jillian,Keller,1969-07-19,Other,+1-396-818-1496,bhenson@example.net,United Kingdom,South Kyle,07900,2024-12-29
C179891,Lindsey,Schroeder,1940-05-02,Other,377.996.3392,marilynmclaughlin@example.org,United Kingdom,Jeremyshire,97990,2023-06-27
C6962464,Denise,Gill,1977-03-23,M,463-284-3905x6450,warerobert@example.org,GB,Lake Angie,77963,2022-10-17
C4123874,Thomas,Blankenship,1972-12-12,F,761-593-5083x296,riverarebekah@example.net,U.K.,Port Brianhaven,58958,2025-10-27
C5426410,Aaron,Thomas,1936-09-08,M,N/A,christopherturner@@example.net,UK,Lisaborough,02538,Tomorrow
C7644666,Erin,,1987-02-26,NULL,219.996.7922x411,carterryan@example.com,GB,Arroyoside,15251,2023-07-26
C7893942,Sandra,Everett,2005-06-15,F,+1-624-874-1339,christinepeterson@example.org,United Kingdom,Lake Jared,41115,2025-06-25
C4116473,Nicole,Webb,1975-06-12,F,747-877-9095x31793,xrivera@example.net,UK,Aaronborough,98599,2023-05-28
C9401325,Kimberly,Logan,1997-11-02,F,(685)876-5880x8328,clarkdanny@example.org,England,Dustinview,77020,2022-02-16
C9035253,Sharon,Logan,2002-04-14,M,813.414.8457x96054,millerchristine@example.net,GB,Christinaton,92216,2023-08-19
C4694690,Jose,Peters,1976-03-12,F,+1-398-202-7493x743,baxtercaitlin@example.net,United Kingdom,East Tiffanyshire,26203,2021-08-27
C5422105,Lonnie,Ashley,2007-06-13,M,987-423-8548x572,keith32@example.org,U.K.,Toddtown,28303,2024-11-02
C2266598,Joseph,Russell,1995-01-16,NULL,(856)496-3239,teresa69@example.net,England,Lake Mariaside,01620,2025-07-22
C7874961,Thomas,Wiley,1965-02-25,NULL,+1-220-620-6859,bautistadana@example.net,UK,North Emily,01358,2024-05-11
C5836215,Jose,Lambert,1948-05-08,M,619.912.2480,hardinanthony@example.com,GB,Amyland,97763,2025-04-03
C6906348,Kara,Wood,1987-04-05,M,+1-886-712-0555x842,robert35@example.com,England,Jenniferstad,32081,2022-02-01
C3867208,Tracy,Morgan,1999-07-31,Other,736.642.5448x12232,eddiegutierrez@example.com,England,Port John,06545,2022-05-02
C5042211,Erica,Davis,1965-01-30,M,636-358-6577,goodwinandrea@example.net,GB,North Michelle,38495,07/07/2022
C8679287,Nichole,Morris,1985-01-12,F,9865596047,shancock@example.net,UK,Andrewberg,38290,2024-11-15
C1583335,Susan,Williams,1954-11-28,F,8415867426,lambertkimberly@example.com,England,North Wendyton,43400,2024-02-25
C9047238,Phillip,Acosta,1991-07-11,NULL,893-534-4034x368,rileybethany@example.com,England,Parkerberg,37658,2025-07-06
C7437556,Robert,Unknown,1976-07-29,F,438-994-6897,kempjohn@example.net,U.K.,Beantown,21935,2025-07-17
C337491,Valerie,Owens,1996-09-09,F,374.944.6630,ann49@example.net,UK,Garciashire,24811,2025-04-29
C8425860,Christopher,Bryant,Tomorrow,NULL,658-725-0503x48802,rosssnyder@example.net,United Kingdom,Welchchester,94016,2026-04-03
C845614,Jonathan,Robinson,1990-05-24,Other,+1-268-858-2619x3325,adamstammy@example.net,U.K.,Emmafurt,31235,2024-05-09
C920783,Bailey,Sosa,1985-04-08,NULL,523.355.4089x46525,rrice@example.net,GB,Claudiaton,09954,2022-09-11
C5466755,Scott,Patterson,1941-04-20,F,(209)698-3183,kylebennett@example.org,GB,East Monica,84674,2021-11-27
C4164074,Patrick,Smith,1941-12-25,M,(309)699-2926,fcowan@example.org,GB,Alexside,92088,2024-10-16
C3322113,Jodi,Hernandez,1954-05-12,NULL,685.880.4080,eduardo18@example.org,UK,Lake Donna,30698,2022-01-30
C2705631,Hannah,Bennett,1950-11-30,F,001-684-332-9539x877,russelldenise@example.org,United Kingdom,Lake Vickifort,94370,2022-09-22
C5861590,Jason,Gibson,1962-01-07,F,+1-908-235-7001x535,zavalamatthew@gmal.com,UK,South Michaelberg,57270,2023-10-14
C9795692,Dustin,Rocha,1938-11-05,NULL,+1-785-486-1520x1124,perezjeremy@example.org,United Kingdom,New Mary,59378,2022-06-16
C874813,Jose,Kennedy,1939-04-15,Other,(666)491-6659x1822,wilkinsonjoseph@example.org,United Kingdom,East Katiemouth,60275,2024-06-17
C986679,Christina,Smith,1936-06-21,Other,N/A,phillipssarah@example.net,UK,Michellefort,98088,2023-02-13
C5987170,Amy,Hall,1996-05-24,F,001-758-478-3086x47356,raymond78@example.org,GB,Fisherchester,93481,2026-04-26
C4039769,Amanda,Ross,1958-10-22,Other,001-656-927-7549x23851,michaelwilson@example.net,United Kingdom,East Jamesberg,08186,2022-12-02
C4158930,Brittney,Rollins,1993-04-04,M,392.767.6344,rogersstephanie@example.net,U.K.,Janetton,26935,2023-11-11
C5663198,Stephanie,Oneal,1976-10-05,NULL,(448)497-2434x0812,benjaminfoster@example.net,United Kingdom,North Lisamouth,66632,2021-09-21
C2391093,Christina,Orr,1942-04-03,F,753-421-2874x1368,jillian14@example.net,United Kingdom,Port Elizabethside,10941,2023-08-18
C4703231,Alyssa,Sutton,1980-05-11,M,700.900.9367,jillian79@example.com,United Kingdom,Gonzalezside,54352,2026-06-29
C3415307,Joseph,Lee,1947-05-18,M,533.441.4583x2280,xdixon@example.net,GB,Leetown,25455,2025-04-09
C8068737,Brian,Green,1965-11-16,M,(298)282-0799x09962,kathryn21@example.net,England,South Ann,08600,2025-11-07
C2270026,Timothy,Cabrera,1952-11-27,NULL,001-215-635-7532x71740,michaelluna@example.org,U.K.,Jenniferport,44866,2023-04-20
C4447594,Daniel,Porter,2006-06-18,Other,001-483-484-3723x632,parksanthony@example.net,U.K.,North Margaret,29518,2022-01-05
C9379983,Roy,Dean,1986-03-09,M,001-989-550-8130x089,uscott@example.org,United Kingdom,West Breanna,77382,2024-08-02
C1424837,Joseph,Crawford,1953-08-21,F,295.361.2144x4051,billy83@example.org,GB,Connietown,61119,2024-07-06
C9177725,Patricia,Andersen,1937-08-21,M,655-553-1736x230,banksdenise@example.com,England,West Jamieburgh,50162,2022-06-11
C9524116,Jeffery,Hernandez,1969-03-13,Other,729.324.2601x05012,nortonjesse@example.com,GB,North Travisburgh,85827,2022-02-22
C1140952,Brent,Mcgrath,2004-08-09,Other,001-533-771-9370x78208,nramsey@example.com,UK,Lake Ericview,63076,2026-07-09
C4597937,Richard,Hampton,2001-03-06,M,215-259-6910x922,jessica09@example.net,United Kingdom,Watkinsfort,12545,2021-08-13
C5607325,Omar,Cowan,1944-09-09,NULL,+1-737-731-1777x6209,melissa83@example.com,United Kingdom,West Carlosport,03496,2025-06-26
C7634935,David,Martinez,1991-04-18,M,508.678.4498,xschroeder@example.net,UK,Port Joshua,49738,2022-06-05
C652582,Devin,,1942-04-03,M,+1-752-483-5852x74667,deleoncharles@example.com,England,Connerstad,74592,2021-11-13
C6104076,Susan,Jackson,1951-08-15,F,001-921-536-7857x824,chelsea25@example.org,UK,Ryanhaven,40990,2024-07-15
C7178274,Lisa,Barrett,2006-09-04,F,001-902-318-6859,robertodunn@example.net,United Kingdom,South Melissabury,30137,2025-11-30
C3775206,Justin,Davis,1960-03-30,M,921.345.6686x571,qmacias@example.net,England,Thompsonland,80587,2022-12-24
C5814385,Kelli,Rocha,1964-07-10,M,+1-406-981-2483x93273,kellyknight@example.net,United Kingdom,Marquezport,40121,24/05/2026
C204565,Kylie,Becker,1938-07-16,F,+1-720-884-4673x681,gregoryrosales@example.net,GB,Port Timothy,59974,2022-11-26
C2324180,Calvin,Mills,2007-08-27,NULL,223-654-5105x370,collinsrachel@example.org,United Kingdom,Brightfurt,35896,2024-05-28
C3531360,John,Carter,1958-05-25,NULL,+1-509-607-3424,holdenkaren@example.org,UK,Samanthahaven,89925,2025-04-18
C545885,Kimberly,Harrell,1981-03-25,Other,217-786-3987,john23@example.net,UK,Ryanmouth,79012,2026-06-18
C7661729,Ann,Meyer,1997-10-01,M,001-901-707-4899x04912,johnmccullough@example.org,GB,Schaeferborough,88536,2025-11-23
C5238985,Katelyn,Kaufman,1978-12-15,NULL,(406)221-1221,jacksoncathy@example.net,United Kingdom,Lake Steventon,53876,2022-09-21
C5489239,Ricardo,Mcgee,1975-11-07,NULL,548-703-5611x0872,cooleyriley@example.org,UK,Chadfurt,38547,2025-09-05
C3950520,Eric,Wheeler,1956-01-21,F,+1-530-969-4161x62625,ubenton@example.org,England,South Mary,25394,2025-08-26
C7433482,Mary,Jones,1962-08-19,M,001-328-281-1086x2464,derekhorton@example.net,UK,Phillipland,92395,11-19-2025
C7243485,Betty,Washington,1980-05-20,F,001-251-419-0178x109,kelleyangela@example.net,U.K.,Kevinborough,91639,2024-07-11
C2746811,Christopher,Collins,1981-01-30,F,(221)435-5368x26142,whitenicole@example.com,England,Willisburgh,93355,05-21-2022
C9233136,Scott,Vance,2000-02-23,NULL,(201)745-9478,michaelgreen@example.com,England,New Dana,67664,2024-11-05
C299048,Alice,Cook,1936-08-13,NULL,(873)584-0108,lisa22@example.net,GB,Lake Crystal,36856,2024-12-21
C5713261,John,Mclaughlin,1978-01-16,NULL,(372)432-9805,justin85@example.net,United Kingdom,Rachelville,01855,2025-08-19
C8607239,Matthew,Alvarez,1936-09-20,F,663.696.8699x763,maguirre@example.com,UK,Lake Philipport,58415,2021-12-26
C3354657,Alejandro,Cantu,1937-10-27,NULL,342-476-0389x0604,davismark@example.net,United Kingdom,Port Marymouth,12934,2024-09-08
C5953435,Amanda,Lowe,1993-09-25,M,282-227-8515,ogibson@example.org,GB,Lake Kelly,80926,Yesterday
C7284766,Jack,Moran,1948-11-17,M,Unknown,skinnerlevi@example.com,England,Lake Ericburgh,07204,2024-01-09
C9295072,Aaron,Wilson,1944-07-02,F,802.360.3362,trevormorales@example.net,GB,Christophershire,50897,2025-12-22
C7548684,Donald,Lynch,1960-02-23,Other,3745597268,wigginsmakayla@example.com,U.K.,Megantown,30311,2025-04-08
C1534992,Benjamin,Cameron,1955-07-02,M,+1-614-300-7426x0687,kathryn05@example.net,UK,Deborahmouth,94922,2024-04-19
C6861993,Breanna,Barajas,1938-07-06,M,001-212-966-4153x6877,kellyjennifer@example.com,GB,West Jordan,52113,2022-07-25
C4797045,Shannon,Schneider,1986-10-25,M,663-667-6908x38852,jeffery07@example.com,U.K.,Lake Jeffreyshire,25770,2026-06-16
C4175357,Christopher,French,1963-04-11,Other,001-353-991-3764x5387,gabriel96@example.net,United Kingdom,South Julia,60495,2024-07-24
C7932599,Chelsea,Case,1981-03-03,NULL,5583878478,amybolton@example.org,UK,Lake Loretta,76247,2024-01-30
C3485992,Steven,Lynch,1985-02-04,NULL,+1-804-587-9842x93645,christophermckenzie@example.com,GB,New Susanview,52134,2022-10-15
C8854190,Susan,Cole,1968-12-27,Other,839-960-0850x75835,michaeljackson@example.org,UK,East Samanthaton,47113,2022-03-26
C7892493,Matthew,Reyes,2005-12-22,M,NULL,jeremiah52@example.net,England,East Tiffanyton,69884,2024-12-25
C7577909,Elizabeth,Riley,2003-12-04,NULL,204-679-3975x784,vbridges@example.org,U.K.,Brianview,98814,2025-06-29
C9649197,Tina,Espinoza,1990-12-06,NULL,561-214-5376,blackjames@example.com,UK,Rebeccafurt,88791,2022-08-17
C5080543,Timothy,Perkins,1965-07-14,F,732-696-0821,seanlevine@example.org,GB,East Kayla,15576,2021-12-24
C320604,Emily,Unknown,1972-07-12,NULL,+1-268-388-3790x76290,kgutierrez@example.com,England,New Megan,46813,2026-03-26
C2542012,Melanie,Cole,1979-10-08,F,882.809.1272,jose41@example.net,United Kingdom,New Clintonland,34452,2022-08-07
C6535499,Timothy,Saunders,1993-07-26,Other,(984)303-7950,ohorton@example.com,U.K.,South Robert,77531,2025-01-07
C8943266,Carrie,Johnson,2006-06-03,M,218.927.9178x59070,ucooper@example.com,GB,Parkston,84591,2021-09-22
C5819068,Robert,Smith,1951-03-19,NULL,240-837-9811x5882,weisssandra@example.org,UK,Perezville,29127,2021-09-08
C5144772,Jennifer,Scott,1973-07-08,Other,(327)761-1181x1796,jerryhurley@example.org,England,South Nicole,44305,2025-07-22
C5811086,Seth,Goodwin,1944-07-25,Other,001-344-623-7203x1540,wallacejohn@example.org,U.K.,Port Michael,61569,2025-08-23
C4499764,Claire,Montgomery,1974-03-05,F,001-406-621-3919,mary49@example.org,U.K.,West Kevinburgh,98126,2025-02-13
C3972891,Justin,Barry,1998-06-23,NULL,+1-578-883-6733x02840,matthewpitts@example.org,GB,New Markberg,15592,2026-02-19
C7285981,Megan,Johnson,1977-07-26,NULL,505-817-3346x44092,rjones@example.org,UK,Troyton,88759,2025-08-29
C7078540,Robert,Henry,1991-10-15,NULL,(346)669-1757x3488,bwarren@example.net,UK,Lewisstad,33903,2022-03-22
C4596764,Richard,Smith,1942-08-03,M,(837)714-7176x337,melissamercer@example.net,United Kingdom,Johnland,60803,2023-09-08
C4661002,Anthony,Holland,2002-08-19,F,387.325.0899x18348,robert48@example.com,U.K.,West Nicoletown,52061,2025-01-06
C1782627,Adrian,Scott,1986-09-17,M,(644)648-2957,fbauer@example.net,United Kingdom,Lake Jasonville,29504,2024-09-24
C7139625,Justin,Carpenter,2000-08-27,NULL,NULL,jimeneztanya@example.org,GB,Samanthafort,95886,20260523
C5456195,Dawn,-,1990-03-29,F,(637)375-3076x3154,joseph98@example.org,U.K.,Port Renee,65708,2024-02-19
C6101614,Adam,Mitchell,1974-07-17,NULL,751.548.8228,qterry@example.org,England,West Bailey,48511,2026-04-03
C2074684,Scott,Horn,1945-05-17,NULL,305-564-0943,jeffersonlaura@example.net,GB,South Stephanie,23564,2023-12-27
C5208753,Emily,Hudson,1998-12-17,F,001-871-236-2678x230,whall@example.org,U.K.,West Karenside,33698,2022-08-09
C5546149,Melissa,Bryant,2007-11-17,F,720-676-0475x942,graynancy@example.com,United Kingdom,South Anthonychester,76216,2024-10-19
C9854482,Jay,Crosby,2003-11-10,Other,+1-844-480-7775x69073,johnlopez@example.org,UK,Robinsonville,96777,2023-10-30
C2662809,Ryan,-,05-31-1948,F,(208)640-9608x2150,joshua03@example.net,England,Davisstad,92872,2021-11-30
C3496313,Sherry,Hampton,Tomorrow,NULL,7412656361,debbie15@example.org,England,Woodbury,24771,2025-11-28
C8737399,Fernando,Walker,1984-10-31,NULL,(764)874-4342x847,steventhomas@example.com,United Kingdom,Bernardport,78271,07/05/2025
C4242533,Ernest,Adams,19550224,F,(908)810-5579,gleonard@example.net,England,Lake Ryanhaven,17921,08/05/2023
C9800087,Courtney,Shaw,1967-10-13,F,001-560-923-5511x74072,greenejonathan@example.org,UK,Roberthaven,37667,2023-10-26
C982905,Nathan,Abbott,1942-08-21,Other,001-319-362-0602x857,smithwilliam@example.org,UK,Debbieborough,94009,2024-11-19
C464253,Timothy,Craig,1998-01-03,NULL,521-472-7917x504,scottcardenas@example.net,U.K.,Catherinestad,65607,2022-05-23
C3442073,Kyle,Unknown,2001-08-13,F,001-482-462-9412x6907,ryantate@example.org,United Kingdom,Thomasborough,39965,2024-02-12
C7784084,Glen,Bell,1999-05-02,NULL,635.382.5293x203,holmesmelissa@example.org,GB,Rodriguezbury,62328,2024-08-05
C1391360,Anthony,Smith,1949-10-22,M,(298)854-8448,NULL,UK,South Juliefort,42825,2024-04-17
C120350,Cody,Rice,2000-11-01,M,001-543-255-9473x61938,laura86@example.com,GB,Tatemouth,04731,2022-11-29
C9795591,Christopher,Jimenez,1991-02-22,M,001-754-301-8349x48199,melissawebb@example.org,United Kingdom,East Mallory,34836,2023-08-02
C6418760,Kenneth,Sanchez,1976-05-23,F,001-547-817-7873x7974,davidrobinson@example.org,United Kingdom,West Sandra,22749,2024-09-27
C8082984,Dennis,Stewart,1989-03-13,M,5098479410,ismith@example.org,United Kingdom,Mariahhaven,40155,2026-02-13
C6561724,Lisa,Martin,1978-07-05,F,608.312.7803,david69@example.org,United Kingdom,Wallacemouth,23567,Yesterday
C1008249,Jean,Bautista,1962-04-10,NULL,+1-255-631-3358x6551,andre26@example.net,GB,Millermouth,87887,2022-07-02
C6718341,Stacy,Jones,1959-06-20,F,001-548-619-2724,yrasmussen@example.org,UK,North Randy,57591,2023-10-30
C3540928,Elizabeth,Norris,1969-06-14,F,(320)280-6898x172,mckenziejeffrey@example.net,GB,Tinatown,25039,2022-04-09
C2070691,Lisa,Stone,1984-08-10,NULL,+1-230-636-8593x5973,oconnelljennifer@example.net,GB,Brownfurt,13125,2026-04-15
C7629498,Danielle,Marshall,1976-01-23,M,(574)816-5308,gmorales@example.net,England,Valdezmouth,39767,2024-01-03
C7032296,Amy,Ruiz,1960-04-12,M,+1-890-995-9986x631,heather93@example.com,United Kingdom,Sharonchester,12912,2022-01-19
C6649839,William,Brennan,2005-09-17,Other,(584)581-5537x443,collinsdana@example.org,United Kingdom,Tonyside,95549,2024-06-06
C2157980,Cindy,Hicks,1970-10-01,M,613.952.0820,guzmanerika@example.com,U.K.,East Allen,57320,2024-01-19
C4918251,Alejandro,Wallace,1938-10-12,F,001-398-338-1633x010,ybrown@example.org,United Kingdom,South Annetteton,80369,2023-11-05
C9442496,Daniel,Bailey,1996-03-28,M,+1-346-677-8526x273,nicolelopez@example.net,GB,Velezstad,03687,914485433
C8382448,Joshua,Montgomery,1986-09-17,F,001-861-304-1173x3938,jorgetucker@example.net,England,East Hannah,41960,2022-01-06
C1911217,Sydney,Gray,1972-07-01,Other,682-449-1111x57258,travissmith@example.org,U.K.,North Kristi,06943,2025-11-14
C1464522,Daniel,Jacobs,1997-07-14,M,+1-811-420-9667x7544,iwilliams@example.com,United Kingdom,Port Michaelland,25952,2023-12-22
C7472271,Kayla,Thornton,2002-09-04,F,001-320-931-4249,josephbenson@example.com,UK,New Leah,14092,2021-10-08
C9574063,Michael,Cain,Tomorrow,Other,001-883-492-7842x739,murrayryan@example.net,England,Lake Daniel,63405,2026-07-03
C9428861,Matthew,Floyd,1977-04-19,M,(590)693-3700x22526,david42@example.org,England,Muellerside,14394,2025-09-20
C825858,Jessica,Rojas,2002-04-21,M,+1-417-645-4922,lloydtim@example.net,GB,East Rodney,18525,2022-12-10
C8570989,Jason,Schwartz,Yesterday,M,+1-816-974-0523x36923,travis36@example.org,England,Anthonyborough,23180,163685946
C7429556,Laurie,Reed,1992-10-12,NULL,001-317-901-4704x057,hannahchandler@example.net,England,North Victoriafurt,68368,2024-06-19
C7914397,Steve,Ellis,2006-08-20,Other,001-229-479-6841x7605,carsonjoseph@example.org,England,Michaelburgh,07180,2022-12-18
C8311898,Jennifer,Pennington,11-06-1993,Other,436.936.8048,aortiz@example.net,United Kingdom,West Codystad,72299,2025-04-07
C6127284,Rhonda,Young,2007-09-12,M,+1-726-293-8398,brownharry@example.org,U.K.,Marisaville,95344,2026-08-01
C626730,Daniel,Green,1943-06-10,M,813.336.6513x241,ctorres@example.com,United Kingdom,Port Dawnbury,10055,2026-04-27
C3056685,Anthony,Williams,1986-02-04,Other,3882256466,tvelasquez@example.net,GB,West Christineland,83608,20260318
C6735199,Joseph,Cain,2002-04-18,M,(222)488-5682x4847,morrisonmichaela@example.com,U.K.,Robbinsberg,16508,2025-12-01
C5726306,Anna,Snyder,1992-06-01,Other,001-973-681-4136,andrew53@example.com,England,Mortonland,53575,2025-08-05
C5533358,John,Rich,1950-09-07,F,(333)369-3804,adamssean@example.com,GB,West Megan,65866,2023-05-06
C7289340,Joe,Munoz,1949-10-29,F,(469)780-9873x560,salinaschristopher@example.org,UK,Hallmouth,04153,2025-06-10
C3428896,N/A,Griffin,1983-06-27,M,001-331-438-5128x945,hjacobson@example.org,U.K.,South Brianbury,99250,2025-04-10
C4559430,Vanessa,Gutierrez,2001-08-25,M,(337)998-2687x50141,mistycox@example.net,United Kingdom,Lake Staceybury,35628,2026-07-09
C7688270,Raymond,Fox,1980-07-16,F,473.917.6225x5605,philipbrown@example.com,U.K.,Jamesbury,85168,07-24-2026
C4913882,Matthew,Turner,1998-11-25,F,(479)800-6274x126,samanthacarter@example.com,United Kingdom,Anthonyberg,86071,2024-04-22
C3220798,Steven,Davis,1953-02-09,NULL,001-622-416-6525,gentrygary@example.com,U.K.,North Christopher,90677,2023-02-26
C4454536,Benjamin,Cruz,1960-10-16,F,+1-225-213-8460x05432,kaneelijah@example.net,England,Ericamouth,69855,2025-05-18
C8684102,Christine,Park,1940-02-15,Other,001-628-985-8564x827,piercewendy@example.org,UK,Mitchellstad,62849,2026-06-17
C7466850,Darrell,Mills,1967-09-20,NULL,001-729-414-0511x099,garrett91@example.net,UK,West Annaburgh,55657,2022-06-14
C7357324,Tina,Thompson,1987-01-31,Other,531.610.3716x2769,fgreen@example.com,U.K.,Katherinemouth,44514,Tomorrow
C1521784,Michael,Hall,1976-04-23,Other,(499)593-6822x9453,fcrosby@example.org,United Kingdom,West Jessicatown,11951,2022-06-14
C5944000,George,Richards,1942-02-23,M,206-899-2616,wagnerjason@example.org,U.K.,North Adam,15545,2022-02-07
C2062961,Stacy,Ross,1979-12-16,F,264.686.6988x34189,omcbride@example.net,GB,Port Dana,99391,2026-02-22
C2738625,Bob,Young,1963-05-22,M,001-269-573-9505x453,uball@example.com,GB,West Richardland,18739,2024-10-23
C964290,Stuart,Guerrero,1993-11-24,Other,001-736-357-0443,tsmith@example.org,U.K.,Crawfordchester,16081,2025-12-04
C1037778,Jessica,Acevedo,1955-04-20,Other,415.268.1185,barryjason@example.com,United Kingdom,South Jason,85681,2024-04-19
C489984,Michael,Gonzalez,1994-09-11,NULL,235.800.9244,richdonald@example.org,U.K.,North Elizabeth,92861,2024-08-17
C5076308,Joseph,Lawson,1946-05-31,NULL,001-992-369-6708x41547,harold07@example.com,UK,Jeffville,38718,2022-05-29
C6578993,Harold,Miller,1956-06-05,NULL,482-338-4638,james06@example.com,U.K.,Castrohaven,52463,2025-09-10
C2435311,Tyler,Perez,2004-10-26,Other,995-952-8195,taylor12@example.org,England,Nathanielfort,42271,2026-01-04
C3769208,Justin,Duncan,Yesterday,NULL,001-878-984-7328x15855,mark10@example.net,UK,Stephenshire,63791,2022-11-05
C3292986,Devon,Thomas,1950-05-10,M,498.217.9512,keithlawrence@example.com,U.K.,Carrieberg,11046,2025-09-12
C1312336,Unknown,Ochoa,19590313,NULL,001-827-287-1345x18491,jack56@example.com,United Kingdom,Rachelfort,50642,2022-12-01
C2785920,Briana,Ramirez,1955-01-18,NULL,+1-660-568-2122x488,william26@example.org,United Kingdom,Bethanyville,89113,20230210
C440085,Jacqueline,Williams,Yesterday,NULL,(759)362-8936x84898,martinhull@example.com,U.K.,Port Kristenchester,44942,2023-09-22
C4899952,Drew,Wood,1965-12-19,M,929-824-8617x2565,donna25@example.org,U.K.,South Bettymouth,44933,2024-05-21
C9134253,Troy,Barrett,1972-11-21,M,395.367.0749,nsosa@example.net,U.K.,Rachelberg,42528,20251129
C8080116,Robert,Kelly,1956-11-01,M,834.732.1631x145,allen76@example.org,GB,Port Emma,22325,2022-01-12
C7689948,Ariel,Unknown,1963-05-31,M,001-510-899-5341,nicolehernandez@example.com,United Kingdom,Bentontown,73154,2026-03-15
C7244260,Kathleen,Johnson,1999-08-17,Other,+1-334-998-9984x3462,brandon40@example.org,U.K.,Angeltown,76706,Yesterday
C7823431,William,Rose,2003-12-30,M,315-635-6628x31750,jessica46@example.net,UK,Port Danielle,75475,2023-06-13
C2506355,Jesse,Reed,1974-03-06,F,(211)756-1960,pkane@example.org,GB,Mannstad,70172,2024-07-07
C8530590,Randy,Martin,1950-02-06,Other,+1-650-980-0470x55140,wilsonandre@example.org,U.K.,Hendersonchester,70837,2023-12-05
C2944307,Glenda,Wells,1953-01-18,M,+1-577-936-9511x358,schmittmaria@example.com,England,Fernandezton,08743,2021-11-02
C839791,Leslie,Sanders,1990-01-13,M,001-201-817-6526,stephaniewyatt@example.org,UK,Carlsonhaven,39072,2023-03-07
C5969941,Whitney,N/A,2007-06-24,F,001-742-905-2697,acostashelia@example.com,GB,Susanmouth,59925,2025-10-26
C5448051,Stephen,Nunez,2005-02-05,F,433-412-0639x9925,hunteranderson@example.org,U.K.,Lake Aaron,54422,2025-06-19
C3224829,Robert,Duke,1942-07-28,F,541.413.6239x644,qjensen@example.com,United Kingdom,North Kimberlyberg,35721,2021-10-14
C2856500,Seth,Yang,2002-08-15,M,596.619.1734x6662,joshuawagner@example.net,England,East Amandaland,28511,2024-07-15
C2081791,Darlene,Patel,1950-12-19,F,508.429.0079x63904,mortonkristin@example.net,England,North Christopherchester,34126,2025-08-08
C463665,Sara,Cox,1997-02-26,NULL,4466734745,ojohnson@example.org,U.K.,New Lynn,43569,2022-08-01
C2020718,Joseph,Webb,1972-02-10,Other,+1-214-691-2911x25954,sarahmeza@example.org,UK,West Angela,44594,2024-06-08
C8821928,Jessica,Romero,1976-11-29,F,+1-200-268-4817x9840,richard24@example.com,GB,East Nathanberg,63325,2025-03-15
C5828252,Julia,N/A,1941-05-13,Other,435-205-7135x8620,austin92@example.com,United Kingdom,Diazshire,88482,2025-06-02
C1097771,Brenda,Keith,1943-05-26,Other,(840)248-1137,vstewart@example.com,U.K.,Hannahaven,01321,2024-11-27
C217678,Daniel,Craig,19370520,NULL,7505633465,angelamorales@example.net,United Kingdom,Johnburgh,27669,2021-11-02
C6562090,David,Cantu,1942-05-03,NULL,001-787-746-2521x42408,larsenwalter@example.net,GB,East Davidmouth,24427,2025-08-17
C3749080,Shawn,Diaz,1989-11-12,NULL,411.886.4193x708,paulmartin@example.com,United Kingdom,Cohenshire,66422,2026-07-15
C4646927,Dennis,James,1951-08-25,Other,001-682-384-8438x438,joshua35@example.com,GB,Gregoryborough,87324,2024-12-17
C9926909,Richard,Wolfe,1993-06-11,F,370-481-6820x88028,dawnstokes@example.net,GB,Loriville,71182,2023-06-09
C9822936,Keith,Sandoval,1954-11-17,NULL,323-586-9643x6567,allisongrant@example.net,GB,South Johnville,51686,2021-08-28
C6134447,Michael,Navarro,2002-05-10,M,(741)856-2572x61929,pward@example.net,UK,Cynthiafurt,15638,2025-01-08
C7070640,Anne,Bailey,1958-08-28,Other,680-423-1164,joshuasmith@example.com,U.K.,Aguilarstad,21071,2023-11-16
C3546127,Briana,Watkins,1958-01-13,NULL,(652)821-5340x817,harperjoshua@example.com,United Kingdom,Jackberg,87950,2021-12-03
C8057538,Laura,Johnson,1959-04-25,F,(672)433-4084x095,angela58@example.org,England,West Tanya,16890,2024-02-25
C3299021,Robin,Hunter,1981-05-31,M,001-847-935-4513x07989,elizabeth03@example.net,GB,Spencerbury,37170,20260707
C8276427,Jeremiah,Boyd,1981-03-08,M,466-939-7885x6531,anthony56@example.com,UK,North Jodyfurt,94143,2022-12-11
C7074934,Corey,Jensen,1973-10-17,Other,(602)583-4945x771,hray@example.com,United Kingdom,Lake Justinfurt,51682,Yesterday
C8462631,Sarah,Robbins,1938-12-14,M,878.969.8037,chandlermark@example.com,England,New Kelly,62411,2024-07-14
C1343883,Sean,NULL,1996-06-02,Other,834.317.1523x318,juliareid@example.net,GB,West Pamelastad,34630,2024-05-26
C3410327,Ashley,Moore,1997-10-09,Other,(898)883-2349,guy15@example.com,U.K.,Lake Jennifertown,36577,2022-03-23
C8438049,Anne,Greene,1973-10-29,Other,+1-298-730-5684x70198,michael19@example.com,GB,Tylermouth,44776,2026-01-22
C7708048,Julie,Collins,1936-03-05,Other,6073277525,ballen@example.org,England,Kimberlyport,68226,20240425
C9015768,Julie,Unknown,1937-10-14,M,(734)257-5798,kellymartin@example.org,U.K.,Port Jameshaven,61679,2024-08-01
C190548,Sierra,Summers,1970-05-04,F,001-764-937-1060x16794,peggymathis@example.com,U.K.,North Kristin,38812,2024-12-09
C6546119,Christopher,Hall,1954-12-19,M,001-331-580-7949x30212,amandasimmons@example.net,United Kingdom,South Stevenfort,05591,2023-01-16
C3229802,Eric,Kelly,1951-05-27,F,(536)591-6022,ugordon@@example.org,GB,Jenniferview,01500,2026-02-02
C4047369,Jennifer,Peters,1965-07-23,NULL,001-340-796-1700x36559,marshalljenny@example.com,UK,Jonathanview,75000,2026-01-14
C3625131,William,Larsen,1994-03-29,Other,001-487-983-5763x788,anthonyrodriguez@example.org,UK,West Angelamouth,31690,2024-12-19
C6843140,Edward,Johnson,1989-06-15,NULL,386-230-2362x58670,shelby75@example.net,GB,Hancockstad,99225,2023-03-27
C4156968,Rebecca,Fox,1973-12-30,NULL,384-881-3610x57816,garciakimberly@example.net,UK,Port Theresa,76399,2026-03-29
C2065059,Michelle,Smith,2000-12-09,F,273.229.6681x76365,fisherrobert@example.org,U.K.,South Alejandraport,07614,2021-09-01
C6820759,Jennifer,Burns,2004-11-03,NULL,+1-476-946-2588,dylan64@example.net,GB,Leachville,59831,2025-06-14
C3502711,Robert,Berger,1937-12-24,M,001-248-252-2656x3660,edwardlynch@example.com,United Kingdom,Port Jeremymouth,21436,2026-07-01
C7122955,Dawn,Hendricks,1950-07-18,F,779-464-8667x85245,davisjanice@example.org,England,Lynchchester,88757,2025-03-12
C4654751,Paul,Mays,1997-04-25,M,001-213-208-8436x11937,danieljackson@example.net,GB,North Justinville,94686,2025-05-30
C9048915,Jimmy,Hamilton,1987-09-21,NULL,719.763.2780,zimmermantyler@example.org,England,South Grace,63161,2024-07-03
C162210,Elizabeth,Castillo,1995-12-14,Other,818-760-9947,stephaniecasey@example.com,U.K.,Jaclynstad,28079,2023-11-01
C9877530,Eric,Le,1945-12-26,F,650.490.6013x0746,donald06@example.net,England,Lake Tammy,06312,2026-06-24
C640900,Michael,Chandler,1996-01-11,M,+1-276-673-8846,awilliams@example.net,England,New Ricky,84677,20221202
C9352571,Robert,Maxwell,1993-11-11,NULL,+1-852-953-3475,wilkersonmichelle@example.org,UK,Justinview,58912,2022-01-08
C813065,Paul,Briggs,1959-01-21,F,3644817294,gbailey@example.org,United Kingdom,Michellemouth,09878,2024-08-24
C5100820,Michele,Reynolds,1942-02-22,NULL,(540)835-8604x82015,jessica45@example.com,United Kingdom,Castromouth,09315,20240715
C3403643,N/A,Walter,2003-12-17,M,001-757-228-1294x542,kristina08@example.net,UK,Leland,10247,2023-04-09
C5932706,Jessica,Allen,Yesterday,M,759.272.6562x219,zimmermandiana@example.net,UK,North Tara,14500,2025-12-10
C813411,Meghan,Mason,1957-07-29,F,(339)712-7558,bridgeslarry@example.net,UK,North Mitchell,60588,2024-02-10
C4143155,Craig,Turner,19850418,F,001-708-310-4217x2036,danielconway@example.com,U.K.,Guerratown,65428,Yesterday
C3844707,Beth,Dunlap,1998-09-11,M,(568)868-1981,doyleelizabeth@example.com,U.K.,Joshuahaven,11168,2024-12-26
C8623209,Mark,,1991-12-09,F,666.223.2988,dennislisa@example.net,UK,Lake Crystalhaven,14943,2024-08-04
C7229701,Devin,Thomas,1965-09-01,M,+1-791-563-8338x040,johncunningham@example.net,U.K.,Nicholastown,56563,2024-06-22
C1067832,Samuel,Graham,2007-03-31,M,896-428-7901x03191,agriffin@example.com,England,Nguyenstad,75566,2025-01-12
C6345827,Lucas,Carter,1999-03-28,F,9976615813,matthew94@example.net,U.K.,Rodriguezhaven,44175,2025-10-31
C4201971,Andrew,Gonzalez,2004-10-18,F,001-851-817-5360x406,qabbott@example.net,GB,Romanview,12228,2023-02-28
C2827980,Karen,Phillips,1983-01-03,F,+1-884-322-5416x683,andreakirk@example.net,United Kingdom,South Holly,55591,2025-11-21
C748329,James,Cox,Yesterday,F,001-692-827-2792x33801,jessica32@example.net,United Kingdom,East Karla,49716,2022-10-20
C7441684,Jamie,Park,1988-03-28,F,(849)240-3432,christopher97@example.com,England,Bellborough,39556,2025-02-12
C4096726,Jeffrey,Bennett,1972-09-23,F,676-908-2082,morrisonheather@example.com,GB,Port Adriennefurt,67351,2024-03-03
C4190673,Douglas,Hernandez,1991-04-17,M,4736492029,rsmith@example.org,UK,Williamsside,49206,2026-02-28
C5914927,Shawn,Cline,1943-04-28,M,(942)642-9001x010,robertthompson@example.net,United Kingdom,South Lydiastad,50734,2024-08-04
C2793579,N/A,Mcdowell,1983-02-14,Other,489-398-1490x4941,deleonthomas@example.net,U.K.,Millerview,11481,2024-02-11
C5146605,Carmen,Morse,19850117,NULL,(928)847-7809x58271,ycummings@example.net,GB,Port Aaronmouth,77947,2024-11-15
C8056940,James,Carlson,2001-05-02,M,+1-911-333-2994x123,jennifer78@example.net,UK,New Patrick,38822,2022-08-16
C5911347,Kyle,Scott,1997-09-09,Other,(454)926-1027x482,hbryan@example.org,UK,Lowefurt,22570,2021-10-21
C4210878,Michael,Noble,1967-06-18,F,(842)726-0896,christine60@example.com,England,Stephenside,17615,2022-03-06
C9954514,Emily,Fletcher,1953-10-09,NULL,2248197573,cindyjimenez@example.com,UK,East Jason,64102,2024-02-11
C4144798,Linda,Adkins,1935-10-22,F,5955271608,bwilliams@example.com,England,Martinville,48576,2024-05-05
C7278785,April,Fisher,1963-09-19,Other,001-997-746-9839,jenniferward@example.org,UK,Derekhaven,93771,2023-10-06
C5480649,Kevin,Walker,1979-12-30,Other,(447)503-0156,johnholland@example.net,United Kingdom,New Brianland,06347,2026-05-02
C234966,Kyle,Smith,1949-11-13,M,410-570-2287,bryanelizabeth@example.net,U.K.,Lake Alex,69805,10/08/2025
C4662377,David,,1936-03-24,M,(804)604-8588x88285,richardsonsarah@example.org,England,North Rachelbury,32144,2026-04-05
C889574,Christopher,Flores,1940-08-29,NULL,812-576-4124x179,benjaminbrennan@example.org,England,Hollyland,50641,2023-12-26
C4573528,Matthew,Smith,2007-04-12,Other,549-455-1035,hayesrobert@example.com,UK,Joseburgh,22142,2023-11-21
C3216145,Joseph,Johnson,1964-03-16,NULL,(387)390-5891x444,jacqueline22@example.net,England,Josephberg,10293,2022-04-21
C3084753,Eric,Rodriguez,1946-05-14,Other,001-604-267-5068x66956,maurice81@@example.com,England,West Carla,86009,2024-09-28
C7680847,Max,Carrillo,Yesterday,NULL,437-447-0993x84678,smithcarlos@example.net,UK,Lake Tristanborough,61160,2022-07-11
C663514,Ryan,Sutton,2001-02-04,F,001-418-995-7487x440,john94@example.org,GB,East Antonioberg,07249,2024-03-29
C506851,Scott,Edwards,2000-04-21,F,001-778-969-4404x8026,reyesamanda@example.com,GB,Kellyfurt,19635,2024-02-12
C7738920,Brittany,Snyder,1979-05-14,NULL,279.552.5730x1049,macosta@example.org,England,Port Kelly,80862,20250716
C9075640,Cody,Rodriguez,1942-07-02,Other,(476)863-3266x308,johnsonsara@example.net,U.K.,Hensleytown,90904,2021-12-21
C4427756,Robert,Lynch,1991-07-29,F,557.800.0180,edward15@example.net,U.K.,South Taylor,40428,2024-03-27
C186148,Megan,Gillespie,1974-05-25,M,213.430.8625x0540,tracy27@example.org,GB,North Jeanneport,35945,2022-04-27
C9586127,Brianna,Small,1959-03-24,NULL,9187298524,kayleemiller@example.net,GB,Port Meganton,10515,2024-09-01
C2779860,Emily,Ramirez,2006-10-04,F,392-970-5292,mhardin@example.net,U.K.,Port Keithfurt,18130,2022-04-09
C5854212,Christina,Hopkins,1972-03-11,M,N/A,qclark@example.org,GB,Leahland,20821,2023-04-16
C344157,Patrick,Romero,1982-04-28,M,(798)349-9187,fharris@example.org,United Kingdom,Mcclainchester,65145,2025-08-18
C3869691,Jason,Francis,1942-07-26,Other,001-725-556-6420x7322,mcfarlandamanda@example.org,GB,East Timothy,89310,2021-11-04
C7948588,Scott,Becker,1973-03-06,F,(605)873-7606x6121,millerteresa@example.org,GB,Morganmouth,89017,2026-04-08
C9824468,Tony,Gardner,1942-01-14,F,586.699.2178,michaelsanchez@example.org,U.K.,Lake Daniel,57239,2026-07-19
C5335914,Nicole,Kelly,1970-10-24,NULL,843.755.0344,vwilson@example.net,U.K.,West Jasonview,02693,2025-07-23
C9982240,Scott,Mendoza,1941-05-10,M,+1-590-907-2967x100,stephensondana@example.com,England,Marthabury,51937,2025-05-08
C1992872,Alexander,Odom,1948-02-12,F,874-443-0316x99458,travisberger@example.net,United Kingdom,West Manuelville,36303,2021-09-06
C85653,Charles,Carter,1951-11-06,F,4439575756,scasey@example.com,UK,North Patrickport,89479,2026-07-30
C8344998,,Rogers,2008-07-29,F,N/A,mayosandra@example.net,GB,West Alisha,93570,2022-03-16
C5547139,Todd,Maldonado,1975-10-12,M,001-324-684-5308x9264,kari02@example.net,UK,Russellfort,97237,2025-09-24
C7954098,Jonathan,Simpson,1954-12-23,NULL,+1-534-561-4250x38911,joneseric@example.com,UK,Lake Susan,22454,2023-04-20
C1915803,Julie,Rice,1964-01-17,M,301.817.8645x2786,tinacole@example.org,U.K.,West Wanda,07193,2026-01-01
C9962554,Patrick,Daniel,1952-04-21,NULL,570-504-3117,michael31@example.org,England,East Andreaside,68961,2024-10-16
C4832135,Barry,Pearson,2008-07-28,NULL,001-918-628-2478x17061,david85@example.net,GB,Jenniferhaven,53129,2026-03-09
C3724303,Ashley,Thompson,1945-07-11,M,306-889-9529,james72@example.org,United Kingdom,New Cynthiaborough,80447,2025-10-05
C1524368,Angela,Unknown,1988-04-03,Other,(911)220-4868x394,bbentley@example.net,England,Lake Spencer,53339,2023-06-14
C7466798,Becky,Wilson,1946-06-09,Other,+1-728-636-3109x17778,williamskevin@example.org,England,Sarahton,44112,2022-01-30
C718194,Kimberly,Mcintosh,2008-04-24,F,444.330.1214x49009,fwalker@example.com,GB,West Deborah,05456,2026-04-04
C4225610,Maria,Garcia,1945-04-20,F,+1-354-708-0482x5844,timothysalazar@example.org,GB,North Joshuafort,59241,2022-03-07
C3808665,James,Phillips,1961-09-12,Other,(568)596-5147x8853,anthony97@example.net,United Kingdom,New Christopher,61112,2025-04-29
C2060792,Brian,Ashley,1951-05-15,F,739-483-9998x09706,donnaoconnor@example.org,GB,Timothyville,24058,2024-04-05
C8205640,Courtney,Hall,1960-12-17,F,(632)553-3211,rosstimothy@example.net,United Kingdom,West Jesseland,81813,2023-11-04
C5968284,Laura,Cummings,1989-12-29,Other,(876)705-7876,aaron73@example.net,U.K.,Strongstad,75254,2025-10-12
C3103629,Peter,Torres,1985-12-29,M,752-276-0966x6957,johnsonnicholas@example.net,U.K.,Jonesburgh,31534,2022-01-16
C312996,Frank,Hall,1986-08-28,NULL,+1-681-632-5081,swilliams@example.com,England,Josephview,59662,2022-05-10
C3804502,Linda,Johnson,2004-01-15,F,001-465-708-8789x1259,jmullen@example.org,U.K.,Bryantburgh,45084,2025-12-22
C2900792,Cynthia,Gardner,Tomorrow,NULL,221.372.0307x38761,lauren93@example.org,UK,Lake Melissaport,12593,2023-08-27
C7729870,Chelsea,Weaver,1953-09-10,M,3003205006,randallsanchez@example.net,UK,Hullshire,38309,2024-03-05
C4931117,Denise,Ayala,1941-02-27,F,730.493.8629x7652,websterstephen@example.org,United Kingdom,Lake Brucechester,66068,2024-06-04
C2258497,Emily,Perez,1968-05-19,Other,5562754610,adrian54@example.org,England,Port Jessica,47752,2026-07-24
C8377976,Ian,Tran,2004-03-04,Other,716-258-3005x60819,ffigueroa@example.net,UK,South Anthonyview,76766,2023-04-17
C8181576,Elijah,Cain,2006-01-02,Other,416.222.8931,erikingram@example.org,United Kingdom,Nicholasport,05088,2024-01-27
C7838259,Alexis,Wolf,1977-04-29,Other,001-950-483-7340x6976,walkerjustin@example.org,UK,Johnstonport,58488,2023-10-25
C872084,Nicholas,Hill,1976-06-28,F,(905)266-4437x482,gfoster@example.com,England,South Paula,28187,2025-05-05
C9801116,Megan,Fry,1993-06-06,M,334-837-5223,james15@example.net,UK,North Cynthia,85984,2022-11-08
C2675869,Gloria,Cooper,1995-08-04,NULL,(949)506-7232x8082,paulfischer@example.org,U.K.,Grahamfurt,10247,2022-11-19
C7358751,Tamara,Warren,1984-02-14,NULL,(414)669-2427,brianna31@example.com,U.K.,West Georgeton,42046,20230807
C3096671,Melissa,Barron,1981-10-07,M,001-712-867-3585x16520,beanbryan@example.com,U.K.,Harrisview,37940,2024-01-03
C7527589,Jacqueline,Moore,1974-01-08,NULL,400.820.1409x483,erikalong@example.net,U.K.,North Rachel,99295,2024-04-06
C4617118,Ashley,Strong,1952-03-17,M,8366846625,wisekenneth@example.com,United Kingdom,Adamton,30562,2024-03-06
C790777,Stanley,Patterson,2000-10-02,M,001-770-854-2107x082,xgarcia@example.org,U.K.,Bryantmouth,51415,2022-01-23
C4039695,Richard,Anderson,1997-06-26,M,001-445-232-3023x09988,ysharp@example.com,U.K.,Matthewstad,43255,2025-07-31
C1598777,Amanda,Kim,1972-07-06,M,001-958-644-2137,jason42@example.net,United Kingdom,Andrewstad,16981,25/08/2021
C7446968,Ronald,Jones,1983-04-17,F,+1-742-453-7508,lori75@example.org,England,South Kelly,38970,2024-03-03
C4709406,Joseph,Brooks,1987-05-18,F,(279)412-2948x0356,samantha00@example.org,UK,Dennisborough,66258,2024-07-11
C3745525,Jamie,Sanchez,1972-10-21,NULL,(702)677-5357,gbrown@example.net,U.K.,Lake Donna,73538,2023-08-05
C7253324,Jacob,Matthews,2000-03-25,F,(744)878-5808,averyanthony@example.com,UK,Jadehaven,36065,2025-01-24
C1192905,Hannah,Beard,1984-08-01,Other,001-402-257-8908,michael22@example.net,U.K.,North Steven,27556,2025-07-01
C6821652,John,Patel,1982-10-06,Other,+1-592-901-1688x51498,laura10@example.org,England,West Jonathan,26966,2024-04-26
C8126642,Toni,Nielsen,1950-07-19,Other,001-509-830-6080x43215,patriciawalton@example.com,GB,South Isabelmouth,64046,2024-02-23
C9459740,Robert,Wells,1990-10-29,M,(575)939-9654x371,xrocha@example.net,England,West Chelseaton,48660,2024-02-11
C3235345,Autumn,Quinn,1973-04-08,NULL,001-995-263-1022x189,huntjames@example.com,UK,Brittanystad,98830,2022-07-24
C2906080,Daniel,Duran,1988-01-29,NULL,(858)796-2612x95264,santiagochristina@example.org,GB,Port Erikashire,18062,2026-07-30
C8400987,Alison,Richardson,1968-12-10,NULL,+1-664-606-7720,hahnjamie@example.net,UK,Lake Markberg,39864,2025-12-06
C2574651,-,Jacobs,1935-11-25,F,001-861-258-6925x1238,laurenyoung@example.org,UK,Ronaldstad,80954,2024-10-14
C8121228,Devin,Roman,1964-08-24,M,001-294-478-3911x560,riverabrandon@example.net,UK,South Angelicafort,16353,2021-11-07
C5719592,Andrew,Robinson,1990-10-02,Other,529-917-4910x31410,kristincoleman@example.com,England,Jimmouth,76459,2022-12-04
C9702628,N/A,Le,1983-09-04,Other,3662711025,upierce@example.com,UK,North Julia,50318,2025-10-28
C3686630,Kathleen,Gill,2008-05-09,Other,001-848-230-5487x01047,mullinslauren@example.org,England,Lauraside,80108,2024-03-22
C2205423,Kelly,Petersen,2008-03-28,F,386-373-3780,ffowler@example.com,U.K.,Garzaport,78153,2026-04-02
C9499002,Karen,Hughes,1949-06-11,Other,+1-722-675-7451x268,robinsontina@example.org,GB,North Beth,78306,2022-09-03
C3366170,Regina,David,2001-08-24,Other,403-340-4883,andrewgarcia@example.com,England,South Marystad,38451,19/02/2022
C5908315,Linda,Cantu,1995-11-11,F,670-253-8524,michaelrivera@example.net,UK,Steeleview,81886,2023-01-12
C8794457,Madeline,Bradley,1938-05-09,F,(826)239-8323,andrew40@example.com,UK,South Morganfort,70475,2023-09-21
C4932995,Nathaniel,Landry,1998-03-18,Other,001-413-443-5345x72831,lwhite@example.org,United Kingdom,South Marisashire,34531,2021-11-04
C1453940,Bethany,Wilson,1970-11-12,M,+1-753-856-3485,jsmith@example.org,England,Andrewport,50377,2025-04-21
C2681882,Derek,Wilkins,1953-12-30,NULL,+1-676-382-9223x463,williamstyler@example.con,U.K.,New Sarahmouth,44987,2022-08-14
C8287930,Andrew,Yang,1936-02-26,NULL,(352)227-5669,jessica25@example.com,GB,West Sarah,43137,2024-04-23
C7367871,Timothy,Smith,1992-06-06,Other,(968)580-7213x34668,whiteshannon@example.com,GB,Michaelstad,28609,2025-03-31
C2687482,Marc,Stark,1995-04-26,F,(675)750-8462x17949,williamrollins@example.net,UK,South Williamfurt,18415,2024-11-01
C9902345,Dana,Kelly,Yesterday,Other,940.323.4350,ericwilson@example.com,UK,South Ashley,16407,2024-07-13
C4044959,Richard,-,1959-12-15,NULL,001-270-671-5267x256,shelbytaylor@example.com,United Kingdom,Ortegafort,63539,2025-10-26
C8358015,Robert,Mejia,1996-05-24,F,713-312-9931x826,solomonjames@@example.com,GB,South Kristenfurt,84676,2022-08-22
C8212601,Michaela,Morrison,2004-05-28,M,,amy80@example.org,England,East Chad,56330,2022-01-27
C2221901,Brenda,Santos,1986-02-04,M,(267)816-1127,srobbins@example.org,United Kingdom,Jonathanfurt,58072,2021-11-17
C2827376,James,Johnson,1956-05-31,F,650-779-6288x822,kjackson@example.com,England,New Petermouth,28794,2024-08-02
C2919036,Jody,Johnson,1977-04-12,F,001-208-517-5712x294,adamdudley@example.org,UK,West Jesse,23456,2024-06-16
C1687594,Diana,Nguyen,1966-07-09,Other,950-298-1793x014,natalie83@example.org,England,West Kristin,97437,2024-03-21
C7545895,Keith,Trevino,1954-09-15,F,(229)552-1836,brandonfaulkner@example.org,U.K.,South Shawnview,78380,2022-10-30
C6961771,James,Fields,1991-04-04,NULL,500.855.2359x97227,markayala@example.org,GB,Richardshire,24137,2026-04-26
C6295411,Joy,Ball,1987-03-18,F,555.592.7014,mallory08@example.org,GB,South Danieltown,87542,2025-04-08
C5178094,Patricia,Thomas,1979-08-26,F,297.598.3433,wumarcus@example.org,U.K.,Lake Stephen,52949,2022-10-25
C9140862,Lisa,Edwards,1971-08-10,F,625-789-7550,toniarmstrong@example.com,GB,Lake Mark,00513,2024-04-20
C8775611,Jared,Gonzalez,1996-02-14,Other,(982)428-0649,mgriffin@example.org,GB,East Aliciaville,39673,2025-12-29
C9379249,Mike,Hicks,1954-09-21,F,562.618.7131x9184,amandathompson@example.org,United Kingdom,Port Angela,35130,2025-09-02
C5212009,Brittany,Henry,1978-02-06,F,+1-773-666-4953x5923,jessicabrown@example.org,UK,Vegaland,03972,2023-12-24
C8042239,Samuel,Burke,2003-01-23,Other,903.899.7120,weaverchristopher@example.org,UK,New Evelyn,61729,2021-11-17
C2384162,Calvin,Wood,1940-09-04,NULL,(340)965-6827x343,johnsonnicole@example.con,GB,Lake Janiceton,82657,2024-04-17
C4642422,Michael,Evans,2000-06-27,Other,,murphymelissa@example.com,U.K.,Farmermouth,87571,2023-06-14
C5940819,Stephanie,Baxter,2000-08-02,Other,525-876-9153x12524,rrobles@example.org,GB,East Heidishire,25425,2023-07-13
C6188181,Jennifer,Gentry,1958-04-20,Other,+1-312-945-3053x61204,smiles@example.net,U.K.,Port Timothy,88745,2023-01-18
C4872914,Carl,Dickson,1951-02-05,Other,(835)688-0333,loriparker@example.org,U.K.,Williamland,33428,2025-07-26
C9971816,Amy,Cohen,1987-08-22,F,+1-730-793-8337x150,djimenez@example.net,GB,Thomasland,18629,2022-12-04
C9012180,Tamara,Wang,1976-09-10,F,(346)438-3659,wmoore@example.org,GB,West Nancyshire,13921,12/08/2023
C4326705,Seth,Luna,1975-07-22,NULL,(830)654-9758x535,albert60@example.net,United Kingdom,North Adam,38482,2026-03-11
C3109384,Mary,Tanner,2003-04-18,M,+1-870-611-1054,denise82@example.org,United Kingdom,Marthamouth,79617,2024-03-27
C7852355,Renee,Parker,1985-08-30,M,001-390-400-6213x693,jacob54@example.org,UK,Timothymouth,80507,2026-03-24
C2131181,Amy,Campbell,1936-08-05,M,001-231-387-8821x5888,allenhunter@example.net,GB,Nguyenshire,65928,2023-11-11
C5561719,Daniel,Stein,1966-02-12,F,226.821.5078x243,joseph83@example.net,England,South Timothymouth,98193,2026-01-24
C5834104,Anna,Baker,23/09/1938,M,369.461.9470x687,megan46@example.net,United Kingdom,New Briannaburgh,88570,2026-02-10
C284965,Joseph,Young,1955-08-08,M,782.424.5970x852,cherylkent@example.net,UK,Valdeztown,59732,2024-10-03
C9602819,Edward,Wood,1983-01-19,Other,(539)395-7049x7434,heathercarter@example.com,UK,Petersonhaven,44019,2024-09-07
C3128165,,Moore,1995-04-18,F,776.249.9946,zhernandez@example.org,GB,North Crystal,31593,2023-09-19
C5716767,Troy,Lee,1965-10-28,M,2194361292,gravesjane@example.org,England,Jonathanberg,92567,2022-12-14
C4693406,Debra,Williams,1951-02-16,M,+1-677-720-4802,hughesjason@example.com,UK,Rebeccaside,16184,2024-08-21
C5044555,Jamie,Green,1985-04-07,NULL,711-578-9834x45051,rachel14@example.org,United Kingdom,Atkinsmouth,37041,2023-11-05
C3889595,Joy,Wilson,1977-03-12,F,(980)613-1931x692,haynesjustin@example.com,UK,New Juan,92724,2021-11-01
C8233880,Anthony,Russo,1983-05-20,NULL,(310)423-8830x97413,martinezandrew@example.com,U.K.,Russochester,25975,2023-08-28
C3505371,Melissa,Jefferson,1985-12-22,Other,001-447-386-6471x1250,allenmichelle@example.org,UK,South Sarahfort,49123,2022-09-04
C1759944,Unknown,Hansen,1986-01-10,NULL,+1-504-392-3285x6034,david43@example.org,England,Christopherburgh,97756,2026-03-21
C4295972,Tonya,Hall,1993-03-29,M,(878)234-6845x291,ugardner@example.net,United Kingdom,East James,23670,2024-06-12
C1532797,Arthur,Delacruz,1948-06-27,F,001-401-995-2873,griffinstacey@example.org,UK,Lake Cody,57152,2021-12-27
C4549210,Emily,Smith,1954-09-11,NULL,001-597-955-2809x593,turnersteven@example.org,United Kingdom,New Jessicahaven,17642,2025-01-28
C2951119,Jessica,Bates,1993-04-17,NULL,389.974.3020x82638,ravendaniel@example.org,United Kingdom,Oneillside,50048,2022-06-10
C7039049,Elizabeth,Baker,1983-11-18,F,+1-850-473-0245,dakota26@example.org,GB,West Robertview,86166,2021-10-02
C6940071,Michael,Blake,1939-01-08,Other,4127118050,kathygalloway@example.org,UK,Johnsontown,50165,2024-03-03
C3160768,Darrell,Willis,1998-03-21,F,+1-908-661-5655x93632,bartonrodney@example.org,U.K.,Sarashire,51670,2024-12-24
C6481707,Grace,Copeland,1990-03-12,Other,420-454-7739,jamesoneal@example.net,GB,Flowersborough,50914,2021-12-12
C5624232,Micheal,Shea,1953-10-30,F,(820)467-0765,christinegraves@example.com,U.K.,New Gina,37638,20211028
C410851,Debbie,Foster,1959-09-08,NULL,716.226.0423x3263,umartin@example.net,United Kingdom,Danielsborough,30919,2026-01-30
C9038768,Samuel,Johnson,1971-09-10,M,(712)570-1581x23616,wilsoncurtis@example.org,England,New Dakotaport,46168,2025-04-03
C9899167,William,Sparks,1959-12-25,Other,8177359570,stevenwright@example.com,GB,Lambertberg,54906,2023-01-06
C5579138,Mark,Weaver,1989-10-24,Other,565.513.5005x982,michaeldominguez@example.com,GB,Davischester,90657,2023-01-02
C405886,Amber,Suarez,2004-12-01,NULL,+1-750-603-9441x149,jennifercox@example.com,U.K.,North Eric,01494,2022-06-23
C1993383,Michael,Hernandez,1961-12-08,M,496.456.0020x297,jennifercastaneda@example.com,GB,Lake Michelemouth,84910,2025-05-22
C7451377,Melissa,Nichols,1954-03-07,F,354-778-8846,sharon28@example.net,GB,Port James,98660,2024-04-24
C6661219,David,Sullivan,1940-01-23,F,(465)331-5678x3653,cherylcarroll@example.com,U.K.,Lake Steven,73747,2021-11-05
C4336180,Kenneth,Rosario,1990-06-13,NULL,001-660-716-2010,robinsonray@example.net,U.K.,Alanburgh,04771,2026-02-03
C5466772,NULL,Martin,1957-08-26,Other,843.611.2732,yjones@example.org,U.K.,East Deborah,83914,2024-05-17
C6389272,Kelly,Warren,2003-11-20,Other,+1-373-277-2546x553,kathleen93@example.net,England,West Theresa,11282,2022-06-07
C5146689,Vincent,Rodriguez,1949-09-12,F,+1-625-490-6992x126,ymartinez@example.com,U.K.,Stacyport,51379,2026-05-31
C8743250,Matthew,Johnson,1957-05-26,Other,208.726.5773,alison88@example.net,United Kingdom,North Nicholasstad,29238,2022-10-17
C4404363,Jeffrey,Franklin,1999-12-30,Other,001-932-746-3484x5201,whitejoshua@example.org,United Kingdom,West Jose,77876,2024-09-24
C956408,Elizabeth,Phelps,1982-12-28,Other,778.446.0104x698,angelaclark@example.com,United Kingdom,Crystalland,65012,2026-02-23
C8009795,Mary,Leonard,1950-07-12,F,(639)504-0174x53489,anthonywilliams@example.org,U.K.,Kylefort,61317,2023-06-04
C2939857,Laurie,Castro,1937-07-05,NULL,001-250-493-0739x20279,colincampbell@example.net,England,Jeanettehaven,27414,2026-06-15
C6357858,,Lee,1977-02-06,M,234-575-0008x357,santosnatasha@example.org,United Kingdom,Schultzstad,78665,2022-11-01
C5061081,William,Reyes,1976-12-04,F,(498)604-6030,elizabethjones@example.org,England,Molinaside,53715,2025-06-17
C5419940,Jennifer,Pope,1968-05-22,M,001-700-268-7150,kstevens@example.org,U.K.,East Scott,20046,2024-01-07
C7798554,Laura,Martinez,1983-04-30,M,439.775.9589x35966,yquinn@example.net,U.K.,West Kyle,51482,2024-12-10
C5828228,Shannon,Mcfarland,1954-08-29,F,527.871.2494x76628,christopher87@example.net,GB,Whiteland,24358,2023-03-31
C9745234,Luke,Jimenez,1998-07-27,F,(888)271-7756,hmccarty@example.org,United Kingdom,South Timothyfurt,78285,2023-01-08
C6503728,Virginia,Miller,1942-01-20,Other,+1-983-326-3951x10901,gary99@example.net,United Kingdom,West Charles,75126,2025-04-10
C7611554,Samantha,Castillo,Yesterday,M,+1-480-330-9819x45846,cynthia76@example.com,GB,West Dianafurt,52905,2024-08-07
C5980547,Jessica,Holland,1992-03-18,M,391-770-6617x56786,leslie46@example.com,U.K.,Williambury,67894,2024-06-17
C1968894,Tonya,Ferguson,1982-01-02,NULL,664.858.3478x0993,cookkelli@example.org,United Kingdom,East Timothy,28551,2023-03-02
C3855475,N/A,Rodriguez,1958-05-09,Other,241-897-8059x1761,anthony80@example.com,U.K.,Rogersberg,64555,2024-07-14
C4566117,Briana,Reyes,340937402,Other,(930)902-4639x04912,ashley86@example.net,UK,Millerfort,06919,2025-06-21
C46719,Michael,Miller,1970-02-04,M,418-675-4321,qjenkins@example.org,United Kingdom,New Triciaberg,07818,2023-09-27
C991168,Christopher,Hanson,1943-09-27,Other,973.397.9640x4779,hortoncourtney@example.net,UK,Juliefort,12945,2021-10-07
C6430988,Elizabeth,Patton,1974-03-04,Other,6116263003,tanya89@example.org,UK,Travisside,98244,2023-05-16
C4023842,-,Jones,1975-07-22,NULL,+1-694-839-0799x27152,davidsharp@example.org,GB,Jamesmouth,18274,2024-10-08
C1587999,Lori,,1968-01-10,Other,979.714.7739x874,emoore@example.org,GB,Englishburgh,15240,2025-06-27
C7607138,Terry,-,1988-08-21,Other,(324)369-5236x963,sandra33@example.com,England,Douglasshire,19284,2022-04-17
C6724970,Brandi,Gonzales,1984-05-12,M,(568)210-4015x3507,gloverpatrick@example.org,England,Port Andreatown,33567,Tomorrow
C3055373,Anne,Hunt,1942-05-19,NULL,478-413-7204x2833,troykelley@example.net,UK,South George,19649,2022-05-15
C1365696,Brandon,Foster,1954-05-07,M,+1-949-751-8524x146,brianwright@example.com,GB,Martinezborough,27182,2025-09-10
C3781941,Brian,White,1972-08-18,M,9269729178,kara92@example.org,England,New Matthewville,96350,01/05/2024
C4472989,Megan,Patterson,1958-05-05,F,001-723-719-1653,courtney09@example.com,United Kingdom,Lake Nancyfurt,19156,2022-09-01
C1450311,Michael,Allen,1940-05-16,NULL,001-616-779-3372x9401,nicoleyang@example.net,England,Jenkinsview,61304,2025-05-19
C8770146,Jamie,Little,1984-06-19,NULL,639.501.5881x5916,qkeller@example.com,U.K.,Owenville,50440,2025-02-01
C764947,Austin,Gonzalez,1988-05-10,M,822-241-3200,acurry@example.org,GB,North Troymouth,53107,2023-05-13
C7134581,Kyle,Cummings,1960-01-12,NULL,(286)934-2115x793,ivanabbott@example.org,U.K.,Hoganshire,39554,2025-10-23
C3183514,Luis,Perry,2008-08-01,M,911.362.2548,monicamurphy@example.org,United Kingdom,Lake Juanville,52607,2023-05-23
C1429848,N/A,Johnson,1947-08-07,NULL,+1-780-373-9237x46418,melissa31@example.com,England,Jeffreyberg,97200,2025-07-22
C6662497,Richard,Johnson,1954-06-21,F,6822008885,rgarza@example.net,UK,East Ricardochester,27701,2024-12-30
C400282,Candice,Swanson,1963-12-17,NULL,(573)298-3215,victoriawolfe@example.net,England,Jamesmouth,35674,2025-02-27
C3350177,Nicholas,Hamilton,2007-04-09,M,(426)770-3732x19327,timothy55@example.net,GB,Robinstad,51217,2024-12-27
C4637802,John,Martin,1974-02-26,F,001-458-776-8497x579,connie76@example.net,United Kingdom,Larrymouth,48071,2024-04-12
C3304823,Brandon,Roberts,1940-09-11,F,516.364.8208,peter39@example.net,United Kingdom,Mullinsfort,84686,2023-10-15
C2034826,Andrea,Bell,1988-01-17,M,7509937812,thompsonandrew@example.com,UK,Wrightbury,25383,2025-04-06
C4841537,Renee,West,1972-04-09,F,368.975.0862x96151,shellyallen@example.com,U.K.,Mcdonaldmouth,89913,2025-03-17
C5892837,Olivia,Leon,2006-10-27,NULL,(800)809-2147,aaron39@example.com,United Kingdom,New Shelby,47087,2021-10-26
C6477066,Robin,Strong,1972-02-05,NULL,001-584-789-2262x1503,contrerasmargaret@example.net,UK,Reginamouth,75393,2024-05-26
C2936692,Michael,Wilcox,1995-09-10,Other,528.414.2063,christopher27@example.com,U.K.,Simonstad,84311,2024-09-25
C3675774,Cassandra,Soto,1960-05-05,M,275.343.2206x99715,hshea@example.org,UK,East Emilymouth,27618,2021-09-28
C1571581,Patrick,Lozano,1959-08-26,M,664-234-3884,gonzalezalyssa@example.net,GB,Carolburgh,16155,2022-03-01
C9155668,Anthony,Buchanan,1993-04-14,NULL,203.405.2414x738,berryjulian@example.net,England,Grantton,26287,2021-10-06
C4331013,Elizabeth,Munoz,1971-03-09,M,848-247-5726,sgrimes@example.net,GB,Dawnhaven,38377,2024-09-07
C1692237,Kirk,Griffin,1954-10-15,NULL,001-759-466-6982x39356,gloria36@example.net,U.K.,South Johnny,72550,2023-07-04
C1778338,William,NULL,1990-05-08,M,971.972.9956x0503,sarah99@example.net,UK,Port Zachary,01531,2026-01-03
C9542090,Brett,Hernandez,1943-11-14,M,791-887-3301x216,andresneal@example.org,England,Ryanhaven,03588,2023-10-11
C1669057,Jaime,Munoz,2001-07-10,F,+1-955-878-3696x661,fgarcia@example.net,United Kingdom,Andersonland,05167,2022-10-31
C4258307,Daniel,Rodriguez,1999-11-22,F,(658)843-5356x108,pevans@example.net,U.K.,Schneiderton,26171,2026-05-24
C6821974,Thomas,Miller,1941-05-23,M,001-636-425-0612x46286,virginia74@example.net,U.K.,South Jodimouth,02086,2024-09-11
C1821233,Jessica,Gutierrez,1960-11-29,NULL,215-398-3117,hmccormick@example.org,U.K.,Lake Michelle,12023,2025-05-23
C9025884,Alyssa,Deleon,1972-02-23,Other,581-647-7378,ydiaz@example.com,England,Rodriguezmouth,10307,2023-07-12
C8538988,Logan,Carter,1947-01-06,M,551.485.9855,fconner@example.com,U.K.,North Gina,35972,2024-04-03
C4713146,Brenda,Carter,2001-03-31,M,(553)383-8263,tammie66@example.net,U.K.,Robinville,32262,2024-01-09
C1143649,Karen,Moss,1979-03-29,NULL,+1-557-935-8114x70157,kimberly21@gmal.com,UK,Brownburgh,57246,Yesterday
C2269726,Peter,Johnson,1946-09-28,Other,261-751-8285x4161,joygibson@example.net,England,North Sarah,17786,2025-05-09
C1596419,David,Hanna,02/09/1947,Other,9755281419,geraldthompson@example.net,United Kingdom,Justinberg,62403,2023-06-07
C1071760,Eric,Maldonado,1943-04-14,NULL,(822)967-6418x05911,meadowsdarin@example.com,United Kingdom,Johnsonview,62782,2025-07-06
C2392866,Kerri,Henderson,1949-09-13,F,(294)592-6203x5699,rward@example.com,U.K.,Adamstad,86762,2022-11-29
C1134240,Holly,Richard,1986-09-10,F,+1-331-560-5531x046,mark60@example.net,U.K.,Hansenshire,70661,2022-12-20
C7497687,Cynthia,Le,1996-03-29,Other,001-420-614-8275x4963,margaretbrown@example.org,England,Bennettshire,52582,2025-09-19
C7783026,David,Garcia,1976-05-21,NULL,+1-635-533-8959x3890,jeremiah18@example.org,England,Maureentown,77520,2024-05-26
C6138538,Tiffany,Norris,1965-04-14,NULL,(413)472-9035x8800,qscott@example.com,England,Davisborough,66927,2026-04-21
C2638399,Jennifer,Tucker,2000-10-17,M,(406)812-4984x270,taylor08@example.org,GB,East Michael,66443,2023-07-09
C9600863,Jerry,Lane,1938-03-20,NULL,695-862-1332,qpowell@example.net,England,New Davidborough,60291,2023-09-24
C1674801,Kelly,Smith,1942-07-31,F,+1-584-317-9005x756,trubio@example.net,United Kingdom,Jonesland,31280,2025-05-03
C1288458,Alejandro,Mahoney,1989-09-07,M,001-608-380-8573x2887,williammiller@example.com,UK,Lake Jeremy,90757,2023-11-16
C2901773,Mary,Williams,1955-02-26,F,469.311.4812,mcintyrebrandi@example.net,GB,South Jacob,68678,2024-02-19
C5580806,Anthony,Wilkinson,1940-03-02,Other,+1-554-810-7153x2360,karen28@example.net,United Kingdom,Christinaland,07326,2022-11-08
C6429614,Kendra,Mercer,1966-08-08,F,512-680-0186,briannawebster@example.com,U.K.,Lake Danielleview,13501,2022-01-24
C4322229,Timothy,Wolf,1957-06-16,F,(816)946-7102x51671,camachomichael@example.org,U.K.,Whitneychester,29369,2022-01-14
C5383048,Ryan,Anderson,1942-08-13,M,001-979-834-2155x4433,phillipsdanny@example.org,U.K.,North Matthewburgh,52218,2024-07-24
C2270440,Brendan,Johnson,2007-12-28,M,+1-483-718-2681x308,amylogan@example.com,UK,Port Robertmouth,71580,2023-07-22
C2935080,Jennifer,Owens,1966-05-29,M,NULL,jeffreyforbes@example.com,GB,South Stephen,31685,2023-09-24
C7615895,Holly,Rodriguez,1962-07-16,F,001-622-737-9066x727,vbrown@example.com,GB,Lake Jessicaside,05455,2021-10-20
C2036292,Stephanie,Rodriguez,1957-12-04,NULL,(545)445-8629,jeffersontyler@example.net,England,Lake Markland,25528,2026-01-26
C8937077,Carrie,Ware,1992-05-13,F,+1-580-366-8844,resparza@example.net,GB,West Darrell,37513,2026-03-04
C8973575,David,Kelly,1988-06-25,Other,931-821-6199,jeremyalexander@example.com,England,Williamsstad,13573,2023-10-16
C7526526,John,Douglas,1973-04-07,Other,+1-360-647-6993x245,dalexander@example.net,GB,South Lori,02056,2023-01-01
C2831858,Manuel,Schroeder,1947-07-16,M,524-693-8289,xtorres@example.net,U.K.,South Marco,02210,2023-08-18
C2736827,Jonathan,Stewart,1972-04-22,Other,387.269.8395x0564,arich@example.org,GB,Ericton,96542,2022-11-07
C1897472,Michael,Liu,1964-09-13,NULL,408.908.0428x76370,davidnunez@example.org,UK,South Kathryn,91815,09-17-2023
C5691264,Tracy,Vaughn,1935-10-02,NULL,900-410-9547x249,kjohnson@example.com,United Kingdom,Kimberlyton,47182,2024-12-06
C5713688,Victoria,Alvarez,1941-08-04,NULL,858-452-0642x406,brandinunez@example.com,GB,Lake Elizabeth,98102,2024-05-29
C2672623,Alexander,Pena,1984-12-02,Other,937-649-5044x6843,jmoore@example.com,England,Chelseamouth,76665,2026-06-21
C7486179,Christopher,Lopez,2007-03-27,F,+1-768-524-7684x770,jane72@example.org,England,Port Danaland,72932,2026-06-27
C4871276,David,Hill,1948-12-09,M,4856042094,alexandria23@example.com,England,East Connor,00626,2022-06-10
C7485581,Amanda,Gray,1968-02-23,NULL,001-981-407-7699x023,kwalker@example.org,U.K.,Littleport,45188,2024-02-01
C9030633,Kimberly,Miller,1977-03-04,M,905-453-9485x49313,danaadams@example.org,England,Ramirezchester,24533,2024-09-18
C4628145,Julia,Hernandez,1977-12-22,M,+1-874-905-9205x8247,wcollins@example.org,United Kingdom,Carlosview,93124,2025-04-25
C1816780,Shannon,Lamb,1990-12-24,M,516-279-8469,ramirezkristina@example.org,U.K.,Pamelafurt,72046,2023-12-27
C1643489,Nathaniel,Shields,1937-10-16,Other,3629804638,rogerjoseph@example.com,U.K.,Jonesmouth,46809,2023-07-22
C7159023,Angela,Peters,1981-11-03,M,+1-420-259-2128,lynchjonathan@example.com,U.K.,New Reginamouth,96415,2023-11-07
C7224943,Christopher,Andrews,1999-02-18,F,367-245-4866x6474,gardnertracy@example.org,GB,North Russell,28421,2022-03-20
C8204037,Ruth,Mann,1964-08-20,F,629.213.0133x674,charlesowens@example.net,United Kingdom,Brandonburgh,19798,2026-07-31
C6526196,Mark,Myers,1973-10-20,NULL,653.416.8493,tiffany58@example.net,United Kingdom,East Paigeview,08328,2024-12-23
C4814135,Douglas,Phillips,1937-11-28,M,369.436.5823,valerie96@example.com,UK,North Kimberly,11637,2024-08-06
C1835673,Matthew,Morgan,1968-10-27,Other,5408417589,higginstimothy@example.com,UK,Tinatown,19878,2026-02-25
C8549944,Rhonda,Shaw,1944-07-15,M,(759)268-9680x7062,michael48@example.net,England,Wilsonstad,68159,2021-09-20
C4133688,Christy,Taylor,1998-12-22,NULL,Unknown,shannonjones@example.net,UK,Joshuaburgh,90227,2023-11-18
C9159833,Suzanne,Jackson,2005-12-19,M,878.791.0631x81651,caleb19@example.net,UK,Lake David,38689,2023-05-15
C1227890,William,Alvarez,1937-09-05,F,7513381480,sullivanheidi@example.org,U.K.,West Lynn,30399,2024-09-19
C8247201,Gary,Parker,1991-04-09,NULL,593-468-2165x06098,valenzuelajohn@example.org,England,New Trevorborough,83692,2023-08-21
C7746207,Yolanda,Anthony,1970-03-04,F,526.711.6574,gtaylor@example.net,U.K.,East Nathanside,23056,2022-03-17
C7339523,Angela,White,1964-11-17,M,2274065719,watsonstacey@example.com,UK,New Timothytown,92780,447511391
C55201,Robert,Savage,1952-09-11,M,(966)261-4195x516,matthewgonzalez@example.net,United Kingdom,Jacobborough,02124,2025-09-19
C5028284,Jerry,Garcia,1970-11-23,F,+1-408-831-8751,proberts@example.com,UK,Hensleystad,23477,2023-08-03
C4682577,Raymond,Ramirez,1958-10-01,M,658-294-8617x3334,harrisryan@example.org,UK,New Anita,70928,2025-04-13
C4875605,Craig,Barker,1999-01-22,Other,+1-632-795-2665,lisa06@example.com,U.K.,Ryanmouth,09754,2023-01-05
C3686925,Katherine,Ho,1936-04-30,Other,NULL,thomasmcknight@example.net,UK,Matthewshire,31940,2023-01-08
C7084806,Steven,Franklin,1985-06-25,NULL,(302)674-4635x563,cynthiastewart@example.org,U.K.,Kellertown,42244,2022-10-10
C9626870,Tammy,Stewart,1971-05-24,Other,3014679886,carolynsantiago@example.org,UK,West Brooke,16445,Tomorrow
C700495,Timothy,Harrison,1950-01-14,Other,001-507-801-4957x55034,russellcatherine@example.com,GB,East Ashleymouth,04842,2024-12-25
C359747,Ryan,Hughes,1993-07-05,Other,001-596-723-1639x1890,cgarrett@example.net,GB,Elizabethmouth,16425,2024-07-10
C2188016,Jeffrey,Watkins,19470130,M,001-345-352-4065,henrychristopher@example.com,U.K.,Hilltown,64143,2022-12-24
C8057043,Benjamin,Ramirez,1945-01-11,Other,562.525.0310,figueroadenise@example.org,GB,Chandlerfurt,44160,2025-01-21
C4150924,Jean,Smith,1958-11-28,NULL,001-496-777-6678,charles95@example.org,U.K.,Aguirreport,80785,2023-02-13
C5429807,Kimberly,Middleton,1993-05-11,F,+1-492-735-9599,tyler24@example.org,UK,Villanuevahaven,64936,2026-01-23
C9777076,John,Smith,1973-07-08,Other,(654)243-7385,uelliott@example.net,GB,New Stephanieville,28225,2025-08-09
C961589,Jennifer,Miller,2006-07-06,F,+1-248-403-2680,linda98@example.org,UK,Martinborough,66224,2023-09-29
C7467892,Michael,York,1974-06-01,NULL,8776528162,silvaadam@example.com,GB,Lake Jason,05937,2023-04-13
C1108784,Ana,Douglas,1936-07-27,Other,326-437-9904x437,taylornatalie@example.net,UK,West Ericton,23300,2023-08-06
C507937,-,Stewart,2002-01-26,M,3586217647,lawrencedorsey@example.org,U.K.,Rodriguezbury,05494,2021-08-04
C4140339,Kathy,Cox,1966-05-13,M,905-587-9143,qanderson@example.net,England,West Tara,70460,2024-04-21
C2320881,Jeff,Tran,Tomorrow,NULL,(876)496-8459x389,david38@example.org,United Kingdom,Lake Daniellemouth,98200,2026-04-27
C7302261,Nancy,Hanson,1998-05-10,Other,(612)366-7124x2442,murphyeric@example.com,United Kingdom,South Kylieland,14472,2023-05-29
C6242702,Steven,Jones,1969-12-19,F,001-843-625-3844x3001,colonjessica@example.net,U.K.,Franklintown,90352,2026-05-15
C2499749,Andrea,Contreras,1965-06-16,NULL,655-400-9139,destinyhamilton@example.org,GB,North Paulstad,73714,Tomorrow
C4271135,Jennifer,Adams,1979-08-13,NULL,940-890-0329x37098,harold46@example.net,United Kingdom,Carolview,21566,2024-04-10
C5697679,Aaron,Green,1980-03-25,M,705-565-0527x7408,grahamsteven@example.com,United Kingdom,Port Brandon,94183,2022-08-02
C6559294,Mary,Wilson,1969-05-17,M,639.634.3854x389,reeveszachary@example.com,England,Yatesborough,78593,2023-03-23
C1450932,Christopher,Rivas,1965-04-01,F,707.624.6101,qwright@example.net,England,Anthonystad,50514,2025-10-05
C6043624,David,Smith,1967-12-06,NULL,001-797-650-3856,wellsadam@example.org,U.K.,East Brandonport,59381,2024-04-17
C1086143,Tamara,Holmes,1967-04-16,Other,001-782-645-0894x81345,paulkelly@example.net,England,East Thomasland,31541,2024-05-06
C8664199,William,Williams,1987-10-28,M,(543)543-6483x169,jonathanwalker@example.org,United Kingdom,Candiceshire,14173,2022-12-04
C4849426,Michael,Castro,1994-12-13,M,001-458-330-8906x721,owelch@example.org,United Kingdom,North Beth,27431,2021-08-09
C1464438,Loretta,Hunt,1993-02-23,F,2125906478,kristinerivera@example.com,GB,Priceside,69478,2021-12-30
C3659526,Sydney,Becker,1935-09-22,NULL,001-676-241-8214x2427,raychristina@example.com,UK,Kellyberg,04103,2022-06-03
C5781898,Gabriella,Sweeney,1967-05-23,M,266.563.3927x47967,perrycarter@example.com,U.K.,New Erica,14227,2023-08-19
C3170648,David,Unknown,1971-03-17,F,Unknown,joannwilson@example.org,UK,Coryton,14476,2025-06-28
C9693156,Brian,Ball,1964-03-02,F,451.626.7618,carolinedunlap@example.com,U.K.,Susanfurt,15611,2023-11-28
C2744634,April,Wells,1939-04-11,NULL,+1-834-918-0237x508,millerkaren@example.net,United Kingdom,West Anthony,29827,2024-11-12
C5117165,N/A,Goodwin,2005-12-22,NULL,001-719-509-6621,kathleen36@example.com,United Kingdom,Aliciashire,58154,2023-03-24
C4222136,Jessica,Shea,2008-06-07,F,+1-698-245-5807x3037,valentinejason@example.net,United Kingdom,Port Stephen,03265,2024-07-26
C6323054,Jeffrey,Perry,1986-09-19,NULL,(928)742-7399,michael75@example.org,GB,Lake Carolyn,04028,2026-06-27
C614943,Ryan,Lopez,2003-10-17,Other,001-326-263-7622,david71@example.net,U.K.,Jenniferburgh,37493,2021-12-13
C2415372,Timothy,Castillo,2004-09-03,M,001-381-362-7205,johnbradley@example.org,GB,Chenside,93441,2024-04-07
C7833140,Anthony,Johnson,1957-11-09,F,502.714.5741x5646,tjackson@example.org,U.K.,East Brettside,93137,2025-01-24
C2971543,Ryan,Romero,1957-07-03,Other,(429)456-5772,janetmiles@example.org,England,Carrberg,66192,2024-01-02
C7829438,Michael,Ross,1973-05-03,M,220-715-8035x045,lanestacie@example.com,UK,East Jimmyport,18261,2024-09-29
C5116743,Matthew,Allen,2002-06-26,Other,+1-201-790-3543x95102,diane03@example.org,England,East Josephside,38897,2025-11-28
C5373669,Anthony,Allen,1974-09-02,NULL,(376)428-1162x9686,ryangarcia@example.net,UK,New Kristina,32323,2025-11-15
C43971,Nicholas,Johns,1967-10-14,Other,9893330517,tracey04@example.net,U.K.,Cindyport,92826,2023-12-27
C8467954,Lisa,Schultz,1949-01-15,NULL,(914)519-7080x31436,dtorres@example.com,England,East Candaceshire,62701,2021-09-18
C7173038,Jill,N/A,19/09/1976,M,001-600-352-0875,martinamanda@example.net,England,West Melissa,77902,2025-07-06
C8094571,Renee,Murphy,1953-09-24,Other,001-464-944-7203x8819,laustin@example.net,England,South Jeremy,54478,2025-03-23
C7776030,John,Johnston,1955-08-14,NULL,001-362-707-0491,eaguilar@example.net,England,Davismouth,41945,2025-07-17
C5858916,Derek,Atkins,1964-05-03,M,946.835.2805,qking@example.com,UK,Lake Daniel,18870,2024-11-24
C6592703,David,Martin,1997-09-17,Other,+1-559-893-7812,steven28@example.com,United Kingdom,Lake April,85403,2025-07-06
C2844622,Yvonne,Joseph,1979-02-27,Other,001-325-625-8122x800,francisco31@example.org,United Kingdom,Lake Charles,83202,2022-05-22
C7203948,Stephanie,Myers,1977-02-21,NULL,984.842.2100x786,parkriley@example.com,UK,Smithland,29137,928120011
C9526659,John,Johnson,2005-06-05,F,733.424.6842x88330,jessehughes@example.com,United Kingdom,South Kimberly,66608,2021-09-05
C4499673,Jennifer,Smith,1947-06-12,F,350.360.2605,brownjake@example.net,GB,Michaelton,96031,2025-05-28
C6045957,Nathaniel,Wallace,1996-11-10,F,(604)896-7388,rodneygarcia@example.com,United Kingdom,New Aaronshire,05787,2021-12-20
C9164116,Jeffrey,Snyder,1957-05-15,M,391-509-6143x4222,patriciamatthews@example.net,U.K.,Karentown,38648,2024-06-30
C6202989,Julie,King,1960-08-28,M,969.894.8105x4940,danielle20@example.org,U.K.,Port James,47889,2023-08-22
C5205046,Jeffrey,Jones,2002-03-02,F,7436250897,shaun35@example.com,England,West Christinatown,47388,2023-04-07
C2059171,Melissa,Finley,1969-09-26,M,889.416.7536x547,sandrawillis@example.org,GB,West David,13217,2023-11-18
C3919885,Andrew,Reynolds,1945-10-16,F,225.738.2675x87042,mreed@example.net,U.K.,West Jason,39685,2025-03-21
C3428731,Johnny,Owens,1998-04-12,M,(395)339-5041x62137,sarah77@example.net,GB,South Chad,57580,2023-10-19
C8714027,Michelle,Douglas,1980-02-25,F,492-890-0459x88445,gnicholson@example.com,UK,West Carlamouth,81256,2022-04-24
C6931768,Andrea,Nelson,Tomorrow,F,(571)428-1345x0730,samuel70@example.net,UK,Lake Matthew,70517,2026-01-21
C3655869,Cathy,Ellis,1954-02-03,M,(962)796-5217x91397,nathanpadilla@example.org,England,Vasquezfort,70354,2024-01-17
C7054965,Jaclyn,Lopez,1950-04-30,NULL,+1-439-485-7240x598,hpitts@example.net,England,West Edgar,54651,2021-12-18
C4429905,Kyle,Henry,1973-10-02,Other,(803)379-9683,alan07@example.net,GB,Mariaburgh,56215,2024-03-05
C3096957,Michael,Schroeder,1951-05-12,F,4394645314,anthonywilliams@example.com,GB,Kirbytown,20663,2024-08-03
C5333740,Tammy,Jones,1973-01-31,Other,(345)646-4722x986,coxrebecca@example.com,England,Michaelbury,10553,2024-06-01
C7635308,Brandon,Frost,1954-11-21,F,001-578-677-6032x03311,crawfordashley@example.org,GB,Lake Cynthiaton,21638,2025-11-18
C8504726,Kevin,Fernandez,1945-06-11,NULL,(411)435-6442x20556,jeremy62@example.org,UK,Williamston,68971,2022-03-05
C5106440,Misty,Summers,2001-03-02,Other,230-762-6443,collinskayla@example.org,GB,West William,25225,2022-04-17
C6046853,Regina,Cain,1986-04-20,Other,+1-218-879-6075,nmoore@example.com,United Kingdom,Cruztown,94638,2023-12-18
C8768034,Kimberly,Green,1958-01-05,NULL,519.875.6965,qmartin@example.net,U.K.,Andrewville,85358,2025-09-10
C8461864,Kimberly,Vasquez,1991-12-24,F,542.520.3931x125,millersteve@example.net,UK,Matthewview,31862,2023-04-22
C7903419,Alisha,Gordon,1992-11-26,M,(468)329-5351,andersenrebecca@example.org,UK,Katherineside,80388,2022-12-25
C4705057,Nathaniel,Mills,1983-04-19,F,NULL,dianahernandez@example.org,United Kingdom,Lake Jenniferberg,66678,2026-06-20
C1749630,Shelly,Patterson,1938-09-12,Other,(653)643-1728,mturner@example.com,England,Omarfurt,82780,2022-12-26
C8736832,Eric,Jenkins,15/05/1971,Other,446.559.0161,sanchezjacqueline@example.net,GB,East Brian,34082,06-25-2022
C7186731,Gina,Taylor,02/12/2001,NULL,+1-523-751-8132,joneskenneth@example.org,UK,West Justin,48437,2025-04-12
C3819431,Heather,Williams,1944-08-31,Other,(655)322-0102x876,wwilliams@example.org,United Kingdom,New Cynthiafurt,65391,2023-12-30
C2676551,Lisa,Nichols,1989-02-03,Other,001-285-282-0403x92363,vincentgarcia@example.net,United Kingdom,West Patrickmouth,83464,2024-07-29
C46815,Brian,Higgins,1945-01-12,F,001-629-579-9927x0530,flang@example.org,United Kingdom,New Rickyberg,58267,2022-10-03
C4071203,Jody,Cantu,1960-05-07,NULL,562-752-1601,lschmidt@example.com,United Kingdom,Petersonfurt,98667,2024-03-30
C3788954,Anthony,Zimmerman,1958-10-24,NULL,001-497-686-0874x5835,philip77@example.org,England,East Tylerport,94446,2022-07-12
C7296835,Danielle,Chavez,1972-09-15,M,+1-485-381-4324x80698,ezamora@example.org,GB,Wilsonmouth,59157,2023-12-22
C1229208,John,Gonzales,1948-08-19,F,(943)677-2210x217,lortiz@example.net,GB,New Jon,23112,2025-08-05
C3489082,Jason,Mcgee,1997-12-16,Other,267.605.1150x93366,wendykeller@example.com,U.K.,East Randy,95766,2025-01-02
C7879770,Carol,Navarro,1971-09-29,M,508-733-9659,david29@example.org,UK,New Katherinehaven,84075,2023-05-28
C6116167,Wayne,Cook,1963-01-22,Other,921-313-6409x94265,hansenrandy@example.com,U.K.,Laurenport,42111,2023-03-12
C7476480,Brandi,Bowman,211892272,Other,(939)351-3629,ogoodman@example.org,U.K.,Henryhaven,83464,2026-05-10
C8162292,Derek,Lane,1937-06-28,Other,001-427-539-6367x277,martinjesse@example.com,England,North John,83045,2022-12-04
C8830756,Anthony,Miller,1943-10-09,Other,(737)376-7617x130,stewartjoel@example.net,UK,Williamsville,56021,2025-02-13
C9832555,Joshua,Reed,1991-05-03,NULL,(320)572-3715x65220,cruzdawn@example.com,GB,Timothyport,46714,2022-05-17
C9959035,Alec,Odonnell,1951-09-05,F,+1-975-679-2097x257,steelekelly@example.net,GB,Melendezhaven,65584,2024-10-19
C9377787,Justin,Phillips,1944-06-11,Other,867.425.7618x9414,xavier95@example.net,GB,East Joshuatown,26514,2025-06-27
C3477214,Megan,Caldwell,1937-03-03,Other,+1-349-380-7141x0045,feliciaconner@example.com,GB,North Darrellfort,91561,2025-08-01
C4166809,William,Williams,1985-07-14,M,+1-412-667-6710x7150,aaron58@example.net,U.K.,Galvanville,65645,2023-03-20
C2451247,Kristen,Hancock,1946-12-14,F,202.251.6558x5903,dawn75@example.net,GB,North Gregory,25586,2023-02-19
C9154941,Renee,Moore,1993-09-24,Other,520.364.6368x45874,daniellerobertson@example.org,GB,New Carlside,06401,2023-11-30
C9587528,Noah,Oliver,1978-01-23,M,853.657.5315x830,amartinez@example.org,GB,Jacobton,69765,2024-02-10
C5895894,Anthony,,1978-09-21,NULL,+1-773-776-6992x83227,debrahughes@example.net,GB,Port Cassidy,97939,2024-08-09
C3865789,Troy,Clarke,1944-11-01,F,+1-651-569-6497,jody37@example.com,UK,East Nathan,14903,2023-04-29
C8453699,Andrew,Powell,1964-03-05,NULL,727.906.3265,danielle93@example.net,U.K.,East Donaldport,56994,2022-12-14
C602424,Eric,Anderson,1948-04-08,NULL,(419)341-0158x15482,xfritz@example.org,United Kingdom,Sarahhaven,38027,2026-07-01
C1341187,Erika,Parker,1964-04-25,M,711-774-5740x597,fbarnett@example.org,United Kingdom,Angelastad,73233,2022-07-26
C769940,William,Salazar,1965-06-06,M,651.982.1365x7442,mason19@example.com,GB,Ericaville,57738,2024-09-22
C463984,Danielle,Krueger,1953-11-05,M,564.381.3803,tsalazar@example.org,GB,South John,41846,2023-12-15
C807360,Tara,Townsend,2003-10-09,NULL,001-839-999-8288x37585,kathryn77@example.org,United Kingdom,Smithview,99608,2025-04-15
C9154931,Dennis,Phillips,1984-03-07,M,5059908497,brookstheresa@example.org,UK,Chanton,09667,2022-01-23
C4168767,Sarah,Blair,1981-01-04,M,938-285-2210x2020,whitechloe@example.com,GB,Port Allen,38600,2025-09-29
C1949448,Michele,Mcfarland,1982-10-01,NULL,917.933.2003x255,brandycampbell@example.com,UK,Whiteland,69802,2025-02-05
C2705831,N/A,Anderson,1988-03-02,F,(433)475-7284x54470,brownmichael@example.com,U.K.,Samanthaview,62180,2022-05-11
C9958419,Sarah,Chavez,1973-08-16,NULL,+1-856-621-3852,qlowery@example.net,United Kingdom,New Eric,45455,2026-02-13
C8166735,Christopher,Ball,1997-09-01,Other,247-201-6702x145,christina99@example.net,U.K.,New Samuelchester,33915,2024-04-16
C1467965,Shelia,Gray,1950-06-11,M,001-468-331-8299,amoore@example.org,U.K.,Armstrongview,67088,2025-01-26
C8296862,Melinda,Carroll,1958-11-14,M,826.818.3458,anthony35@example.org,U.K.,North Kari,59795,2026-03-19
C3389559,Laura,Wright,1945-10-10,M,001-714-205-4118x246,josecastro@example.org,United Kingdom,Batesborough,49597,2023-04-06
C3178007,Diane,Smith,1988-11-07,F,(343)947-4665x8564,christopher54@example.net,GB,Jonesville,52815,2023-03-23
C9612456,Nicole,Barton,1962-06-22,Other,+1-918-812-3958,brandonwright@example.com,United Kingdom,Melissaton,25983,2026-06-20
C3366500,Ronald,Smith,1938-09-19,Other,642-546-4994,samantha80@example.com,England,Johnsonport,67935,2026-04-13
C5750554,Nancy,Brandt,1940-10-14,M,001-640-552-4568x45296,hgilbert@example.com,UK,Millsport,30861,2021-12-22
C2707448,Teresa,Newman,1966-06-02,F,001-599-439-6659x29659,jamesrivera@example.com,GB,Jasonville,73447,2025-10-29
C4662456,Thomas,Skinner,1985-02-24,Other,+1-347-927-1962x747,lopezsean@example.net,UK,East Cindy,49479,2025-01-23
C2405346,Heidi,-,1979-07-20,M,001-664-649-0874x674,annette21@example.net,U.K.,New Raymond,54957,2023-02-01
C1128061,Veronica,Walker,1986-05-17,M,598-851-0947,wmichael@example.net,United Kingdom,Mcdowellborough,03142,2021-11-18
C4328576,Kylie,Jacobs,1978-11-09,M,(873)630-4930,veronica22@example.com,GB,Porterland,12382,2024-04-07
C8062402,Reginald,Baker,1971-04-07,M,290-396-5045x645,hawkinsmartin@example.org,United Kingdom,Lake Michael,94840,2024-09-25
C4170818,Brian,Hernandez,1959-10-22,M,(276)667-7338,martinezmichael@example.net,GB,East Roberta,03207,2026-01-05
C3999912,Tammy,Jacobs,1950-02-18,M,001-460-369-1629x627,matthewduncan@example.com,UK,Lake Jessica,63049,2022-02-28
C3247808,Christian,Unknown,1963-11-08,M,001-344-721-7699x34170,parkvanessa@example.org,GB,Johnberg,77897,2023-05-15
C4058725,Michael,Rasmussen,1960-12-09,F,(502)800-6293x88883,wrighttodd@example.com,GB,North Benjamin,39146,2025-07-08
C3427270,Robert,Hill,1958-07-17,Other,427-348-4583x11371,rlee@example.net,GB,Port Gregmouth,40051,2022-10-25
C870061,Christopher,Thomas,1989-08-27,NULL,402-829-3325x949,currykatie@example.net,U.K.,Brandonhaven,39271,2024-06-21
C7466173,Brittany,Williams,1941-08-15,Other,(652)618-8976x24751,martingina@example.net,GB,New Chase,29984,2022-09-10
C3960064,Kristen,Santos,1947-08-23,NULL,512.812.2980x6438,deborahbaker@example.org,U.K.,Lyonsville,82319,2024-09-18
C2825994,Suzanne,Cox,1991-04-27,Other,496-801-7036,lisawaters@example.com,England,Monicaland,33497,2021-12-30
C5669616,Sandra,Lee,874843157,M,+1-298-744-5571,edwardrogers@example.net,GB,Brownshire,85347,2023-04-04
C2571508,Gina,Willis,1982-12-03,Other,+1-267-609-4336x896,kathrynbarrett@example.org,United Kingdom,Bakerville,60330,2023-12-11
C8878396,Lauren,Schwartz,1952-12-18,F,903.736.9039x7454,avilaelizabeth@example.org,England,New Rebecca,64223,925696499
C8634090,Larry,Kent,1953-04-24,NULL,001-808-845-3765x98254,mark34@example.com,GB,South Jeremy,24598,2024-04-20
C7270714,Leah,Mckay,1988-10-09,M,978-265-4551x4198,carranthony@example.com,GB,Markshire,24734,2025-02-06
C4101121,Carrie,Hutchinson,1996-09-28,Other,001-464-706-7542x590,courtney74@example.org,GB,North Brandi,95786,2026-01-28
C6060310,Heather,Carter,1936-10-02,NULL,(289)412-9979,lisa68@example.net,U.K.,Johnside,52179,2022-07-03
C3525939,Jeffrey,Jones,1967-03-09,NULL,560.834.9768x396,youngsharon@example.net,GB,Guzmanside,35847,2022-03-25
C196978,Whitney,Lopez,1986-04-19,F,324-475-1336,porterwilliam@example.org,U.K.,Garciabury,75796,2025-10-05
C3970317,Christopher,Harrison,Tomorrow,M,3155153575,theresa41@example.com,England,Ortizside,38845,2021-12-17
C6051077,Nathan,,1996-08-25,NULL,001-659-867-1531x78480,lori91@example.org,United Kingdom,Coxstad,84384,2023-12-29
C4243336,Michele,Ball,1985-08-27,M,+1-815-863-1398x8163,daniel02@example.net,UK,Lake Alanborough,50301,2024-05-24
C9344328,Donna,Garcia,1990-10-15,F,(496)617-6422x7755,mathew60@example.com,GB,Williamsland,72041,2025-08-26
C6798827,Jackie,Arias,1988-09-18,F,4497484927,janice33@example.com,UK,New Kimberly,47335,2024-07-20
C180521,Dustin,Garcia,1946-10-07,Other,(205)393-2454x93888,patricia04@example.net,GB,South Williambury,46927,2024-05-26
C5472791,Raven,Munoz,1951-03-31,NULL,+1-942-967-8358x2228,adriancarrillo@example.net,GB,Traviston,83124,2024-10-22
C4389392,Kristin,Nelson,1951-05-18,M,+1-734-931-0604x300,matthewdickson@example.net,U.K.,Allisonfurt,16293,2024-06-05
C1769224,Amy,Lee,1976-10-14,Other,531.577.0071x22537,taylor01@example.com,U.K.,New Anna,99312,2023-11-25
C7081498,Sara,Flores,1970-10-20,Other,(272)508-1326,uwilliams@example.net,GB,Youngstad,07359,2023-06-26
C9976618,Heidi,,1952-09-21,Other,001-785-698-7176,todd29@example.org,UK,Kevinland,79437,2022-07-18
C2153062,Stephanie,Kelley,1974-10-11,F,+1-840-304-8879x58498,christinamartin@example.net,GB,New Timothyview,48899,2025-01-05
C7792709,Mary,Miller,1957-03-29,Other,931-545-0566x438,antoniorichards@example.net,England,Lynchchester,21400,2024-05-18
C2009363,Patrick,Cunningham,1936-09-30,Other,(635)701-0297x724,charles64@example.org,U.K.,South Lindsey,02276,2021-10-01
C2208092,Larry,Rodriguez,1962-12-20,M,001-407-362-5576x7606,cynthia83@example.net,UK,South Frankhaven,13604,2024-11-23
C3708589,Meghan,Fisher,1945-03-20,Other,826.537.7628x3516,fparrish@example.net,UK,Deniseport,37540,2024-08-03
C6004660,Amy,Brown,1981-04-19,Other,279.866.5921x672,jeffrey47@example.com,U.K.,West Andrewside,33965,2023-09-14
C7229201,Grace,Levy,2003-05-23,M,+1-740-237-6866,nicolenguyen@example.con,UK,Port Ashleyburgh,43129,2025-08-08
C5151433,Martin,Adams,1997-08-17,Other,519-512-1515x9746,griffithdonna@example.org,GB,Tamaraville,27787,2023-04-09
C38452,Carolyn,Martinez,1998-07-25,Other,(446)737-5032,james82@example.net,UK,Sethshire,05080,2022-06-23
C2310369,Elaine,Blake,2002-05-25,M,(258)337-9462x67677,vincent46@example.net,United Kingdom,Millerburgh,06207,2023-06-27
C2350946,Nathan,Moran,1964-10-21,NULL,249.519.0062x21086,adamsstephanie@example.com,England,Port Alexis,06285,2023-04-21
C9770848,Tommy,Farmer,1993-10-09,F,(462)443-2225x137,nesparza@example.org,U.K.,South Jonbury,03232,2023-11-21
C1531011,Nicolas,Harrell,2001-06-29,F,919-980-7439x430,karen50@example.org,UK,North Sally,31190,20231105
C4393487,Erica,Chung,2005-12-18,M,,laurahickman@example.net,UK,Garrettborough,37647,2022-12-26
C9981504,Paige,Harper,1991-06-03,M,787.478.8660x39065,mariamorse@example.com,GB,Lake Charleshaven,57757,2023-03-09
C7539830,Sandra,Hansen,1958-12-08,NULL,733.875.8347x6859,patricia57@example.com,U.K.,Erinstad,64025,2026-06-21
C8946933,Joseph,Johnson,1966-07-08,NULL,412.982.2241x31829,weissmichael@example.com,United Kingdom,South Jimmyshire,40138,2024-11-04
C4391981,Debra,Macias,1994-12-29,F,(595)520-0995x8680,gpeterson@example.org,GB,Justinchester,02368,2022-02-08
C8629492,Kenneth,Lambert,1995-07-10,NULL,(514)595-4226x3152,banderson@example.com,England,Bonillaburgh,22392,Yesterday
C4905563,Bonnie,Meyer,1942-01-10,Other,338.495.4704x82770,dhooper@example.net,GB,Port Markberg,11015,2022-03-19
C8654758,Raymond,Murphy,1991-11-04,NULL,822.482.7621,abishop@example.com,UK,Powellside,66705,2022-08-20
C6150457,Edward,Martinez,1972-09-27,NULL,001-659-663-3102x16248,nathan59@example.net,GB,Port Jimmyville,67742,2025-09-01
C592254,Richard,Jennings,1971-01-17,Other,+1-610-904-8029x8053,davidcasey@example.com,GB,Andrewstad,59495,Tomorrow
C3962351,Sandra,Tate,1994-08-16,Other,959-843-9214x624,gtrujillo@example.net,U.K.,Lake Oliviahaven,35246,2024-06-16
C8953087,Gail,Carlson,1939-01-13,F,648-243-8221x937,eperez@example.net,UK,Aguilarmouth,50438,2023-09-30
C9373164,John,Hansen,1938-10-13,Other,001-985-232-1223,zperez@example.net,U.K.,East Alexaside,34943,2025-05-16
C4996247,Alexander,Chase,1990-08-19,NULL,(343)728-1729x36336,emily24@example.org,England,Port Maria,98397,2023-03-01
C2594590,Brian,Sanders,2007-07-11,M,(305)898-6404x9694,awright@example.org,England,Johnmouth,76700,2022-10-26
C7635116,Richard,Watkins,1935-09-09,M,(854)830-3778x30766,michellesalinas@example.com,GB,Nicholasshire,98109,2023-05-07
C8712157,Bonnie,Smith,1946-07-05,F,2188735841,lisa52@example.org,GB,East Kellyland,18493,2024-03-14
C9727555,Robert,Bullock,1966-01-19,NULL,001-548-213-2716x08210,davidmiller@example.com,GB,Port Phillip,26495,2021-11-12
C2153930,Aaron,Maxwell,1977-01-09,M,+1-922-527-6460x8948,progers@example.com,GB,Lake Carolview,36527,2023-09-16
C7557573,Miguel,Lewis,1950-01-08,NULL,350-534-5370x52400,michael70@example.com,United Kingdom,Brianmouth,67458,2023-09-17
C644416,Courtney,Taylor,1987-11-14,NULL,509.856.3288x0437,lmoore@example.org,England,North Aliciaville,70606,2021-11-08
C2162556,Christopher,Kramer,1961-02-01,Other,390.405.9322x66379,lisamorales@example.net,United Kingdom,Cindyhaven,80432,2026-03-25
C5983839,Erica,Wells,1939-04-17,F,001-400-807-0485,courtneywalton@example.org,United Kingdom,Sextonmouth,44572,2025-08-24
C8205621,Christopher,Wagner,19770914,M,+1-971-642-7679x5133,lijohn@example.com,GB,Riceport,31236,2025-10-21
C9231375,Maurice,Spears,1938-10-28,F,821-318-1070x582,mcintyreconnor@example.net,U.K.,North Wesley,81120,2024-08-16
C1522141,Jay,Riddle,1954-09-19,NULL,(432)309-2183x275,kimberlytran@example.com,GB,Howellview,67076,2026-06-28
C2799719,Lisa,Browning,1949-04-11,Other,(650)683-9756,daleburton@example.org,United Kingdom,Port Jonathan,25952,2025-07-24
C2132791,Abigail,Miller,1991-04-14,Other,(622)659-7655,emilylee@example.com,United Kingdom,Port Annaberg,94600,2023-12-20
C3445853,Ana,Hayes,1958-12-27,M,001-282-420-4968x84744,floresrobert@example.net,United Kingdom,East Leonard,76542,2025-10-06
C5111301,Thomas,Davis,1970-03-31,F,Unknown,hhanson@example.org,GB,West Bryanmouth,91739,2023-03-21
C5097909,Madison,Kelly,1947-11-17,F,431.335.9473,jreed@example.org,GB,Port Daniel,78788,2023-10-03
C7573796,John,Rose,1942-04-08,M,507.899.1010,ewatkins@example.org,GB,South Travisland,86459,973036173
C6524177,Michael,Allen,1945-10-22,NULL,2894587466,freemanjenny@example.net,England,Port Amy,46141,Yesterday
C6423679,Amber,Francis,1965-06-18,Other,7989671243,saundersmichael@example.net,U.K.,Lake Heatherbury,84988,2022-01-08
C1519876,Matthew,Morris,1940-12-14,Other,330-768-6458x06595,rdixon@example.com,England,Matthewfort,75834,2025-09-21
C1536643,Paul,Logan,2001-06-14,Other,666.664.3846x111,rhondabaxter@example.net,United Kingdom,North Melissaburgh,26685,2022-10-17
C5869919,Danielle,Le,2007-08-19,M,+1-587-986-5361x622,cherylpatterson@example.com,United Kingdom,South Victoriaview,03651,2025-11-06
C1827767,Jennifer,Palmer,1973-03-01,F,+1-452-267-3638,stephensonryan@example.net,UK,Port Victoriatown,49628,2024-06-15
C8303098,Micheal,Nguyen,1991-06-14,M,+1-562-569-6607,dorseycharles@example.net,GB,West Christopher,99008,2024-08-03
C5645027,Adrian,Brown,2004-10-21,F,519.744.9631x797,mitchellfrank@example.net,U.K.,East Janetton,55831,2025-02-06
C302011,Brian,Hudson,2006-05-05,Other,001-542-315-4420x59705,jonathanritter@example.org,GB,South Lisaport,23687,2025-08-26
C9787751,Kevin,Boyle,1990-01-16,NULL,NULL,nicholsdavid@example.com,UK,Lake Dylanhaven,44428,2023-07-30
C9277218,Elizabeth,Grant,1972-10-18,M,723-937-0063x1375,robertselizabeth@example.net,UK,Elizabethborough,43235,2023-08-04
C30110,Elizabeth,Barr,1947-08-06,F,968-748-8437,dianereyes@example.com,U.K.,East Jamesville,11678,2024-01-02
C7072036,Todd,Rodriguez,1976-03-14,F,(327)214-8483x76858,abrown@example.net,U.K.,Estesview,14773,2024-07-25
C1638926,Morgan,Perry,1971-10-11,M,222.398.9703x7359,lawrenceamy@example.org,UK,Justinview,25373,2021-11-05
C2986445,Austin,Madden,1948-08-05,F,242-351-7540x9439,gregorypope@example.net,England,Jasonmouth,91691,2026-04-18
C373139,Jennifer,Alexander,1979-02-01,F,(661)215-2847x180,omartin@example.net,GB,Andrewmouth,01524,2024-08-04
C1164554,Alyssa,Hutchinson,2003-10-06,Other,2633495496,erin50@example.com,England,Lake Julie,56870,2023-02-08
C8867314,Leslie,Jordan,2004-12-24,F,683.956.7780,gallowaytina@example.org,GB,Wuborough,16393,2026-01-18
C5974227,Heather,Wade,1963-04-09,M,001-558-988-0371x817,woodsstephanie@example.org,GB,Avilaland,12675,2024-05-20
C5327565,Nicholas,Kaufman,1938-03-09,F,+1-772-868-0958x8002,margaret12@example.net,U.K.,Christopherbury,81330,2025-09-29
C8874829,Mario,,2007-06-07,F,694-536-7077,wgreer@example.com,GB,Mccarthyport,37889,2025-06-16
C508570,Grace,Nichols,1975-10-10,NULL,(546)204-1767x5049,hdawson@example.com,UK,Lisamouth,04483,2023-06-21
C4040464,Anthony,Harrell,1960-03-16,Other,001-577-876-7489x3931,jenniferrodriguez@example.net,GB,Lake Nancy,38868,2023-04-19
C2683731,John,White,1940-08-15,M,399.757.8965x517,williamsshelly@example.org,United Kingdom,Port Brandymouth,47760,2024-04-03
C9834992,Justin,Owens,1979-07-01,M,400.411.6564x61006,nicolepope@example.com,UK,Carmenport,05074,2022-02-14
C5308092,Jordan,Cochran,1966-03-31,NULL,709-323-6095,cwood@example.com,U.K.,West Matthew,63433,2021-08-07
C2858387,Rebecca,Green,1968-06-10,M,446-415-0857x17415,davidflores@example.org,GB,Buckhaven,66712,2024-08-25
C638958,Meghan,Hernandez,1957-02-10,Other,370-826-2945,austin58@example.net,GB,Bradleyville,97820,2022-04-21
C8998272,Ronnie,Patton,1992-02-24,Other,+1-294-920-7458,davidbrown@example.net,England,Tonyaport,55798,2022-09-27
C412247,Robert,Fuentes,1939-07-08,NULL,777-429-9035x40589,davisjeffery@example.com,GB,Port Lauren,45880,2022-05-20
C9155054,Karen,Hamilton,1971-07-21,M,517-490-3147x3693,jeromeburke@example.com,UK,Karenberg,08468,2023-05-18
C8740315,Michael,Walker,1983-10-07,Other,001-513-928-6676x8690,williammoore@example.org,GB,North Justinhaven,04641,2022-05-14
C5101242,April,NULL,1978-10-20,M,+1-618-504-2228x03944,peterflores@example.org,England,Lake Carolmouth,77726,2022-03-25
C3553339,Katherine,Waters,1959-05-24,Other,622-652-5616x404,christina93@example.org,U.K.,Lake Dylanburgh,66650,2022-03-13
C2604590,Charles,Harper,1980-09-19,NULL,+1-348-364-1199x89867,alexa76@example.net,United Kingdom,East Gary,02077,2022-11-10
C9749625,Chad,Perry,1954-03-09,M,001-876-932-1316,keithdawn@example.org,U.K.,West Luishaven,13105,2024-09-29
C7235636,Emily,Mcintosh,1939-12-12,M,001-499-478-9543,jason40@example.org,U.K.,Melissatown,34524,2024-06-29
C2210990,,Brooks,1967-01-30,M,961-413-6370,oholmes@example.com,UK,Andreaburgh,42530,2026-06-06
C3882339,Erika,Tapia,1998-09-13,M,(411)393-3630,qwilliams@example.com,UK,Swansonview,88857,2026-04-18
C303236,,Hall,1942-01-24,NULL,(919)636-1666,joshualee@example.net,United Kingdom,Murphyfurt,82489,2026-05-30
C4077640,Colleen,Fuller,1966-05-13,M,939.216.8334x8112,michael70@example.com,England,North Alexamouth,37069,2024-03-27
C7082119,Makayla,Rosario,2008-07-12,Other,001-448-480-9163x50923,omoreno@example.com,U.K.,East Evelynfort,93441,Tomorrow
C9373579,Ashley,Wilson,1982-04-12,Other,N/A,wcole@example.net,UK,Davidtown,54552,2025-11-18
C9668500,Gary,Richard,2006-01-08,F,(699)483-4558,jdean@example.com,U.K.,Amandachester,63579,2022-03-01
C6594685,,NULL,1951-01-01,F,+1-792-394-8916x2844,shelley32@example.org,U.K.,Austinburgh,72637,2023-10-25
C8337126,Michelle,Moreno,1987-08-21,NULL,+1-386-277-0365x51051,qgould@example.org,England,New Christophertown,82205,2025-02-11
C2601565,Samuel,Chan,1966-07-06,F,922.519.9230,davidross@example.com,England,Michaelstad,47425,2024-11-01
C8437652,Matthew,Sullivan,1973-11-14,Other,001-327-422-6366x6204,vanderson@example.com,UK,Dawnburgh,96263,2026-06-08
C1214621,Michael,Young,1962-08-04,M,220-271-6081x93902,cheryl05@example.org,GB,Starkburgh,70106,2022-09-04
C1610895,Diana,Smith,1968-01-22,F,222.425.8922,walkerkelsey@example.net,U.K.,Johnport,05634,Yesterday
C3962597,Kayla,Williams,1998-12-14,NULL,374.726.5410x84805,qlittle@example.net,United Kingdom,Hendersontown,77549,2022-03-13
C7199048,Robert,Fernandez,1981-03-20,F,(726)587-9965x2336,fbarr@example.com,GB,Daymouth,92585,2023-12-08
C5596792,Zachary,Simmons,1974-10-11,NULL,882-576-2611x218,ethomas@example.org,UK,Whitehaven,25329,2021-08-24
C4176010,David,Fritz,1984-01-14,M,202-516-5403,nicole19@example.org,U.K.,South Johntown,92153,2023-01-15
C492855,Annette,Moreno,1937-05-24,Other,299.620.2176x46859,jgoodwin@example.org,GB,South Kimberly,46694,2023-04-06
C2406945,Joan,Morris,2002-12-27,Other,215-606-7021x473,alicia92@example.com,GB,Mikechester,92489,2025-03-04
C956889,Abigail,Short,1986-11-02,Other,(611)431-1615x953,johnsoncharles@example.net,United Kingdom,Whitetown,32786,2024-09-26
C8302385,Michael,Buck,1982-10-15,M,(361)733-7181x477,deanna36@example.org,England,South Timothymouth,98812,2025-06-22
C1816803,Alexis,Diaz,1977-10-27,M,(640)681-1031x67802,gallegoschristopher@example.org,UK,Jessicatown,19231,08-31-2021
C5536450,Samantha,Chavez,1939-09-11,Other,348-547-9275x479,jgraham@example.com,GB,Pattersonport,56202,2022-02-20
C1604660,Kimberly,Peck,1969-01-06,F,+1-202-949-0640x3089,bryan42@example.org,GB,Amberberg,86493,2026-03-22
C9215372,Roger,Rivera,1953-01-23,NULL,475-744-3673x600,esmith@example.com,U.K.,Brianfort,29611,2025-01-04
C92279,Steven,Smith,1984-07-05,Other,8978640854,tammy81@example.org,UK,New Sarah,03727,2021-12-07
C4881513,Emily,Daniels,1952-01-18,Other,616.430.5099x965,mirandahamilton@example.org,England,Port Williamview,04208,2025-05-22
C4040556,Kelli,Thomas,1937-06-18,NULL,982.655.8864,qcopeland@example.org,U.K.,Roberthaven,27859,2025-04-19
C845521,John,Franklin,1984-11-10,M,442-502-0687x312,vpatton@example.com,U.K.,Christianland,07012,2023-03-06
C1060510,Melanie,Boyer,1997-01-10,F,690-793-0282x95675,kanderson@example.net,U.K.,Ellisonside,57023,2023-11-04
C5278167,Kathy,Sanders,1989-09-30,NULL,(577)602-6286x6011,angelicareed@example.com,GB,West Phillip,74023,2023-02-14
C8795153,Sherry,Phillips,1984-02-02,Other,489-955-5839x3204,eortiz@example.com,U.K.,Cervantesburgh,97284,2022-01-08
C7676357,Veronica,Moore,1982-02-19,NULL,426.721.7110x53736,brad46@example.org,UK,West Erin,24129,2022-07-17
C9635617,Thomas,Graham,1976-07-03,Other,284.221.0641x998,lauragreene@gmal.com,U.K.,East Barry,19548,2026-04-21
C1907964,Morgan,Scott,2004-04-14,NULL,NULL,tiffanyberry@example.org,United Kingdom,Lake Tamiborough,09246,2025-07-12
C2666564,Joseph,Johnson,1948-10-30,NULL,001-929-472-3180x93251,cherylcook@example.net,United Kingdom,Sullivantown,20612,2022-09-20
C7157622,Brad,Johnson,1967-07-30,NULL,+1-332-680-2391x1316,xfoster@example.net,U.K.,Martinstad,82669,2023-02-04
C1050788,Oscar,Wilson,1942-10-30,F,+1-699-211-6063x3351,stephanie48@example.org,United Kingdom,North Sarah,43083,2026-01-31
C5111727,Michele,Davis,1957-08-26,M,543.391.9620,amber64@example.org,UK,Sanchezberg,69943,05-30-2022
C2199284,Annette,White,1946-09-20,NULL,444.823.3108,david09@example.net,U.K.,Beckshire,87912,2022-10-10
C170549,Michelle,Rojas,1941-07-22,F,+1-521-325-0640x18895,lovefrank@example.net,England,Garciaport,13202,2023-03-10
C4648531,Shawn,Potter,1979-06-28,F,518-390-4133,qjohnson@example.net,England,North Johnview,22525,2024-02-15
C3525530,Erin,Wright,1972-01-31,M,448-306-7324,nicholas50@example.net,UK,Davidstad,40932,2022-08-07
C7492799,Brianna,Herman,1954-01-30,M,(236)354-7539,ischmidt@example.org,England,Sheppardview,06222,04-28-2023
C5105320,Julie,Patel,1998-10-23,F,001-839-606-2722x915,sampsonaaron@example.com,UK,Haydenside,88054,2023-08-14
C4219964,Brandi,Mann,1977-07-19,M,(205)517-8022,kmiller@example.net,U.K.,West Patricia,23281,2025-11-18
C9058769,Daniel,Mclaughlin,1983-09-08,Other,(762)636-2999,xwatkins@example.net,GB,West Richardview,46332,2025-03-24
C9354791,Diane,Peterson,1996-02-04,M,+1-420-871-8325x10044,lowemichael@example.net,U.K.,South Cassandra,97650,2026-07-14
C7081264,-,Moore,1986-07-14,NULL,(670)577-4656x9500,brandon72@example.net,U.K.,Chavezberg,27679,2023-09-19
C953783,Marilyn,Stewart,2002-02-24,M,(262)964-1828x457,rwest@example.com,UK,Alishahaven,85366,2021-12-22
C35052,David,Greer,2003-10-04,NULL,001-759-798-7603x06479,sullivanmichael@example.net,U.K.,North Kimberly,87287,2022-01-25
C8483427,Brandon,Gonzalez,1942-09-14,F,+1-302-786-2131,johnsonbrad@example.net,GB,Melissashire,96426,20230414
C4420504,Robert,Roy,2004-02-03,F,7477062991,charleslawrence@example.org,England,West Annettechester,52570,2024-02-23
C8971765,Suzanne,Webb,1962-07-30,NULL,9806808103,zhoward@example.org,England,Port Joyceville,56301,2023-03-23
C655030,Chelsea,Alexander,1967-03-27,M,(227)280-7339x5205,nathan79@example.org,UK,Michelestad,12826,2023-09-10
C9452378,Jesse,Byrd,1985-08-09,M,(769)455-6257,browngreg@example.org,U.K.,Jessicaborough,65877,2024-12-05
C8588021,Derek,Miller,1982-11-07,Other,970-323-0614,natalie41@example.org,England,East Jamie,57633,20230712
C9197029,James,Sanchez,1966-08-17,NULL,629-934-5853x754,younglaura@example.net,United Kingdom,Scotttown,21685,2025-12-22
C8124024,Jeremiah,Gilbert,2006-12-14,Other,7724212022,elizabethmcdonald@example.org,GB,Cannonville,42413,2024-09-16
C9738152,Todd,Allen,1978-10-09,F,(686)258-8280x2947,matthew33@example.net,GB,Samuelborough,54327,2023-03-09
C9388504,Francisco,Holloway,1938-03-13,M,691-867-6060,brian61@example.org,U.K.,South Micheleville,14226,2024-01-15
C5672714,Patrick,Crawford,2003-05-21,Other,(513)558-8743x82580,fowleremily@example.com,UK,Sonyaberg,56434,2024-02-08
C6383650,Courtney,Reyes,1985-07-10,NULL,967-309-3783x444,john69@example.net,England,Wilsonstad,77302,2023-10-03
C1930318,Jamie,Daniels,1981-05-15,F,473-289-1069,ccruz@example.com,UK,South Erica,71461,2023-01-02
C6949508,William,Johnson,1951-03-18,NULL,5058222710,paul42@example.org,United Kingdom,New Stevenstad,75503,2023-03-08
C8767508,Daniel,Conrad,1999-09-18,Other,272-435-9897x91137,haley31@example.net,UK,West Tamara,59221,2022-05-18
C7712818,Nancy,Osborne,2004-07-22,F,(296)680-1387x40988,xgriffin@example.net,England,North Ericaview,92607,2025-11-07
C1798886,Tonya,Hartman,2002-04-06,NULL,379.631.9524x64479,cvazquez@example.org,GB,West Lisachester,47139,2024-03-18
C9812844,Joshua,Combs,1990-05-07,Other,946-452-5100,josebell@example.net,UK,South Jennifer,01228,2023-07-16
C4162774,Latoya,White,1985-04-15,Other,+1-667-936-2397x8454,jacosta@example.com,GB,Cameronstad,22128,2026-01-18
C4493796,Derrick,Oliver,1989-01-04,Other,001-703-341-7976x31618,evanspaula@example.net,England,North Angelastad,52296,Yesterday
C6306619,John,Lopez,1948-07-24,M,956.671.8148x837,krogers@example.net,UK,Christophermouth,70888,2023-02-27
C2275635,Amanda,Russell,2005-11-01,Other,+1-780-613-2395x331,brownemma@example.net,U.K.,Gutierrezville,45505,17/06/2024
C8462901,Colleen,Miller,1935-11-16,M,(767)330-3188x2765,amylarsen@example.org,GB,Port Saraville,13127,2024-05-09
C2012186,Edward,Miller,1998-11-25,NULL,(864)425-6546x82310,walkernicole@example.com,United Kingdom,Lake Deborah,86823,2023-06-30
C6348339,Gary,Hall,1991-03-22,F,(203)749-0829,mjohnson@example.net,U.K.,Scottberg,10199,2023-07-06
C5982277,Bonnie,Flowers,1964-03-06,M,,karavaughn@example.net,United Kingdom,North Krystal,95045,2025-09-04
C6240990,Jennifer,Nelson,1998-05-26,F,+1-249-655-2864x846,schmidtjoshua@example.org,GB,Lake Johnburgh,01418,2022-06-18
C6196338,Deanna,-,1997-09-08,M,8175884127,nguyenamber@example.org,United Kingdom,Mistyport,65487,2023-09-14
C1526796,Joseph,Poole,1940-07-05,Other,+1-713-422-9045x639,shawn77@example.net,England,West Andrewside,01432,2023-04-14
C2872935,Mark,Unknown,1945-04-23,NULL,(802)425-1210x43255,austin71@example.com,GB,New Brian,47794,2023-03-12
C1267315,Billy,Zamora,1980-11-18,M,731-284-2771x018,samantha46@example.net,U.K.,Erinview,79701,2024-07-12
C4714250,Lisa,Jenkins,1993-04-22,Other,+1-465-505-2913x97187,peter99@example.com,GB,East Amandamouth,41596,2025-04-12
C2248070,Michael,Smith,1963-10-18,NULL,001-689-451-9335x904,rhondahudson@example.com,England,Markbury,44852,2025-06-20
C3305495,Melissa,Kelley,2007-03-27,NULL,+1-720-946-0884x044,annajohnson@example.com,UK,Spencertown,63620,2025-05-22
C7194670,Brenda,Wood,2006-08-27,NULL,847-934-6344x1111,qmayer@example.org,UK,Jameshaven,74539,2025-06-09
C3166889,Benjamin,Gordon,1972-05-08,M,001-780-460-0515x2503,zgutierrez@example.org,U.K.,Ricardofort,94421,2021-09-05
C2976693,Natalie,Clements,1964-06-01,Other,+1-723-477-5197x67883,imoore@example.net,England,North Donna,47339,2024-04-15
C7629287,Daniel,Harrison,1984-11-04,Other,893-693-6514,rweaver@example.net,United Kingdom,West Jefferystad,64971,2025-04-25
C7485177,Victoria,Klein,1987-05-09,M,001-400-621-4209,matthew99@example.org,England,Dodsonport,33616,2025-08-26
C5923361,Lauren,Terry,1957-04-01,Other,001-254-468-5547x29111,mcdanieledward@example.org,England,Orozcofort,31370,2024-01-20
C2700114,Paula,Gibson,1950-01-20,Other,+1-516-299-1855x07385,patricia21@example.com,UK,Port Angela,78436,2026-07-28
C6414831,Virginia,Frost,1971-08-08,Other,(528)873-4735,jamescurtis@example.org,GB,Davidshire,70287,2024-03-16
C678954,Laura,Turner,1971-01-25,NULL,4446145509,andreahenry@example.com,GB,Herreraville,16897,2022-03-22
C5414962,Heather,Stevens,11-04-1955,M,001-788-428-5768x7792,egray@example.org,GB,Masonville,59788,28146846
C2469090,Misty,Schneider,1941-03-30,F,538.876.2380,briansnyder@example.com,U.K.,Louisville,55637,2025-09-26
C9181163,James,Patterson,1969-01-13,Other,214-539-6772,paulgeorge@example.net,GB,East Annaside,76123,2025-04-19
C2733266,N/A,Wilson,1992-01-24,NULL,(611)438-9236x966,terry88@example.net,United Kingdom,Williamsburgh,94744,2025-09-11
C8390647,,Ramos,1954-01-30,M,768-399-0313x37055,cookwillie@example.com,U.K.,Waltonborough,19620,2024-04-07
C7012815,Yolanda,Hall,1962-06-12,M,(258)841-6407,kathryn23@example.net,GB,Mistymouth,77254,2023-09-08
C5584676,Julie,Martinez,1954-02-26,M,822-947-2329,johnharris@example.com,UK,Isaiahfort,27837,2026-07-15
C9587027,Amanda,Ross,1969-08-31,M,965.498.1452,juliaprice@example.org,UK,Longfurt,57863,2023-11-12
C6396864,George,Holloway,1994-11-24,NULL,708-574-8988,xphillips@example.com,UK,Kimstad,71842,2026-04-26
C6917762,Jennifer,Carlson,Yesterday,NULL,4858463547,jrose@example.com,UK,Theresahaven,02056,2026-02-13
C5497187,Julie,Mcmillan,2001-12-07,F,001-824-961-4817x06999,chansen@example.com,England,Lowerymouth,47031,2024-02-10
C9046328,Mary,Booker,1985-05-08,M,001-673-370-5821x373,garyvasquez@example.com,GB,Alexstad,08932,2023-06-04
C5316564,Cynthia,Alvarado,1995-08-27,F,001-388-596-6259,parkerjennifer@example.com,GB,South Andrea,14894,2023-08-11
C2520309,Darren,Solomon,1948-04-01,Other,9488511542,kyleroy@example.com,United Kingdom,North Keithview,46788,2025-11-03
C2515722,Cory,Romero,1986-05-07,Other,436-923-9889,rthomas@example.net,UK,Draketown,22378,2024-07-20
C7578491,Diana,Andrade,1969-02-08,Other,619-352-1117,rholloway@example.org,GB,Jeremyton,53707,2024-09-03
C3287428,Douglas,Spencer,02-27-1984,Other,(362)785-1023,unielsen@example.org,UK,Port Derekstad,19607,2022-02-10
C5659037,Cameron,Hill,1954-11-16,NULL,(807)448-0109x7254,hhouse@example.org,GB,East Sophia,28142,2025-06-27
C7694303,Annette,White,1995-04-22,NULL,229.716.0891x12407,williamsjimmy@example.net,U.K.,Jamesberg,20313,08-27-2024
C2615419,Nathan,Smith,1959-12-05,M,7833979627,timothyhenderson@example.net,U.K.,North Dannyville,07760,2026-08-02
C5215664,Crystal,Rice,1977-04-29,M,8893056421,robert86@example.com,GB,New Donna,67002,2025-08-21
C6753021,Theresa,Rodriguez,1987-02-04,M,(949)732-9058,davidirwin@example.com,U.K.,Murphyfurt,00503,2021-10-07
C2906105,Andrea,Barton,1940-10-03,M,850-575-3737x617,jenniferbarnes@example.net,GB,Sharonside,31428,2022-03-20
C1628954,Jennifer,,1981-05-04,F,676.579.4250,jcooper@example.com,England,Mcdanielberg,29803,2026-01-05
C4862585,Bonnie,Scott,2001-08-25,M,5586505734,riverajeffery@example.net,U.K.,Pattersonmouth,82104,2025-01-01
C1441654,Allen,Delgado,01-12-1968,Other,001-941-687-3130x477,sweeneyjason@example.org,GB,Markland,06728,2023-11-25
C7781000,Sara,Medina,2005-01-06,Other,+1-228-389-7864x60730,jallen@example.org,GB,Kimberlyhaven,77930,2024-09-07
C6866313,Wendy,Ramirez,1952-12-08,M,(711)830-8404x762,annawells@example.net,United Kingdom,East Terri,14267,2024-04-23
C426244,Brandi,Scott,1998-03-05,F,239-580-9482x074,nortonrodney@example.org,United Kingdom,East Annton,15623,2024-08-04
C1403610,Samuel,Jones,1940-12-06,F,262-408-5381,jmcfarland@example.org,GB,Port Andrewburgh,84340,2023-10-05
C7852104,James,Harrington,1942-12-29,F,(498)881-1625x54940,ymurphy@example.net,England,South Shane,42417,2024-10-10
C2484452,Deanna,Smith,1992-05-16,NULL,(809)208-0623x082,brownmichael@example.net,GB,Charleston,30079,2025-08-25
C6242890,Sherri,Hicks,1948-11-08,Other,001-446-759-6289x23119,johnsonallison@example.com,UK,North Alexander,75095,2023-04-14
C8582466,Samantha,Hughes,1940-08-21,NULL,(446)692-7699x03905,gcherry@example.org,U.K.,Smithborough,16593,2025-01-26
C2911907,N/A,Pham,1982-09-05,Other,(726)919-5534x72278,alexandria53@example.net,U.K.,Martinstad,97211,2022-05-11
C40358,John,Villanueva,2002-08-01,NULL,+1-779-738-3439x1941,alexander05@example.com,UK,North Robertahaven,66613,2025-12-31
C7387797,Teresa,Brown,1952-06-15,Other,(320)796-0801x336,steelemaria@example.net,UK,New Marcus,79191,2024-06-22
C142859,Tammy,Garrett,1971-08-15,Other,001-801-567-7270x675,gordonbrenda@gmal.com,UK,West Eric,25870,2022-11-10
C4499897,Michael,Nelson,1939-09-30,F,636.616.9881x9585,shawnlopez@example.net,UK,Tracyton,04691,2023-12-15
C9878934,Andrew,Robinson,1956-04-11,Other,+1-692-655-8889,frogers@example.org,U.K.,South Karenmouth,21086,2022-08-14
C7793067,Jeffery,Benson,2007-02-28,Other,(502)232-7824x430,jacksoncheryl@example.com,UK,Lake Jacqueline,24432,2022-08-14
C4687548,Gregory,Taylor,1985-11-05,NULL,+1-215-458-6053x14251,perezchristopher@example.com,GB,New Sarahchester,20945,2024-11-29
C4906340,Tony,Mahoney,1995-04-11,Other,938-390-5773,danieltaylor@example.com,UK,Danachester,71503,2023-10-06
C7120564,Jessica,Odonnell,Tomorrow,M,001-704-465-8214,alexanderdon@example.org,England,Lake Carlmouth,95790,2026-02-09
C6878583,Kathryn,Willis,1979-06-15,M,342-396-6839,tranalicia@example.com,GB,South Benjaminport,69987,2022-09-19
C8287193,Samantha,Davis,1977-07-24,NULL,666.465.0918,johnnyweaver@example.net,U.K.,Yvonneton,73610,2021-12-03
C9188045,Cameron,Robertson,1962-03-02,Other,796-490-3727x4643,robert92@example.org,England,Carlsonfurt,56565,2024-11-09
C2145198,Amber,Taylor,1985-04-12,NULL,(221)607-7214x329,coreymartin@example.com,England,East Kaylaborough,81061,2024-08-09
C991057,Nicholas,Hughes,1941-01-22,F,540.917.0832x621,hatfieldtiffany@gmal.com,United Kingdom,West Aaron,34754,2021-12-06
C932020,Carrie,Galvan,1990-04-06,M,322.412.5680x72501,amanda25@example.org,GB,North Kristen,24353,2023-05-19
C4977686,Dominique,Allen,2006-11-18,F,+1-385-977-9288,christopherwilliams@example.net,GB,New Kelly,08128,2026-03-19
C506980,Shelly,Garcia,1947-03-29,Other,001-442-913-5259x7268,jeffrey44@example.com,United Kingdom,East Gina,74019,2023-10-13
C4836669,Chad,Hoffman,1978-11-20,NULL,001-738-471-7224,gregoryellison@example.net,United Kingdom,Davisfort,81752,2024-02-17
C7580505,Jenny,Middleton,1942-10-16,F,+1-998-701-3201x1978,kathrynsmith@example.net,UK,Moralesport,41821,2026-07-24
C8810853,Christopher,Lowery,1988-06-15,Other,001-573-698-4370x95463,james51@example.com,United Kingdom,Lisatown,22692,2021-08-16
C1394792,Katie,Arnold,1936-11-08,Other,909-402-0723x266,scain@example.net,UK,Port Robinfurt,79273,2025-06-24
C7415462,Megan,Haynes,1967-12-04,F,588-847-4169x446,wprince@example.org,GB,Marissamouth,34345,2025-05-06
C6769804,Elizabeth,Pace,1961-10-22,F,366-864-5689x0951,kevin33@example.org,U.K.,Cervantesside,81222,2026-03-06
C5917436,Christopher,Cisneros,1947-06-03,F,+1-647-889-1650x636,gonzalezjessica@example.org,UK,South David,48737,2025-05-29
C9371708,Jill,Stark,1947-04-01,Other,+1-449-565-2073x4301,yolandamartinez@example.net,England,Tammyberg,97111,2025-06-10
C6259913,Tracy,Saunders,2001-02-17,M,(390)265-5190,manningdavid@example.net,United Kingdom,South Glenn,35760,2025-03-13
C1654585,Nicole,Wood,2005-11-30,M,001-290-723-4901x106,paulsolomon@example.com,U.K.,Vincentport,06888,2023-07-31
C4420618,Sydney,Aguirre,1963-01-06,M,001-909-634-0157x0367,russelllogan@example.org,United Kingdom,East Saraton,92644,2026-07-11
C3113902,Renee,Rose,1987-01-10,M,+1-953-707-7668,powerskristopher@example.org,England,South Traceymouth,77856,2025-01-28
C4498147,Brett,Kelly,02-18-1976,NULL,+1-431-541-7203x862,bibarra@example.com,England,Stephanieside,12918,2025-09-19
C5296524,Michael,Jones,1947-08-20,NULL,001-405-902-4530x942,joshuareyes@example.org,England,East Jesseton,40913,2022-07-04
C1604537,Jennifer,Williams,1991-07-25,Other,001-569-606-5877x393,nlong@example.net,GB,South Justinberg,29425,2024-05-26
C1082976,Katherine,Ellis,2002-08-10,Other,(714)211-4467x5180,dcampbell@example.net,United Kingdom,Lake Damonburgh,81958,2024-10-16
C6218420,Leah,Torres,1940-01-28,NULL,5718300929,freemanangela@example.org,England,North Michael,98957,2025-11-29
C7480897,Brenda,Morris,2000-12-23,M,001-563-976-5982x91797,johnprice@example.com,England,Port Steven,21309,2023-06-01
C1458504,Sheri,Lee,1939-02-03,Other,684.415.0926x871,jason68@example.com,UK,Lake Danielstad,40484,2024-07-16
C9383169,Charles,Ortiz,2003-10-29,Other,775-893-5813x0089,nbuchanan@example.net,U.K.,North Parker,68870,2025-03-19
C9699746,Shelby,Delgado,1964-09-04,Other,N/A,austingray@example.com,U.K.,Port Amanda,98054,2024-06-01
C7935374,Stacey,Moran,1985-09-25,F,605-886-3195,lauradelacruz@example.com,England,Port Marc,10394,2023-08-08
C8697378,James,Pope,1990-08-26,Other,203.639.9962x132,ocollins@example.net,U.K.,Donaldsonstad,29762,2022-12-15
C9282415,-,Blackburn,1947-08-22,F,285.587.7077x886,timothy82@example.net,GB,Hannahton,54970,11/10/2024
C203808,Paul,Harrison,1984-06-10,NULL,+1-327-705-5029,ldunn@example.com,UK,Andrewhaven,66467,2026-05-29
C5093749,-,Smith,1975-08-22,NULL,733-584-5963,eboyle@example.org,England,Jasonbury,95583,2024-10-23
C9207457,Jonathan,Lin,1992-09-22,F,388-274-4444x00312,brandy55@example.com,U.K.,West Kristopher,97212,2024-11-22
C348758,Stephanie,Levine,1993-09-09,F,301-750-1819x5717,debra33@example.com,England,Port Jamie,58066,2023-07-08
C4168324,Justin,Johnson,1994-06-11,M,268-968-9132x9747,shawn32@example.org,U.K.,Hughesstad,57997,2024-12-17
C176693,Donna,Norman,1944-11-16,NULL,204-344-1933x707,briannasullivan@example.org,England,New Dorothyton,62311,2025-07-15
C4669350,Joseph,Perez,1990-08-13,NULL,001-811-624-7027x61407,mary15@example.org,U.K.,Port Brandon,19891,2026-05-29
C6026315,Paul,Thompson,1967-04-28,F,877.441.8092x89405,davenportmatthew@example.net,UK,East Paulchester,95803,2023-09-11
C3578393,Daniel,Malone,1965-03-17,M,001-285-949-4535x2403,iwhite@example.org,U.K.,Lake Trevorstad,56762,2025-07-19
C8832511,Daniel,Petty,1976-01-12,F,912-748-6862x813,megan04@example.com,United Kingdom,Port James,61604,2026-05-22
C1872989,Regina,Adams,1990-01-22,NULL,(702)787-9955,gleblanc@example.net,UK,Rachelfort,08134,2022-07-15
C8544358,Paul,Neal,1951-03-22,F,(620)879-7507x883,kristin33@example.net,England,Brandiberg,40555,2026-02-08
C621695,Lori,Woods,1996-03-16,M,+1-645-476-3231,christina95@example.net,U.K.,West Samanthatown,26802,2022-08-17
C8098816,Nicole,Spencer,1948-11-06,M,+1-533-983-6596x4006,matthewhawkins@example.org,U.K.,New Greggport,67498,2024-11-10
C3909201,Kimberly,Salazar,1940-06-09,Other,001-444-920-5285x375,denisejohnson@example.net,U.K.,Josephshire,67083,2026-01-03
C4402462,Jeffrey,,1999-05-26,M,419-438-3380x220,juan83@example.com,UK,Carolineview,33950,2022-10-02
C5183234,Daniel,Bullock,1966-05-18,M,001-659-432-7338x67633,matthew64@example.com,United Kingdom,Schaeferstad,14497,2022-04-17
C7110422,-,Maddox,1945-04-02,Other,(693)704-0328x1179,sarahgraham@example.net,GB,South Danielle,98528,2025-12-21
C8107646,Brianna,Alexander,1962-01-07,M,335-469-0271,suzanne04@example.net,U.K.,West Robertbury,40096,2022-05-31
C4079110,John,Roberts,1991-08-12,F,290.490.7351x61026,mistynguyen@example.com,United Kingdom,Aguilarhaven,35023,2025-09-05
C171742,Fred,Mann,1990-12-13,F,4134917117,james04@example.com,United Kingdom,Josephville,74178,2023-09-14
C5203862,Hannah,Norton,1999-01-03,NULL,+1-357-805-8875x6754,vgraham@example.net,United Kingdom,Figueroamouth,22260,2023-11-05
C9232787,Katrina,Ware,1937-03-18,Other,452-883-7109x13446,kiddkyle@example.com,UK,Mirandaland,30694,2024-11-01
C3587183,Erin,Jones,1952-04-10,F,542-755-6031x91325,ibarrera@example.org,U.K.,Jenniferborough,65506,2022-03-02
C8341422,Sarah,Smith,1956-01-25,Other,001-383-355-7403x704,abigailmosley@example.net,United Kingdom,Donnaburgh,91423,2025-05-12
C903433,Keith,Ball,1968-03-28,F,478.929.6057x73037,carlsonisabel@example.org,England,Lake Jenniferchester,01703,2023-04-27
C7971005,Elizabeth,Perez,2001-07-29,NULL,001-813-791-3406,ganderson@example.org,England,Williamsborough,84183,2026-01-19
C3002727,Angela,Hahn,1981-04-10,NULL,001-560-645-9747,jasonmack@example.org,United Kingdom,Lake Maria,05708,2022-05-21
C2692140,Felicia,Davis,1972-08-12,F,555.410.3423x7142,hayesjustin@example.org,U.K.,South Matthewchester,77059,2023-02-17
C9440608,Tiffany,Griffin,1956-01-05,NULL,001-733-783-1035x19213,steven84@example.net,United Kingdom,North Robertburgh,03179,2025-07-30
C2821612,Jeff,Suarez,1960-10-01,F,4363262413,hbooker@example.com,UK,Annettemouth,43640,2023-03-26
C6808442,Lauren,Williams,2007-05-02,F,+1-619-307-0415x65036,courtney77@example.net,England,Alexside,36191,2021-10-09
C3673878,Anthony,Barnett,1956-06-10,F,997.286.8160x342,rmitchell@example.net,GB,New Laurietown,46392,2025-02-05
C4885614,Matthew,Baker,1960-10-11,Other,001-771-525-1512x04792,grangel@example.com,United Kingdom,New Peter,83245,2023-05-11
C2325469,Ashley,Lawrence,1988-04-04,Other,(262)242-2938,wchase@example.org,England,North Michaelfort,04661,2026-04-30
C3714371,Mackenzie,Cox,1979-09-21,F,334.775.3435x97224,mortonbryan@example.org,GB,Rodriguezside,10587,2023-02-16
C1611757,Christina,Ellis,1956-03-19,F,001-739-339-1825,rebecca44@example.net,UK,Ruizfort,91253,2021-11-03
C6410843,David,Lewis,2005-12-22,Other,274.950.1249,vrodriguez@example.org,UK,New Chrisfurt,36668,2023-01-23
C4372537,Andrew,Gray,1984-12-15,Other,545.735.8999x03863,NULL,UK,Josephtown,86261,2024-10-03
C1211023,Jonathan,Henry,1980-12-10,F,+1-842-726-5589x03388,rlutz@example.com,United Kingdom,North Williamhaven,47322,2024-06-30
C6003973,Christina,Jackson,1965-01-23,Other,719-475-5825x48563,lindsayclay@example.net,U.K.,West Tonitown,45927,2026-01-04
C2571921,Christopher,West,1964-07-15,NULL,9674543447,stonemaria@example.net,U.K.,North Joseph,06694,2022-03-19
C4157271,Patrick,Bailey,1951-11-30,NULL,001-277-588-5120x3793,ericfloyd@example.org,England,Charlesmouth,92463,2025-06-04
C1769473,Blake,Trevino,2002-08-26,F,5557700631,adavis@example.org,GB,West Omarburgh,84300,2026-02-10
C2102369,Cynthia,Foster,2006-03-22,F,(349)454-0728x59874,popethomas@example.net,U.K.,Riveratown,31909,2026-03-26
C5211489,Ashley,Fields,1952-08-12,M,766.936.7754x3859,angelamcmillan@example.org,UK,Martinezside,95205,2022-02-11
C6563064,Francisco,Hall,1937-03-12,M,-,eward@example.net,UK,Port Christinefort,53678,2023-01-25
C9696199,Jason,Thomas,1959-10-29,NULL,546-851-7879x89105,daniellowe@example.net,U.K.,Leechester,36948,2023-03-18
C8524277,Kelly,Haynes,1947-02-19,F,(209)249-1355,csmith@example.com,U.K.,South Lorihaven,88350,2024-07-01
C7923963,Ryan,Rodriguez,10-21-1969,F,+1-665-928-5774x30789,woodwardmelissa@example.org,UK,Tateside,56595,2024-01-20
C1526607,Brittany,Johnson,1989-11-08,M,(876)337-4818,williamsimpson@example.net,England,Emilymouth,86001,2025-12-20
C8092689,Allen,Cabrera,1940-11-24,Other,+1-731-325-1829,mhaynes@example.org,UK,Kimmouth,64238,2024-12-28
C8843821,NULL,Schneider,1966-11-27,Other,(237)719-8625x098,umoore@example.org,United Kingdom,Hoffmanbury,28229,2023-08-22
C6179818,Maria,Cook,1985-07-23,NULL,557-263-7375,pollardlarry@example.com,GB,Lopezchester,71104,2025-10-25
C8605068,Michael,Henson,1940-02-28,F,648.745.3800x519,billy35@example.com,GB,South Ann,60547,2023-06-29
C1499914,Tanya,Romero,2006-02-12,M,(369)478-2132x590,rfoley@example.net,UK,South Emily,54299,2022-03-26
C2988245,Curtis,Torres,1991-07-26,NULL,(906)294-5750,pruittisabella@example.com,United Kingdom,East Vincent,62380,2022-02-13
C8256119,Anthony,Wright,1996-02-19,F,411.896.9232,penny66@example.org,GB,Rossberg,91783,2022-01-28
C737094,Don,N/A,1946-04-16,M,(575)720-5519,monicacabrera@example.com,United Kingdom,South Scottland,72487,2022-03-31
C4079559,Andrea,Decker,1980-09-09,F,(667)238-7384,fchavez@example.com,United Kingdom,Fletcherchester,57753,2024-07-04
C7696065,Erik,Thomas,1936-07-16,M,304-785-8679,alyssanelson@example.com,GB,Westland,04166,2022-10-15
C7085648,Jason,Crawford,1975-06-30,M,001-966-439-0932x9657,rstanley@example.org,U.K.,Andreaton,50390,2025-11-25
C4371834,Alex,Collins,1947-08-11,F,001-398-364-9766x412,molly28@example.org,UK,Cortezstad,37070,2022-02-03
C6648120,Unknown,Allen,1935-09-06,Other,001-708-282-8203x34787,allison93@example.net,U.K.,West Brittanyfort,37526,2021-12-18
C9812738,Nicole,Walker,1955-02-18,M,(976)649-6881x7131,tracypowell@example.com,U.K.,Johnview,58828,2022-02-13
C9842803,Melissa,Romero,1947-03-02,NULL,(786)957-4278,ppatterson@example.com,U.K.,Garrettburgh,79934,2023-12-26
C3991146,Thomas,Taylor,Yesterday,M,(229)668-9609x1419,jimmy90@example.com,United Kingdom,South Rodneyside,21020,2024-07-08
C6986444,Caleb,Perry,1964-10-02,F,854-592-8702,stephen52@example.net,GB,Taylormouth,48619,2026-06-14
C7221911,Melissa,Carpenter,1982-06-22,NULL,5769821773,melanieandrews@example.com,U.K.,Howardhaven,09387,2024-01-06
C6731398,Gerald,Pope,2005-04-09,M,-,jimmytate@example.com,UK,Kathleenbury,91917,2025-04-06
C2601027,Erica,Conrad,1959-12-30,M,001-758-236-7033,stephensjames@example.net,UK,Tammyhaven,67232,2026-07-01
C5449243,Richard,Patel,1999-02-17,NULL,(886)732-6526x251,renee10@example.com,U.K.,Kellymouth,34563,2022-08-11
C7852520,-,Torres,1971-07-28,F,+1-631-466-1074x883,zware@example.org,GB,West Marieland,56411,2025-04-21
C7848732,Michael,-,1959-07-24,NULL,8739628853,rcolon@example.com,GB,Lake Tina,43158,2026-06-19
C9342136,Erin,Floyd,1977-08-22,M,567-283-7666x5987,anthonygordon@example.com,United Kingdom,East Carolyn,21004,2026-04-19
C5321363,Lindsey,Lopez,2006-02-25,M,848.970.0912x775,smithamanda@example.com,UK,Ericland,10696,2023-08-03
C6431018,Kenneth,Rose,1984-07-01,M,695-686-1761x966,richardjacobs@example.net,U.K.,Rayton,17851,2021-08-18
C5286195,Alexander,Campbell,1984-08-24,M,2307058773,davismichelle@example.net,UK,Nelsonland,16744,2022-05-05
C1824911,Sara,Baker,1973-12-29,Other,607-457-4882x75200,austin39@@example.org,UK,Port Jameston,50093,2025-10-17
C6409973,Oscar,Salinas,2006-12-02,F,630-611-1276x587,eskinner@example.org,GB,Smithchester,17024,2022-07-22
C199285,Andrew,Clayton,1957-05-06,M,(569)210-9544x6082,brooksbrian@example.org,UK,Dominiqueland,59705,2025-11-24
C8045537,Donald,Walker,1998-05-01,M,950-429-5147x903,xbennett@example.org,U.K.,Port Marcusmouth,45408,04-30-2025
C593812,Claudia,Waters,1995-01-29,F,589-721-0647x55970,cathy69@example.com,U.K.,Burtonview,68988,2026-06-21
C7084576,Kristina,Stewart,1960-06-29,NULL,834-668-6200x06254,chencathy@example.com,U.K.,Higginsberg,71747,2023-04-14
C2420349,Tyler,Snyder,1995-04-21,NULL,+1-706-905-5982,bradleykathryn@example.net,England,Chapmanstad,93301,2025-05-27
C1042621,Robert,Silva,1967-04-07,Other,+1-206-350-6269,wilsonashley@example.com,U.K.,Kathrynbury,92842,2024-12-17
C4050539,Maria,Ortiz,1939-03-14,Other,288.914.2174x1414,vaughnwilliam@example.com,GB,Clarkeberg,87774,2025-02-09
C5085110,David,Robinson,2003-10-03,Other,805-435-5839x655,ethornton@example.org,United Kingdom,New Jeremy,78539,2024-12-06
C6462893,Jeffrey,Thompson,1956-09-19,Other,(912)246-3165,cperez@example.org,U.K.,North Stefanie,05040,2022-08-04
C4322575,Jonathan,Greene,1957-09-29,F,001-727-434-0317,gordonsharon@example.net,GB,Port Linda,16076,2026-01-10
C2300468,Ryan,York,1990-12-21,NULL,+1-838-548-7476x6898,rgarcia@example.org,UK,Lake Lori,86819,2023-05-27
C6247795,Christopher,Butler,1945-07-01,M,001-990-738-0142x804,hburns@example.net,England,Johnberg,74138,2026-03-12
C8039740,Haley,Anderson,1935-11-15,NULL,646-874-3221,icummings@example.org,U.K.,East John,02305,2025-09-02
C3631334,Sandra,Oliver,1967-10-18,F,(408)460-0934,pevans@example.net,U.K.,Bakertown,50649,2023-06-06
C2771247,Preston,Atkins,1970-03-06,F,6398865634,lindamcneil@example.com,UK,Lake Danielchester,76553,2022-02-18
C3889388,Scott,Cunningham,1991-02-12,M,001-577-821-9614,qweber@example.com,United Kingdom,Morrowmouth,76289,2022-01-27
C5176039,Mitchell,Blackwell,1982-11-07,Other,300.977.8665,ozimmerman@example.net,UK,Joshuashire,22530,2025-04-25
C2486120,Denise,Martinez,1965-06-22,F,565-672-1164x977,landryangela@example.org,United Kingdom,Brownfort,59046,2025-04-24
C952050,David,Davis,2000-05-08,M,(328)686-8873,gmaynard@example.org,GB,Mendozaberg,26396,2022-12-22
C2509625,Derek,Young,1972-12-05,Other,(968)360-6326x58975,gina14@example.com,GB,New Mary,85392,2026-01-20
C7247551,Kathy,Coleman,2001-06-29,Other,(707)439-7491x0821,NULL,England,Kirkfort,75213,2024-09-11
C2412051,Brian,Williams,1953-08-21,Other,001-300-348-0218x8970,ericksonjack@example.org,United Kingdom,Robertsbury,35088,2022-10-14
C5929574,Heather,Hicks,1988-12-11,NULL,701-471-5950x6933,robert31@example.net,U.K.,East Joshua,94365,2023-11-05
C7583832,Andrew,-,1978-12-11,NULL,001-272-800-3275x1260,joseph59@example.org,UK,Port Caroline,59982,2025-09-20
C1448929,Vicki,Kirk,1971-07-12,Other,492.720.0923x6672,jamiegarcia@example.com,England,Deannaview,47250,2022-06-18
C7526138,Luis,Sanchez,1991-08-15,M,(446)698-7576,bakerjason@example.org,GB,North Williambury,38427,2022-06-06
C8845166,Vanessa,Griffin,1962-01-21,F,657-516-6276x4730,alvarezluis@example.com,GB,East Joseph,09209,2026-06-12
C310192,Gregory,Anderson,1959-07-29,M,621.415.3520x832,jenna33@example.com,United Kingdom,Christinemouth,12640,2024-10-22
C7611201,Timothy,Zhang,1953-07-01,Other,+1-364-251-7458x7276,youngvincent@example.org,GB,Robertberg,34302,2026-04-06
C9756177,Shannon,Williams,1982-10-24,F,(404)993-7417x54950,hruiz@example.net,GB,New Nicholasfort,89646,2022-07-21
C8896156,Preston,Mcintosh,2005-10-04,F,001-515-262-9921x5155,paulapena@@example.org,England,Tiffanymouth,38211,2023-04-13
C7112152,Kevin,Cox,1959-02-02,Other,642-832-4013x4869,nicolewebb@example.net,U.K.,Garciaview,22473,2025-12-16
C9644673,Brian,Evans,1975-05-31,NULL,+1-887-366-0261x348,wreed@example.org,U.K.,Millerville,18182,2021-11-30
C3643789,Dustin,Fowler,1942-01-28,NULL,001-967-405-4780x167,cole70@example.net,U.K.,Port Ronald,15123,2026-07-21
C1016448,Stephanie,Snow,1955-09-17,M,(889)751-5525x7750,dixonrebecca@example.net,United Kingdom,Port Timothyshire,39210,2022-07-13
C6093659,Sarah,Kim,1987-04-15,Other,866.380.5654x95743,matthew29@example.com,UK,Sandrafurt,99724,Tomorrow
C6324858,Melvin,Marshall,1998-07-03,NULL,229.983.2849x8462,smithrachael@example.net,United Kingdom,Lake Kerri,84542,2023-05-24
C9627572,Eileen,Pacheco,1957-05-20,M,001-402-458-4035,aguilarnichole@example.org,England,East Kevin,78735,2023-08-23
C654149,Michael,Rodriguez,1960-03-29,NULL,795-316-2730x264,jasonmacias@example.com,United Kingdom,New Kathrynfort,99011,2025-03-06
C2520626,Tiffany,Bradley,2001-03-28,F,(576)779-4297,martinpatrick@example.com,United Kingdom,Coleberg,07724,2026-07-23
C450653,Heather,Williams,1951-05-04,F,+1-774-256-1483x173,zmoran@example.com,GB,North Randall,02961,2023-01-21
C2179876,William,Simmons,1991-06-08,F,001-340-789-7665x102,dickersonjeffrey@example.com,U.K.,New Sallyview,07786,2023-12-26
C6318368,Chad,Cohen,2004-06-18,Other,964-719-8535x311,jvargas@example.net,England,North Timothyview,18422,2022-10-07
C1856128,Jim,Smith,1984-08-01,F,775.911.9014,gallen@example.com,England,New Geoffrey,61328,2026-04-19
C6345637,Steven,Terrell,1976-01-02,F,212-801-8252x39715,vanessaknight@example.org,U.K.,Brianport,45747,2024-07-22
C3975370,Maria,Simmons,06-01-1970,NULL,001-761-974-2593,wisematthew@example.com,GB,Annettefurt,86725,2022-03-25
C6356953,Christopher,Davenport,1955-07-07,F,001-721-672-9507x949,davidmurray@example.org,UK,West Lindsay,70651,2024-06-12
C5212747,Michele,Cruz,1937-04-27,F,687-801-7110x5099,thomas52@example.com,U.K.,Brownshire,16017,2023-12-09
C4927856,Erin,Gibbs,1950-09-11,NULL,915.323.4494,brian25@example.org,United Kingdom,Bryceberg,28913,20241218
C3727723,Tammie,Ramirez,1964-02-18,NULL,001-753-718-2739,uturner@example.com,UK,Edwardtown,26246,2023-04-17
C1216118,Allen,Arnold,2003-11-10,Other,6402617770,gonzalezsarah@example.com,GB,Lake Melissa,17730,2025-07-24
C5192499,Phillip,Wilson,1997-09-13,Other,936-227-3736x27015,jamie32@example.org,United Kingdom,Lake Christine,43313,2023-02-12
C9545683,Jessica,Cook,1938-10-13,NULL,734.322.2452x45529,andersonrobert@example.org,England,Kellyview,77102,2026-01-30
C3101828,Latoya,King,2001-08-29,M,655-798-2288x432,paynethomas@example.com,England,North Jacquelineshire,26218,2023-04-24
C6067198,Danielle,Garcia,1962-04-02,F,500.638.6187,qsalas@example.com,England,Reyesbury,42846,2021-09-29
C8014934,Natasha,Thompson,2008-07-06,F,762.254.9893x698,rvalencia@example.net,UK,New Jeffrey,42759,21/10/2025
C6054436,Jonathan,Hall,1952-08-10,Other,+1-502-442-8363x398,atkinsonbrandi@example.com,United Kingdom,North Michaelport,87884,2021-12-04
C1869926,Cheryl,Watkins,Tomorrow,NULL,(689)409-6463,ryanwebster@example.com,U.K.,Lake Bradley,04266,2022-12-05
C1271065,Katelyn,Krueger,1978-02-25,F,(605)287-9426,bwood@example.org,GB,Sierratown,05840,2023-05-03
C4227517,Steven,Cole,1997-10-26,F,001-998-242-7827x61241,steve05@example.net,United Kingdom,Clementschester,50236,2023-05-11
C414960,Jason,Smith,394388935,M,(773)995-5710,christina63@example.com,United Kingdom,Benjaminton,46883,2022-09-04
C3707048,Lindsay,Hendrix,1951-04-01,NULL,(267)221-8655x39155,williamthomas@example.com,UK,South Debbie,07913,2025-03-27
C1134676,Austin,Williams,1941-05-14,Other,(454)900-6863x471,yknox@example.com,England,North John,70711,2026-05-26
C3208549,Kevin,Porter,1971-05-28,F,+1-872-273-7865x48270,james19@example.com,United Kingdom,South Meghan,74892,2025-11-19
C3045686,Brendan,Choi,1965-03-07,F,-,david68@example.org,U.K.,New Matthew,72285,2023-12-27
C1819229,Anna,Mack,1945-03-30,NULL,001-591-419-4943x488,meghansandoval@example.net,U.K.,Dayberg,55595,2024-01-17
C7669120,Lauren,Long,1968-02-13,NULL,943-387-4292x006,sclark@example.com,United Kingdom,Torreschester,43696,2023-09-10
C9088821,Julie,Boone,2000-12-28,NULL,+1-852-267-5488x84546,patrickjerome@example.net,U.K.,Lake Brandonshire,55428,2022-02-17
C5218317,Cory,Gilbert,1957-05-26,F,(719)673-4950,mathispamela@example.org,England,Adamston,17719,2022-10-28
C5196133,Richard,Smith,Yesterday,Other,+1-281-394-8489x873,kathleen24@example.com,United Kingdom,Kyleland,07796,2021-10-04
C6422926,Ashley,Nelson,1951-05-18,F,986-287-0816x1457,glen40@example.net,GB,Bakertown,23420,2025-05-25
C3604009,N/A,Henderson,1994-07-02,Other,001-292-554-7497x87058,williamstara@example.net,England,Port Jenniferburgh,06250,2025-04-04
C1167721,Christine,Patterson,1962-04-15,M,930-966-6154x6336,megan71@example.net,United Kingdom,Emilyberg,77580,2022-12-04
C9685393,Stephanie,Hoffman,2007-12-25,NULL,554-239-2150x7625,justin33@example.net,England,Port Nicoleland,35417,2023-01-30
C1913810,James,Quinn,1993-02-22,NULL,667.758.4128,virginia33@example.org,UK,West Catherine,77952,2026-04-05
C9640236,John,Dickerson,1950-12-11,M,+1-389-799-6150x0597,bakerchristopher@example.org,England,West Kevin,46684,2023-01-02
C4833041,Angela,Wood,1962-08-02,F,798-364-0744,james63@example.com,U.K.,West Diane,69943,2026-01-17
C7363031,Jill,Lee,1938-10-23,NULL,314.482.0061,barbara41@example.net,UK,Esparzaborough,07225,2021-09-03
C8421319,James,Evans,1979-04-14,Other,001-759-623-5509,wgarcia@example.com,U.K.,New Laura,09858,2022-12-24
C9785904,John,Hernandez,1998-09-08,NULL,(274)574-7745x8460,rhall@example.org,GB,West Andrew,50443,2025-02-21
C9987483,Victor,Rollins,1951-01-19,Other,5689753928,marisabentley@example.org,U.K.,East Sarahmouth,39902,2022-03-01
C3045016,Michelle,Barker,1962-11-21,F,282.841.7547x62470,wagnermelissa@example.org,England,West Johnport,07549,2024-09-08
C4589578,Lawrence,Andrews,1994-10-01,M,918.511.0683,charles98@example.net,United Kingdom,Davidside,68338,2025-06-10
C1663844,Megan,,1936-11-10,NULL,001-566-843-8293,dantaylor@example.com,United Kingdom,New Laura,95012,2024-10-25
C5540822,Jennifer,Foster,2001-03-01,NULL,(800)643-5534x435,brett07@example.org,GB,Samuelshire,04847,2025-07-01
C6127963,Angela,Ochoa,1986-03-18,M,(395)254-5123x34137,jeffwells@example.com,UK,North Chad,71375,2025-01-15
C8776943,Mary,Smith,1996-02-01,M,5259479046,vallen@example.com,UK,New Michaelbury,97163,2023-02-13
C6737882,Cynthia,Daniels,1936-08-13,M,530.698.9235,jared41@example.net,U.K.,Torreshaven,27210,2022-06-26
C7558001,Karen,May,1948-03-14,M,001-953-474-7862x131,wleach@example.com,UK,Charlesberg,04490,2025-03-08
C9213742,Todd,Aguilar,1969-04-16,Other,(414)889-7154,ryan19@example.net,U.K.,Garrettville,55029,2022-09-15
C3097754,Brittany,Carter,2006-07-18,M,+1-230-729-4450x620,jonesstephanie@example.org,United Kingdom,Andreatown,99358,2022-05-04
C8360865,Cheryl,Ferguson,1979-03-08,Other,342-463-6864,ianjones@example.com,U.K.,South Charlesland,63859,2025-02-02
C2780073,Steven,Middleton,1952-05-14,NULL,959-914-8286,wgibson@example.com,U.K.,Stephenview,26186,2026-01-04
C2073951,Karen,Harris,1964-11-18,NULL,(923)332-5590x642,campbellkathleen@example.com,United Kingdom,Vazquezside,54380,2022-07-20
C345379,Roger,Barnes,1944-06-06,M,+1-950-252-1397x3166,renee27@example.net,U.K.,Mariochester,23756,2025-09-08
C6343732,Heather,Dorsey,1988-07-12,F,(327)969-2869,pamela56@example.org,GB,Patrickfort,26120,2023-12-26
C8522635,Lauren,Espinoza,1989-08-24,M,976-747-4664,samantha46@example.com,U.K.,Cameronmouth,50539,2026-01-04
C9192722,Michael,Bailey,1996-08-30,F,9902384515,jillmoreno@example.com,United Kingdom,North Derrickberg,74655,2022-06-21
C8749326,-,Morris,1978-02-02,Other,296-401-5191x3922,ashleyroman@example.com,United Kingdom,New Toddhaven,91741,2025-09-09
C1820425,Unknown,Williams,1978-04-02,M,787.282.1050x181,kristinjohnson@example.org,England,Mcmahonton,91047,2025-02-15
C7526607,George,Stout,1991-08-27,NULL,959-862-5848,melissa19@example.com,GB,Stephenside,17216,2022-08-23
C9300295,Robert,Ward,18/06/1974,Other,9594915732,sotopatricia@@example.org,UK,Steeleburgh,57295,2023-02-03
C8772712,Justin,Reeves,1957-07-23,Other,290-867-6756,danabarnes@example.net,England,Reginaldhaven,78803,2024-09-10
C4198502,Julie,Shaw,2003-09-23,Other,729.520.2945x71232,galvarez@example.org,GB,Chaneyfort,26511,20230906
C7792213,Whitney,Mendez,1941-04-24,F,+1-497-763-8362x590,richardharris@example.net,U.K.,Lake Andrea,43354,2024-03-25
C1947501,Bruce,Evans,1981-12-17,NULL,(725)825-8259x445,mitchellmargaret@example.org,U.K.,West Benjaminside,46165,2024-11-08
C860294,Joshua,Mitchell,1966-08-20,NULL,289-536-6519,melindadixon@example.org,UK,Williamburgh,62465,2021-09-18
C5591074,Nicole,Mccoy,1972-10-29,F,2903781935,michaelflores@example.com,UK,Garymouth,45317,2024-04-26
C5689451,Margaret,Salas,1945-05-31,Other,(524)213-4394x04886,boylelynn@example.com,United Kingdom,Martinport,31084,2025-03-27
C6534286,Courtney,Colon,1935-08-09,F,,blivingston@example.com,United Kingdom,Maystad,72981,2025-12-05
C2766986,Betty,Andrews,1995-08-02,Other,001-744-588-0253x3628,julie25@example.org,UK,New Vanessaport,93765,2025-04-20
C7847519,Samantha,Ortiz,1948-04-30,Other,312.383.1356x548,egreen@example.com,UK,East Linda,70127,2025-11-19
C3405347,Nathan,NULL,1956-11-15,F,+1-341-469-2534x4951,cherryedward@example.com,GB,Gregorytown,56077,2022-01-01
C6414162,Kurt,Lee,1966-07-14,F,978-866-9719,odickerson@example.org,GB,North Kelly,62981,2024-10-02
C1384475,Joseph,Taylor,1998-02-05,NULL,(853)683-2624,christopherharris@example.org,UK,Lake Reginaburgh,97791,2024-09-04
C9130404,Andrea,Marquez,1970-05-04,NULL,+1-438-676-1319x562,gregory68@example.net,U.K.,Alexisside,32525,2023-08-23
C6421529,Xavier,Scott,2008-07-05,NULL,449-795-9242x57402,fnelson@example.com,GB,West Brian,91293,11-26-2023
C6611642,Christopher,Phillips,1994-03-26,M,(381)564-9759,pricejoyce@example.org,GB,Samanthamouth,05562,2023-09-04
C8398530,Evelyn,Shea,1976-05-06,NULL,001-843-769-0093x287,zmarquez@example.com,England,East Christopherbury,39278,2023-10-29
C4202633,Trevor,N/A,1955-12-17,F,+1-359-341-7543,glenvaldez@example.net,UK,Sarahstad,82496,2025-12-07
C6672199,Steven,Webb,1974-04-02,NULL,281.605.7480x4618,kathymyers@example.com,GB,North Pammouth,81247,2021-10-27
C3053612,Charles,Briggs,1950-08-19,M,001-219-250-0177x956,saramoore@example.org,UK,Port Kristybury,43987,2026-03-16
C5672376,Christopher,Washington,1963-12-15,Other,(976)368-5240x7768,moodyrobert@example.com,GB,Port Danielle,19016,2022-08-11
C2191282,Holly,Chung,1972-06-05,F,001-636-296-1401x302,kentcraig@example.com,United Kingdom,Changchester,63466,2022-11-30
C6927177,Caleb,Gutierrez,2004-02-25,F,730.338.8350,juanthompson@example.com,GB,New Lindaland,08487,2024-02-19
C6020135,James,Pope,1992-07-05,Other,001-405-259-1583,mmorales@example.org,U.K.,Lake Gregory,48525,2023-10-13
C837389,Tamara,Ayala,1941-02-17,F,403.249.4760x51655,haleymullen@example.net,United Kingdom,North Stevenburgh,70683,2025-06-09
C5178185,Alexis,Brown,1942-12-09,NULL,(906)332-9401,kbell@example.org,United Kingdom,Alvarezfurt,75403,2025-05-14
C7990678,Brian,Lee,1977-04-16,NULL,+1-830-933-4184x1910,valenzuelajames@example.net,GB,Jonathanborough,07225,2026-07-01
C7257707,George,Mendoza,1996-11-16,NULL,+1-201-258-5991x693,elizabeth93@gmal.com,England,West Adam,65725,2022-09-30
C6096797,Regina,Jimenez,1943-07-15,M,+1-718-669-3801x8775,marthajimenez@example.org,England,Shannonport,86287,2026-06-29
C7425226,Sarah,Murray,1948-11-06,Other,001-622-699-8775x8207,laura63@example.org,United Kingdom,West Erikabury,52349,20220331
C2758246,Beth,Harris,2006-04-05,Other,(538)788-8475,tamara49@example.com,U.K.,Stephanieview,56749,2026-07-14
C2679920,Corey,Osborn,1960-10-18,NULL,592-634-3572,dylan08@example.org,England,Port Danielland,95045,2023-03-27
C2880781,Lisa,Todd,1945-02-27,F,456-764-0403x45206,vdyer@example.net,U.K.,Port Tonyaland,90985,2021-10-22
C3069217,Mitchell,Smith,1970-09-08,Other,+1-219-217-8738x36846,wrightjessica@example.net,GB,Lake Amytown,09354,2023-11-04
C9870149,Kaitlyn,York,1957-10-23,NULL,813.569.5729x399,mitchellstephanie@example.org,England,West Crystal,27095,2021-09-05
C6900525,Janet,Rodriguez,1998-03-30,M,(866)317-5659,sharonward@example.net,United Kingdom,West Williamstad,17134,2023-10-15
C4022468,Arthur,Guzman,1937-04-07,NULL,4299262668,xarnold@example.com,GB,Susanmouth,67313,2025-01-24
C4500521,Michael,Lamb,1973-06-16,Other,251.561.5701x850,nicolasmay@example.org,United Kingdom,Christopherfort,49078,2023-09-15
C4715109,Kendra,Williams,1991-11-15,Other,(238)369-0141x8638,hardinggregory@example.org,United Kingdom,Amandaville,66541,2021-10-08
C7132863,David,Henson,2003-01-15,Other,(368)462-2469x165,karen53@example.net,United Kingdom,North Jenniferton,97987,2026-03-17
C3396204,Bill,Johnson,Yesterday,M,841-708-0093x955,lisalynch@example.net,GB,Christineshire,87003,2024-10-04
C2861489,Justin,Brown,1990-11-24,F,(215)574-3718,oreyes@example.org,UK,Lake Michaelmouth,02022,2024-07-17
C2315142,Rachel,Cook,1988-04-29,NULL,(678)347-4341x85456,kevin05@example.org,UK,South Sandrafort,02583,2023-04-14
C5298517,David,Vaughn,1953-09-24,F,504.413.2721x610,zjuarez@example.net,UK,Andersonbury,13794,2024-12-08
C5938289,Thomas,Norris,09-02-1944,Other,516-385-0108x295,jamesevans@example.com,UK,Brownland,31661,2024-03-22
C5477131,Matthew,Cooper,1947-01-17,NULL,+1-806-839-7878x8192,dwaynesharp@example.com,GB,Port Jerryshire,66021,2023-11-15
C5819325,Valerie,Chambers,1988-10-01,Other,001-434-922-1227x6720,frazierharry@example.net,England,Dennisview,86821,2023-03-08
C8614620,Phillip,Fischer,2006-03-13,F,+1-606-536-4834,jon87@example.net,UK,East Eric,07180,2025-11-22
C4356261,Mark,Sweeney,2003-08-25,M,001-675-672-6558,kristinsmith@example.net,United Kingdom,Juliamouth,37422,2024-09-15
C7748460,Rachael,Gonzalez,1994-04-21,M,001-675-261-1463x58424,amandamanning@example.com,England,Garciaville,48703,2025-04-24
C1572254,James,Marshall,1964-01-26,Other,(628)231-8881x08549,reedbrett@example.com,U.K.,South Mitchellside,99162,2023-10-07
C3101054,Keith,Hernandez,1957-10-04,M,3034997670,njones@example.org,UK,West Karenchester,06584,2021-10-04
C7878273,Catherine,Santos,1987-07-31,Other,+1-620-974-5427,edward35@example.com,UK,Lisaborough,35557,2021-11-26
C8426260,Erica,Cook,2006-06-29,M,6167200261,seth82@example.org,GB,Spencerside,56231,2024-07-14
C5799430,Kevin,Smith,1976-11-17,Other,396.492.3955,anthonyjuan@example.com,UK,Donaldberg,81372,2024-08-06
C8253571,Jessica,Barnes,1941-08-21,NULL,(283)794-9125,figueroadennis@example.org,GB,West Holly,06294,2022-08-06
C6483680,Wesley,Hernandez,1993-09-30,F,001-473-846-7066x62271,schmidtjacob@example.net,UK,South Sharonside,67093,2024-01-15
C4410373,Sierra,Avila,1945-12-19,F,643.991.6581x5379,thomasellis@example.com,England,North Kristina,28710,2022-11-14
C9240898,Robert,Beard,1944-07-15,Other,001-941-855-7679,wmiller@example.org,United Kingdom,South Toddville,25129,2026-04-05
C9806335,Donald,Church,1996-01-02,Other,,amy45@example.net,England,Lake Brian,28085,2026-04-27
C1261988,Crystal,Little,1989-06-27,F,+1-499-230-9889x8643,christopherbaker@example.com,GB,New Karenborough,04532,2023-05-12
C9480210,Jacob,Baker,1941-11-29,F,792.580.2023,kellystephen@example.com,England,Lake Justin,95965,2021-11-27
C7374054,Adam,Garcia,1954-02-18,F,001-894-225-6312x088,amanda34@example.net,U.K.,Mcleanton,78688,2022-01-11
C5787365,Angela,Sexton,1951-03-17,Other,001-540-993-5654x9006,daniel57@example.org,U.K.,Dukeside,06466,2023-02-08
C3204337,Audrey,NULL,1967-11-17,NULL,(806)474-3908x484,qbell@example.org,GB,Lake Angelaborough,04863,2022-07-13
C7271332,Anna,Ray,1968-03-22,F,(551)429-1793x60027,smithalicia@example.net,GB,South Leonmouth,17506,2025-01-16
C5611471,Rachel,Avila,1987-07-28,F,303-238-8096,gregoryhicks@example.com,England,East Vanessa,97001,2021-08-12
C6220228,Bonnie,Myers,1988-11-26,Other,886.879.1085x1557,mollymack@example.com,GB,Travisview,58079,2023-04-02
C6039489,Krista,Harvey,1941-07-20,Other,001-596-452-3321x49475,john24@example.com,England,South Stephanie,85664,2024-10-10
C674514,Holly,Russell,1942-09-24,Other,+1-715-489-9028x907,fergusonlarry@example.com,United Kingdom,Shawnborough,49624,2025-05-01
C944441,Joshua,Carlson,1990-07-28,M,(318)358-1596x5310,robert27@example.com,UK,New Sarah,26538,2025-05-16
C7475799,Heather,Wilkins,1946-11-23,M,+1-902-262-5587x92825,chenjames@example.org,United Kingdom,Patriciaport,98182,2025-11-19
C3005571,Gregory,Williams,1962-06-10,F,+1-686-575-7356x538,phillipsrobert@example.org,UK,Thompsonville,41874,2025-01-26
C8447704,Corey,Cox,1997-03-24,NULL,001-711-877-1891x36932,jaredtorres@example.org,UK,New Brianside,54397,2026-01-02
C6160882,Martin,Cruz,1985-05-17,F,(953)449-7669x763,nharvey@example.com,UK,Stevenfort,34806,Tomorrow
C4700593,Peggy,Thomas,1958-03-12,Other,001-830-371-2833x708,wjohnson@example.com,GB,Warrenborough,29007,2023-05-11
C103981,Roy,Miller,1991-04-01,F,(749)706-0158,awilliams@example.net,GB,Perkinsview,26333,2021-09-14
C7653081,Jessica,Keller,13/12/1988,NULL,(941)270-6362x08576,tcooper@example.com,U.K.,Carlborough,50426,2023-02-03
C6081073,Bethany,Cooper,1952-07-11,F,303.365.6041,wjohnson@example.net,U.K.,Shawnstad,57914,2023-09-19
C7051074,Paula,Rodriguez,2005-12-21,F,+1-946-984-9077x280,fgibson@example.com,UK,Davidburgh,30334,2025-05-04
C4550329,Gregory,Lopez,1959-11-29,F,(663)988-0873,cooperhenry@example.org,United Kingdom,West Sethfort,76059,2022-08-11
C9840845,Nancy,Flynn,1955-04-21,Other,(201)486-0683x6481,amber44@example.net,England,Stacyborough,18207,2026-05-05
C3313855,Brandon,Collins,1969-08-06,M,2382770558,lisa13@example.com,England,Lindafurt,92059,2025-07-09
C6295876,Aaron,Smith,1941-12-23,F,001-232-601-5908,qgomez@example.org,England,Chambersborough,99742,2021-12-10
C6176992,Nicholas,Jennings,1966-01-03,M,585.543.6479x659,millerkim@example.com,England,West Stephaniefort,22015,2026-01-22
C4596742,Richard,Jackson,1956-05-18,Other,+1-642-878-6616x0113,kathryn66@example.com,United Kingdom,Martinezberg,05401,03-28-2023
C5133707,Candice,Weaver,1977-12-03,M,411-508-8442,sdavis@example.com,U.K.,Greenchester,96728,Yesterday
C8459183,Ryan,,1983-12-01,NULL,(228)462-9867x379,denise41@example.org,U.K.,New Benjamin,93070,2023-01-04
C2781111,Thomas,Warner,1995-08-26,Other,(434)671-4579,kristen75@example.com,UK,Johnmouth,51935,2022-04-10
C2534774,Corey,King,19970326,M,001-239-405-5331x2545,barnestrevor@example.com,England,Richardbury,48503,04/01/2024
C9416907,Christopher,Arnold,1947-06-24,NULL,248-843-9216,lcruz@example.net,UK,Lake Davidstad,25513,2026-04-23
C5448913,Michael,Elliott,1995-10-24,NULL,205.776.7334x22661,sallyhaney@example.net,United Kingdom,West Jamesburgh,69370,2022-03-28
C8616938,Roberto,Sims,1936-08-08,NULL,873.375.4285x917,kendramarshall@example.com,GB,New Briantown,87479,2022-12-18
C2514846,Stephanie,Mitchell,1970-07-09,F,859-322-7200x1831,castroashley@example.net,GB,New Courtney,68637,2024-04-18
C1782238,Justin,Lowe,1988-07-17,M,(446)368-2942x15285,michaelsingh@example.org,England,New Cynthiabury,89454,2021-11-26
C298652,Matthew,Jordan,2008-02-15,F,212.729.3800,joshua39@example.net,UK,Port Ronaldland,17828,2025-01-15
C8943808,Amanda,Meyer,2004-04-22,M,3889749999,johnnyconner@example.org,U.K.,Philipton,77986,2024-11-09
C2828871,Theresa,Barnes,1940-11-12,NULL,(211)975-7101,mcintoshmelinda@example.net,England,New Holly,83284,2021-10-06
C4120697,Barbara,-,1986-12-05,Other,+1-834-383-3154x46318,todd02@example.org,GB,West Nicholasview,90018,2025-11-12
C2342013,Katherine,Bridges,1974-08-26,Other,+1-492-919-2168x79292,roweamber@example.com,England,Lake Jesseland,07621,2022-12-18
C4061462,Kimberly,Harmon,1976-06-27,M,643-637-7520x0696,thompsonkristy@example.org,UK,Brownchester,13314,2025-12-05
C8857153,Donna,Brennan,1987-02-08,Other,001-300-632-3212x75914,bryan80@example.org,GB,South Rachel,61860,2022-06-04
C3184674,Antonio,Martinez,1963-03-10,M,702.230.9915,dustinfleming@example.org,England,Parkerhaven,08057,2026-01-04
C3193860,Jesse,Lee,1978-04-15,NULL,345-837-5071x94847,patricia23@example.com,U.K.,East Melanie,35569,2026-02-17
C6244303,Kristina,Mathis,1974-01-06,Other,+1-319-938-0189,lbaker@example.com,England,South Andrew,81473,2023-01-26
C3224378,Stephen,Lopez,433236238,NULL,001-767-780-5763x2515,terrydavid@example.org,United Kingdom,Port Dylan,85345,2023-07-08
C791113,Monica,Sampson,1948-11-30,M,(867)577-9968,davidjoseph@example.net,U.K.,New Ginafort,69872,20241127
C8195636,Emily,Rangel,1978-05-12,M,+1-640-633-6762x52007,caitlyn27@example.com,England,West Michael,62048,2022-04-25
C9886354,Regina,Jenkins,1983-06-03,Other,001-400-909-4920x7970,khayes@example.net,UK,Travisborough,25653,2024-02-21
C7179280,Kyle,Hunter,2008-04-23,F,001-374-379-6050x4687,brownseth@example.com,UK,Mcdonaldborough,52543,2025-08-04
C5071402,Joseph,Harrison,1950-01-06,F,+1-927-874-3967,cheryllewis@example.com,UK,Cooperbury,40522,2021-09-28
C4822756,Richard,Logan,2008-05-17,F,880-870-2285x722,michaelhudson@example.com,England,Rachelfurt,60887,2025-06-08
C1533674,Anthony,Reyes,1961-02-25,NULL,+1-808-342-8633,mcguireamy@example.org,UK,North Laura,35139,2023-05-08
C4597034,Melissa,Klein,1965-09-28,NULL,897.999.7705x142,richardsonvictoria@example.com,U.K.,South Nicholasville,64726,Yesterday
C4394463,Kevin,Long,1943-02-14,NULL,+1-614-807-7445x2673,nbell@example.net,U.K.,North Deannastad,57952,2026-08-03
C3016594,William,Davis,1955-01-23,Other,001-365-792-2724x796,ublackburn@example.com,GB,Hinesmouth,86023,Tomorrow
C4997478,Robert,Boyd,19480320,NULL,681-577-7133x182,aclark@example.org,GB,New Brian,03309,2023-09-03
C1872431,Christine,Smith,1983-08-02,F,+1-461-237-2814,meadowsgloria@example.net,England,Lake James,10026,2024-04-05
C5373577,Eric,Smith,1943-07-10,F,(226)994-6587,diana70@example.com,GB,East Courtney,72950,2023-02-09
C5365574,Richard,Hughes,1970-12-13,Other,+1-559-435-0585x2630,jschmitt@example.com,UK,New Sara,90824,2022-07-10
C7707587,Nicole,Davis,1960-03-27,F,817.930.5932,kimrobert@example.org,UK,South Heatherton,02949,2026-05-02
C6477821,Brian,Johnston,1963-03-17,M,(473)710-7020,rporter@example.com,United Kingdom,Lake Carlaberg,17342,2024-04-06
C7698090,Kevin,Grant,1964-09-24,NULL,221.310.7279,tinamartin@example.org,England,Port Luis,40701,2022-11-01
C1440603,Melissa,Anderson,1942-04-06,M,2768275263,samuelbradley@example.org,UK,Castrochester,22471,2023-01-09
C19453,Sarah,Evans,1978-01-30,M,(856)247-3909x118,annette45@example.net,England,New Timothy,15408,2025-09-24
C9843442,Angela,Charles,1957-08-15,F,721-394-7342x758,mholmes@example.org,U.K.,Larryburgh,68056,2022-01-02
C8688745,Christopher,Morrison,08/10/1978,M,4229836334,williamperkins@example.com,UK,West Patrick,69806,2025-10-07
C5979692,Patrick,Velazquez,1945-07-25,Other,975-516-6430,taylorbrown@example.org,England,New Caleb,65555,2025-01-02
C4005530,Joshua,Brown,1942-04-12,NULL,001-315-679-9713x815,reillyheather@example.org,England,Lake Stephanie,93886,2023-11-04
C9882716,Jason,Cline,1943-10-15,NULL,2178732592,cory29@example.org,GB,Chaseview,82204,2022-04-14
C3179016,Sharon,Heath,1960-08-08,NULL,517-443-2173,ymyers@example.org,GB,West Angelaport,49285,2022-01-29
C9161374,Timothy,Cox,1964-05-07,M,(309)950-6135,mirandajames@example.com,England,Ramirezburgh,44211,2023-10-29
C1034124,April,Jacobson,1955-03-22,F,+1-538-938-3133,robinsondennis@example.net,UK,Amandatown,79862,2022-03-03
C1649856,Daniel,Montes,1965-04-27,NULL,(857)474-3949,rachel82@example.org,U.K.,Glassbury,56856,2022-10-11
C9783723,Richard,Barnes,1978-10-14,NULL,544-208-0238,xsmith@example.net,United Kingdom,Lake Kelly,64920,2026-08-01
C5858604,Christopher,Foster,2002-09-10,Other,774-642-1139x353,victoriaanderson@example.net,UK,New Rebecca,70823,2023-09-05
C4961262,Ana,Williams,1937-10-07,F,001-639-799-6772x820,ymiller@example.com,U.K.,North Jasonside,64631,2021-08-16
C2365945,David,Ortiz,1944-11-23,NULL,602-353-8246x1839,halecassandra@example.net,UK,Andrewburgh,20427,2025-12-10
C9026792,Sharon,Brown,1943-11-19,M,2162299256,millshannah@example.com,U.K.,Lake Kelly,54531,2022-01-30
C4844551,Matthew,Willis,1951-07-26,NULL,+1-981-751-7346,erodriguez@example.com,U.K.,Rogersmouth,32431,2025-08-08
C1272967,Charles,Paul,1952-07-08,M,2187704966,tricia56@example.net,UK,Lake Jennifer,34212,03/08/2022
C623879,Kristen,Cooper,1938-07-20,Other,771-812-1876,daviddurham@example.org,United Kingdom,Martinfurt,66737,2022-05-22
C1965938,Kelly,Garza,1939-09-25,NULL,+1-278-575-2575x7594,paulfloyd@example.net,UK,Anahaven,15194,277507705
C5935882,Gina,Green,1957-04-26,NULL,(731)508-6751x651,castanedasandra@example.com,England,Cesarchester,54839,2026-03-22
C8847300,Erica,Thomas,1938-11-12,NULL,+1-844-408-9563x91764,michaelowen@example.net,GB,New Alyssa,55486,2022-09-25
C3341303,William,Gross,1949-06-03,NULL,(531)431-5497x1542,jacksonlaura@example.org,England,North Debraton,64953,2025-04-06
C338720,Joseph,Shepherd,24/10/1952,F,729.245.2121x170,welchlinda@example.org,England,Lake John,34491,20250715
C3580193,Roger,Finley,1973-10-21,F,689.731.5529x46298,jcarter@example.com,United Kingdom,Meganport,97269,2025-05-07
C7163608,Edward,Rice,1973-11-24,Other,240-234-7870x2991,pamelamcmahon@example.org,U.K.,Ayersville,04499,2026-05-11
C9576900,Stephanie,Petersen,1956-09-05,Other,760.451.5879x558,peterjackson@example.com,GB,Jacksonmouth,25454,2025-01-09
C868147,Brandon,Mitchell,1976-08-25,NULL,675-537-8393,bradley18@example.com,England,Harrisonmouth,45388,2023-09-23
C1273569,Tracy,Wolfe,1965-06-02,NULL,(913)272-5030,donna92@example.org,UK,Jodichester,35751,2025-03-15
C3551636,Katherine,Thomas,1983-03-27,M,737.802.6827x6125,bradley67@example.net,England,South Jessicamouth,54968,2026-06-24
C5960264,Daniel,Robinson,1963-06-24,F,623.677.5710x5338,johnsonpamela@example.org,England,Davidstad,53815,2026-03-18
C4431611,Dawn,Cooper,1954-01-22,M,310.231.5992x306,gfleming@example.org,England,East Barbaramouth,85147,2021-11-16
C133634,Bobby,Thomas,1994-03-15,M,001-389-466-2055,christopherprice@example.net,UK,East Georgeville,05346,2021-10-12
C3708715,David,,1962-02-19,NULL,875-240-1243x9013,portertimothy@example.com,England,Goldenborough,64421,2024-10-04
C5072597,Jose,Jones,2008-06-28,F,555-806-8376x227,patrick75@example.org,GB,Lake Michael,25413,2022-03-16
C2456957,Teresa,Berry,1942-12-02,F,001-299-680-9015x979,silvapatrick@example.com,UK,West Christineville,57552,2025-02-06
C5227267,Charles,Brown,1945-03-08,M,359.475.0998x42867,mitchellryan@example.net,UK,Port Charlestown,07608,2025-05-28
C4711299,Matthew,Hughes,1957-09-09,NULL,,millerchristie@example.net,England,Pamelafort,72031,2022-04-27
C8076394,Johnny,Durham,2008-04-14,M,001-455-668-6937,reeveskristin@@example.net,GB,West Sheliaburgh,26942,2023-07-01
C4962878,Sherry,Church,1985-07-16,NULL,001-609-310-4911x257,jacobsteele@example.com,U.K.,Victoriaview,83676,2022-12-23
C5069798,Denise,Knight,1993-07-21,M,8706744497,xhill@example.org,GB,Lake Russellville,82306,2025-02-11
C6376377,Alyssa,Brown,1945-10-03,NULL,947.200.1302x2936,michaelgarcia@example.org,United Kingdom,Angelaton,43985,2021-12-21
C2992778,Nicole,Hernandez,20030225,M,798-830-3654x46398,aprilmcdonald@example.org,GB,Stanleyland,09756,2024-10-01
C6629766,Crystal,Johnston,1945-08-09,F,6989154469,fweaver@example.net,England,North Tiffany,24029,2026-01-18
C3953759,Joseph,Miller,1987-02-22,Other,(942)506-7525,zwilliams@example.com,GB,Mcdanielmouth,57912,Tomorrow
C4267416,Connor,Myers,1972-08-11,Other,922-820-7297x01072,woodphillip@example.net,UK,East Christopher,80217,2023-07-16
C1912850,Cassandra,Walton,1976-08-02,Other,(953)692-3724,jallen@example.net,England,Chadland,20242,2023-04-14
C4694380,Shawn,Diaz,1940-10-31,F,001-929-862-7220,nicholasallen@example.org,GB,North Ryan,83243,2025-01-30
C4372458,Brian,Ryan,1944-06-13,M,857-566-8866x785,anthonyobrien@example.net,U.K.,Christianburgh,37786,2023-01-30
C9394488,Laura,Jensen,1965-07-02,NULL,504.669.7904x427,amanda42@example.org,England,Kevinville,36985,2023-09-10
C5580852,Jacob,Pitts,1973-10-18,Other,327.945.0612x998,hollandjames@example.net,U.K.,New Theresaberg,15906,2023-03-16
C8501021,Sandra,Harris,1943-08-17,Other,+1-882-624-1083x5554,judith66@example.net,England,East Andrewberg,85226,2022-09-19
C6319921,Robin,Mendez,19970923,Other,001-398-226-9020x681,millerjamie@example.org,UK,East Justin,72088,2023-06-17
C6267628,Brent,Proctor,1946-05-11,Other,375.325.0185x812,davidgarcia@example.com,UK,South Carriemouth,28991,2025-12-19
C5816139,Melissa,Clark,1987-05-14,NULL,789.256.5831,stephanieharrison@example.org,GB,Sabrinaport,70122,2026-04-07
C3820045,Daniel,Kennedy,1950-08-05,F,+1-408-394-7765x424,nhawkins@example.com,U.K.,Garciaville,31665,2024-11-18
C2799221,Louis,Curry,1936-07-02,M,+1-929-401-3151x6445,xmartin@example.com,England,Karinaport,07850,2021-09-14
C1926773,Paula,Carr,1952-04-05,Other,+1-581-744-9356x9321,acostajoshua@example.org,United Kingdom,Port Angelatown,50772,2022-10-30
C3017843,Joseph,Ruiz,1966-09-04,Other,349.793.5382x404,parkerdiane@example.net,U.K.,South Joe,86006,2025-07-22
C3348091,Ann,Johnson,1963-06-13,Other,915.340.8698x840,michaelshepherd@example.com,England,Pattersonburgh,61303,2025-08-17
C4079586,Jason,Wright,1958-06-22,F,977.515.3220x771,lindsay46@example.org,England,Parksfort,68647,2024-12-31
C4097285,Daniel,Gutierrez,1983-08-11,F,(864)713-0791,smithjames@example.net,GB,Walkerfurt,10492,2025-07-21
C3405293,William,Jones,1936-08-07,F,689-934-6608x494,colton79@example.org,U.K.,Matthewhaven,52203,2025-05-02
C9331692,Alyssa,Kelly,1979-11-06,Other,+1-763-209-6187,martindavid@example.org,United Kingdom,Phillipsbury,47244,2025-10-10
C2679689,Joshua,Allen,1994-07-11,M,001-537-960-3704x449,anthonymiller@example.com,U.K.,West Chad,08082,2026-05-08
C5630079,David,Taylor,2006-01-21,M,(371)442-8659x19327,joshua65@example.org,England,New Andrewport,42174,2024-06-24
C6245626,Michelle,Washington,1970-03-14,F,+1-367-833-7407x054,dcampbell@example.org,England,Laurenside,71383,2023-08-06
C9631926,Patty,Marquez,2007-09-12,NULL,360.292.8202x42495,stephaniemiller@example.org,UK,New Lancefurt,56353,2026-04-03
C7680571,Colleen,Coleman,1953-02-05,M,+1-354-633-2701,kingjeffrey@example.org,UK,Barbaraville,96803,2021-11-14
C4129440,Jessica,Smith,2005-06-08,F,+1-277-921-0240x324,matthewreese@example.net,GB,Laurabury,77416,2024-11-28
C4029433,Nicholas,Summers,1941-08-03,NULL,486-552-2606,meredith18@example.com,England,Perezbury,30592,2025-02-06
C2853214,Albert,Edwards,1964-03-04,F,+1-947-749-7113x02574,nicole96@example.net,United Kingdom,New Meganville,23944,2023-11-26
C1907805,Cheryl,Bauer,1992-05-07,F,+1-794-209-4101x0253,ophillips@example.net,UK,New Paul,44710,2023-02-17
C7693047,David,Waters,1949-02-14,F,407-748-6249x0003,brandonvelasquez@example.org,GB,East Jessica,58392,2021-10-28
C9383243,Victoria,Cruz,2004-02-13,F,(794)926-9205x3545,fadams@example.net,UK,Lake Jenna,97174,2022-05-24
C4166958,Julie,Lynch,1966-12-21,NULL,484-544-8452x14407,lewissteven@example.com,UK,New Nicoleberg,08555,2021-10-10
C3566339,Alan,Brown,1952-04-06,NULL,001-706-610-6456x18249,porterdylan@example.net,UK,Marcport,60717,2024-04-06
C3400182,Cody,Morse,1983-12-20,M,(210)477-9930x33124,brewerdavid@example.net,U.K.,West Adam,26691,2023-03-23
C823373,Ashley,Wade,2008-03-14,M,393.347.8038,carol85@example.org,England,New Anthonyside,33315,2024-05-29
C8534521,Michael,Nolan,1978-01-26,M,001-650-242-2620x37818,nicolebennett@example.org,UK,Lake Robertville,22221,2024-10-30
C9166240,Julie,Walker,2005-08-02,M,(363)320-7555x48884,ihamilton@example.org,United Kingdom,Bennetttown,38143,2022-07-26
C7318936,Cathy,Richmond,1966-11-02,NULL,866.786.8950,michaelvelez@example.com,United Kingdom,West Rachelmouth,06941,Tomorrow
C1567618,Danielle,Hess,1966-04-08,M,(653)828-4701x6781,trobinson@example.net,GB,New Kelly,56021,2023-11-04
C7793190,Jade,Wyatt,1940-12-26,M,410-875-4170,murraykristin@example.org,United Kingdom,Blairburgh,43611,2026-07-29
C8943650,Melissa,Potter,1976-08-30,NULL,(897)202-3860x5872,blackwelljulie@example.org,England,Shelbyton,42497,2023-03-09
C2850286,Cheryl,Gonzalez,1963-01-27,Other,+1-588-562-6455,qjones@example.org,GB,Christopherton,52367,2022-02-17
C5116360,Michael,Mclaughlin,1936-04-28,M,001-548-376-3590x8047,ovargas@example.org,U.K.,New Jorge,04776,2022-11-03
C2994849,Stacy,Harper,1990-06-25,F,521.982.9637x11543,robinsonmitchell@example.net,United Kingdom,Jamesside,56765,2025-11-16
C8563348,Jeffrey,Walker,1956-12-31,NULL,356-553-0982x772,perrynicole@example.org,UK,Nguyentown,90147,2023-03-03
C6761426,Jasmine,Hernandez,1958-08-27,F,001-615-245-7421x2073,framsey@example.net,GB,Port David,03239,2022-01-09
C1480316,NULL,Johnson,1961-09-20,Other,977-863-7372,igarcia@example.net,United Kingdom,New Staceyborough,82344,2023-12-15
C2724465,Mark,Ortiz,1953-12-02,M,466.226.0915x5050,masondarren@example.com,UK,Lake Steven,32936,2021-08-18
C2966743,Rebecca,Atkins,1950-07-18,F,846-363-7806,robinsonchristopher@example.org,U.K.,Montgomeryville,69836,2026-05-01
C1530000,Patrick,Smith,2004-11-22,Other,+1-356-364-6691,mitchellgregory@example.com,England,East Samantha,21674,2023-10-29
C3204019,Joseph,Ruiz,2008-06-03,F,506.497.8657x48490,mirandaward@example.net,England,East John,64936,2023-04-15
C2122541,Kevin,Cross,1990-05-09,NULL,NULL,lauren22@example.com,United Kingdom,Bryanshire,71483,2023-06-27
C8587036,Natasha,Watson,1966-03-21,Other,435-403-3517,jennifer14@example.org,England,New Erin,99337,2024-04-10
C9930037,Stacy,Gonzalez,1989-06-01,F,285-852-0036x400,nichole31@example.net,GB,South Samuel,38229,2023-04-01
C3610996,Joshua,Lloyd,1987-03-22,M,+1-289-514-7869x579,pruiz@example.org,England,Mccormickland,16591,2025-04-03
C4952247,Kimberly,Smith,30/12/1955,Other,971.879.5671x301,virginiagonzalez@example.com,U.K.,East Joann,20588,2021-10-04
C5183181,Michael,Perez,1989-10-04,F,(531)567-9270x080,scottturner@@example.net,GB,North David,59790,2025-08-25
C9381220,Vincent,Holt,1977-02-21,F,945-369-3377,sandra57@example.net,GB,East Jamesberg,04406,2025-03-27
C718278,N/A,Nelson,19411114,F,790-365-4575,jamesross@example.com,England,New Manuelburgh,65213,2023-03-16
C7295762,Thomas,Pacheco,1952-01-11,Other,001-558-684-6242x544,brandonellis@example.net,United Kingdom,Lake Jamesmouth,44558,2026-03-05
C6824923,Jesus,Gibbs,2008-03-18,NULL,(587)841-2773,daniellemorgan@example.com,UK,New Nicholasfort,93563,2026-02-06
C54336,Nichole,Silva,2006-08-05,NULL,+1-955-807-0446x7816,robertspaige@example.com,GB,West Annchester,84638,2024-11-11
C7805727,Justin,Cherry,1955-03-23,F,(571)713-6877x69749,crystalharris@example.net,United Kingdom,Jasmineview,41456,2023-12-24
C2946893,Morgan,Brady,1991-01-02,Other,(369)796-8464x1473,hmartin@example.org,United Kingdom,East Meaganfurt,78707,2023-04-23
C332911,Rebecca,Perez,1991-05-05,M,987.828.6444,estesangela@example.com,United Kingdom,Jamesborough,99786,2022-12-13
C1227239,Christine,Clark,1974-07-01,NULL,4516966445,michaelbooker@example.org,United Kingdom,South Royland,94779,2025-09-15
C8803139,Andrew,Keith,1978-06-07,M,434.932.4693,olivingston@example.com,U.K.,Port Christineport,39505,2021-12-16
C20781,Robert,Wagner,1991-02-22,Other,001-437-444-9104,drakeanthony@example.com,UK,Jessicaland,34077,2022-10-30
C2751820,Eric,Anderson,1966-06-01,F,(755)621-5076,castrostacey@example.com,United Kingdom,West Gary,90714,2022-04-04
C6560678,Brandon,Eaton,2001-10-15,Other,5786490553,zpotter@example.org,England,Sharonton,40564,2026-06-30
C582860,Eric,Kennedy,2002-12-29,NULL,470-910-1517,joannejohnson@example.org,U.K.,Rhodeshaven,63871,2022-02-04
C8771326,Alison,Villanueva,1984-10-09,Other,484-273-4344x16945,alexander41@example.com,England,South Chadburgh,19545,2025-06-06
C8639913,Stefanie,Day,1966-09-24,M,,jmcdowell@example.com,GB,Teresastad,57210,2023-01-10
C6257197,Jamie,Vasquez,1971-04-30,NULL,+1-477-557-7504,alexander87@example.com,United Kingdom,Bushburgh,64201,2022-05-03
C5547327,,Guerrero,1960-05-26,F,(558)304-9857x875,sandrafleming@example.org,GB,Port Mark,04040,2024-10-13
C7318864,Nathan,Rodriguez,1952-04-25,M,409.361.5673x233,lisa71@example.com,UK,Lake Henryview,77771,2023-12-29
C9657623,Rachel,Sanchez,2005-12-29,F,986-380-4832,cmiles@example.org,UK,Kimberlychester,12145,Yesterday
C2037947,Unknown,Nguyen,1987-01-14,M,953-647-8986x828,samuelchan@example.net,GB,Guerrerobury,07875,2025-04-24
C9409984,Derek,Schmidt,1953-08-22,F,001-210-623-6527x417,alexanderrice@example.com,England,Gordonstad,46892,2023-11-21
C2574580,Robert,Nelson,1990-04-16,M,(727)290-8087x65055,wsmith@example.net,U.K.,Schmidtchester,58345,2022-06-03
C8795164,Jackie,Brown,1990-07-25,F,(880)537-7757,hilljamie@example.org,UK,Johnsonborough,70142,2021-12-14
C7078870,Brenda,Robinson,1981-07-08,NULL,933-718-5356,montessonya@example.net,GB,Lake Catherine,27024,2022-02-28
C2877454,Donna,Clay,1986-05-21,F,001-868-288-6732x736,dean73@example.net,UK,Victoriamouth,36408,2025-03-13
C9638101,Carol,Franklin,1958-08-30,M,411.867.3196x0367,gwatson@example.org,UK,Samanthaview,40615,Yesterday
C4688223,Jared,Garrett,1992-09-08,M,001-795-980-5079x6732,karl33@example.org,GB,North Julia,39338,2023-01-24
C2240139,David,Hardy,Yesterday,M,898-306-8389,daythomas@example.com,U.K.,Cruzstad,55747,2025-01-05
C1428847,Robert,English,1961-07-21,F,001-944-277-0810x57224,cobbapril@example.org,UK,North Keith,78373,2025-05-31
C9320389,Mason,Martin,1984-09-08,M,+1-852-514-0974x357,laura16@example.org,UK,Lake Amanda,49927,2026-07-17
C5411501,John,Cohen,1958-12-21,NULL,507-314-7603x489,patriciarusso@example.com,U.K.,West Christopherchester,08900,2023-10-10
C5324546,Cody,Bell,785054770,F,001-761-309-9172,patricia02@example.net,GB,Lake Alexanderton,78261,2022-10-09
C8687628,Kimberly,Lee,1942-11-01,Other,+1-396-614-0592x8170,wjones@example.com,United Kingdom,East James,06605,2022-09-01
C1029439,Elizabeth,Charles,1970-07-02,Other,856.519.4012x186,curtisjennifer@example.com,England,Robinland,43533,2026-03-31
C1635450,Kevin,Davis,1956-05-08,Other,443-929-4945x64571,gary64@example.com,GB,Stevenburgh,33259,2023-11-16
C7076517,Jennifer,Peterson,1948-12-02,NULL,414.427.9323x9684,ashleyspears@example.com,United Kingdom,Deniseburgh,19177,2026-06-28
C8395412,Joel,Flores,1997-03-21,NULL,001-504-362-4711x59359,kennedyallison@example.net,U.K.,Lopezburgh,59412,2025-10-05
C2379172,Deanna,Murphy,1953-06-12,NULL,001-364-444-9086x4539,suarezcarolyn@example.com,England,Calebmouth,39333,2022-04-16
C8682667,Lee,Stephens,1979-02-14,M,+1-774-801-0469x93813,richard91@example.net,UK,Scottborough,21919,2023-03-13
C4922858,Tanya,Fuentes,2005-06-23,NULL,889-979-3893x3403,awilliams@example.net,UK,Keithport,29395,2022-09-07
C4065428,Angela,Moyer,2000-03-24,F,634.422.1288,toddowens@example.net,United Kingdom,Port Levi,48721,2025-12-11
C9000242,Joshua,Howard,1951-04-03,F,391-400-5522x515,bryanchristopher@example.net,GB,South Stephanie,30370,2021-10-09
C6609591,Debra,Kramer,2000-05-31,F,661-844-9387,peter26@example.com,United Kingdom,Port Jacobbury,88106,2023-04-16
C1567290,Nicholas,Martinez,1978-01-15,M,001-425-316-4628x8507,markpowers@example.net,England,Sheppardfurt,98934,2021-11-02
C812380,Whitney,-,1952-02-23,F,(796)238-3152x529,yhood@example.org,U.K.,New Paul,60965,2025-09-24
C3849395,Jennifer,Turner,1994-04-29,M,001-628-416-8991,lance96@example.com,GB,Joshuaborough,07318,2026-04-25
C7498510,Michael,Carroll,1979-07-02,F,001-253-653-5796x580,rebecca99@example.org,U.K.,West Carla,66626,2023-03-03
C9651251,Luis,Mora,1976-01-07,Other,+1-245-692-0728x6063,mikaylascott@example.net,U.K.,Phillipsmouth,22923,2025-09-10
C2239628,Jessica,Jarvis,1968-05-02,F,525.268.2829x251,bblackburn@example.com,UK,Port Joshuafurt,38213,2023-11-22
C5367888,Laurie,Gray,2000-01-07,F,5493697620,johnny50@example.org,U.K.,South Susan,90395,2026-07-23
C8536121,Ronald,Unknown,1984-08-19,Other,+1-601-392-8655,danamoore@example.com,GB,Joshuamouth,11366,2026-01-12
C1640329,Jill,Johnson,1964-03-14,NULL,572.603.9609,emily42@example.org,U.K.,New Mariastad,37321,2021-10-19
C5459067,Dalton,Maldonado,04-23-1966,M,663.773.2703x031,millerglenda@example.com,UK,Port Shane,38535,2024-12-30
C3135668,Sierra,Williamson,2008-01-16,NULL,260.876.2758,iwilliams@example.net,United Kingdom,New Sheri,31485,2022-03-12
C43716,Mario,Lawson,1954-01-23,F,212-825-5538,lisa63@example.org,UK,West Jennifer,28475,2024-08-17
C3785484,Edward,Ayers,Tomorrow,F,+1-295-501-1238x6022,samanthagraves@example.net,England,West Donnaview,50616,2023-10-02
C5544269,Charlotte,Daniel,1993-04-13,NULL,(482)203-4846,robertdecker@example.net,England,West Christopher,18036,2024-08-22
C8942292,Eric,Owens,1965-03-04,Other,8584236775,abigail77@example.org,United Kingdom,Anthonychester,99299,2025-09-11
C2389684,Ricky,Brennan,1944-04-15,Other,(274)718-9208x107,jbrown@example.net,United Kingdom,West Justin,29976,2023-01-28
C6113271,Emma,Pierce,1999-10-14,F,8069304615,paula49@example.net,England,Smithhaven,46781,2024-07-06
C2445539,Chelsea,Oconnor,1989-08-21,M,5716311207,jamesnicole@example.org,U.K.,East Alejandra,31325,2022-02-23
C3352923,Tracy,Morris,1997-08-29,Other,553.971.8042x99922,dennis46@example.com,U.K.,Nicoleland,60348,2023-12-26
C1697760,Michael,Weber,2002-07-28,Other,8354075615,amymyers@example.net,England,Holmesstad,37094,2022-06-20
C9446001,Cynthia,Lamb,1954-01-24,F,001-275-317-3230,charles66@example.net,UK,Autumnville,19002,2023-02-22
C7376678,Unknown,Webb,1956-05-21,M,001-973-377-3579x62232,olivialin@example.com,U.K.,Port Brendaborough,32119,2024-04-12
C8550058,Samantha,Young,1971-07-11,M,555-238-9059x01601,rebeccadelacruz@example.net,United Kingdom,Santiagohaven,06015,2025-04-10
C8004199,Tina,Rogers,1981-07-14,F,765-738-3750,angelduncan@example.org,GB,Collinsmouth,62368,2023-06-13
C7716758,Lori,Mclaughlin,1943-01-06,F,+1-926-303-2402x18112,jasonanderson@example.org,UK,West Melissaburgh,68778,2021-09-11
C2192535,Brandon,Cole,1972-05-21,F,454.264.2710x40881,robin62@example.com,United Kingdom,Jonesberg,32635,2022-09-22
C3581411,Meredith,Young,1994-04-15,F,+1-476-823-5733,jameskent@example.org,United Kingdom,Lake Brianfort,21997,2023-01-21
C8371455,Jennifer,Hanson,1971-10-30,F,+1-902-519-8732,perickson@example.org,U.K.,East Monicafurt,35753,2022-08-29
C477517,April,Mathews,2006-05-01,M,727-588-9878,dorothy81@example.org,UK,Peterschester,15064,2023-07-30
C9752771,Anthony,Patterson,1981-08-21,NULL,566-351-3035x95647,darrellwilliams@example.net,GB,Port Shannon,92952,2023-05-02
C6629046,Wendy,Jacobs,1973-02-11,F,467.242.2865x0945,adamsteresa@example.com,GB,Ericaburgh,81616,2025-12-09
C4749257,Taylor,Miller,1996-10-03,F,(738)351-4445x836,joshua30@example.org,England,North Stevenshire,07457,2021-09-13
C1598704,Lindsay,Duncan,2002-10-26,NULL,449.859.2709x17170,obaird@example.org,U.K.,South Amyville,88991,2024-11-09
C2565934,Janet,Miller,1997-06-01,M,+1-643-959-8192,heathermoore@example.org,U.K.,Blairberg,69900,2026-01-12
C6907479,Travis,Mitchell,1939-09-04,Other,+1-807-942-9677x95657,nicholascampos@example.net,England,Weissbury,81275,2022-10-12
C5379556,Timothy,Anderson,1954-09-11,NULL,997.630.2739x12732,andersonadam@example.org,UK,Michelleville,13762,2026-08-02
C9718032,Mercedes,Frey,1956-09-07,F,001-971-739-2807x442,jesus02@example.com,United Kingdom,East Maureen,83674,2024-08-17
C7256705,David,Campbell,1953-06-28,M,NULL,clarkmorgan@example.com,U.K.,North Johnshire,22215,2024-06-09
C3743060,Kevin,Martinez,1965-05-17,Other,(239)466-0676x040,ewarner@example.net,United Kingdom,New Joseph,01816,2023-01-13
C1771494,Christopher,Maldonado,1966-02-25,F,889.839.5938,wmyers@example.com,England,West Ashley,59445,2022-06-06
C2255562,Joseph,,Tomorrow,F,877-899-1403x61681,jamesroberta@example.org,England,East Andrew,11247,2024-10-23
C517526,Traci,Martin,1981-11-05,NULL,+1-216-475-6177x878,jacobjennings@example.org,GB,Davisburgh,24140,2025-04-10
C8815589,Michael,Ray,1944-07-16,M,,pricemeredith@example.org,GB,Lake Lukeside,06000,2022-04-23
C5922190,Jeremy,Bush,03-23-1964,F,(395)706-9663x5957,dorseydavid@example.org,GB,Hudsonfort,67400,2025-08-24
C7643845,Steven,Powers,1954-10-07,M,001-669-761-1353,paulalewis@example.com,England,Robersonborough,50528,2021-10-30
C1747647,Cynthia,Silva,1963-06-20,F,001-670-877-3674x981,frazieralan@example.com,UK,Waynestad,76320,2022-03-23
C1959850,Michael,West,1964-04-04,Other,+1-374-247-4767,dnovak@example.org,United Kingdom,North Nancyfort,74425,2025-06-30
C9291283,Shannon,Frey,1974-02-14,M,(509)659-6571,fernandoconley@example.com,England,Thomastown,72302,2024-03-29
C6951349,Rachel,Boyd,1960-03-16,F,(480)982-6536x875,smithjoe@example.com,U.K.,Mariaville,98519,2024-04-06
C3212568,Wendy,Becker,1966-11-23,M,579.487.8422,gonzaleslisa@example.com,England,West Stephenside,59005,2024-02-17
C5747355,Unknown,Rice,06-24-1976,M,+1-488-483-6282x18457,hannah96@example.net,GB,Montgomeryborough,60902,2021-11-17
C9008971,Jeffrey,Sosa,1955-01-29,NULL,938-253-3108,ycook@example.com,UK,Nicholsburgh,01874,2026-07-17
C8303716,Erin,Anderson,1995-08-11,F,8557940996,halejulie@example.org,U.K.,Lake Wesley,31186,2021-08-24
C5747529,Patricia,Perry,1967-03-24,NULL,001-512-301-7472,vbooth@example.com,England,New Ryanmouth,13396,2023-01-22
C1785658,Breanna,Holt,1968-09-14,F,697.932.6815,anthony79@example.org,England,South Dustinport,41017,2025-03-28
C1625855,David,Mcknight,1986-03-27,F,(403)673-3798,edavidson@example.net,England,New Bethanyshire,64704,2024-10-09
C9577781,Nancy,Bradshaw,1993-09-05,M,(920)626-9129x74672,sjones@example.net,U.K.,New Matthewside,09077,2024-04-04
C8972172,Brandon,Dominguez,1978-01-05,Other,4092224277,taylorlinda@example.com,GB,Port Ronald,15532,2023-03-21
C8588564,Timothy,Humphrey,1945-06-20,M,926-574-1906x9321,stevenanderson@example.org,GB,Jarvisview,40474,2022-07-14
C7600216,Courtney,Brown,1970-08-26,NULL,664.570.5470x2817,justin63@example.net,UK,New Kendramouth,98803,2022-07-09
C6581153,Thomas,Gomez,1998-03-16,F,(393)845-8506,edward28@example.org,England,Huynhburgh,16297,2024-11-20
C5176853,Adam,Barnes,1996-05-07,M,(203)803-8280x94876,pjones@example.org,United Kingdom,South Raymond,87962,2023-04-22
C8397185,Hannah,NULL,19811003,Other,361-797-7770,nnguyen@example.org,United Kingdom,Millertown,38117,2022-09-20
C6041264,Brad,Munoz,1973-08-03,M,(986)738-4400x64456,morgan78@example.org,UK,Port Danny,77383,2022-02-05
C6976053,Randall,Spears,2001-04-20,F,+1-691-624-0450x80872,brittney43@example.org,UK,Nguyenhaven,01116,2023-06-28
C8975651,Jillian,Ford,1964-10-21,M,3532332426,frichardson@example.org,UK,West Lisaberg,75909,2024-02-23
C597438,Pamela,Fischer,1948-06-06,Other,(930)406-3280x156,kendra39@example.org,U.K.,East Williamside,36782,2022-10-26
C7568306,Angela,Frank,1971-05-17,M,972-659-1487x958,chelsea16@example.org,U.K.,Port Eileenchester,37187,2026-05-28
C721958,Jennifer,Green,1984-05-27,F,001-672-428-0117x361,camposkelly@example.org,GB,Hernandezburgh,12255,2021-08-29
C7929374,Kathleen,Smith,1972-01-10,M,001-953-738-5458x581,williamhooper@example.com,England,Lake Philip,78982,2023-03-22
C9460343,Nathan,Castro,1947-06-02,F,954.867.3713x232,madison12@example.com,United Kingdom,Bakerhaven,86161,2022-04-07
C9004578,Jonathan,Woods,1977-05-24,Other,851.325.8135x02046,sandragray@example.org,England,West Kathleen,84697,2021-09-05
C5960694,Dustin,Kirk,Yesterday,F,4156183400,haley52@example.com,England,East Todd,61086,2025-04-02
C1475019,Nicholas,Turner,1965-03-21,Other,+1-669-525-5511,roberttownsend@example.com,United Kingdom,Jeanetteborough,51830,2022-05-04
C5821839,Joseph,Thornton,2001-10-01,F,986-682-3177x52015,hkirby@example.net,United Kingdom,New Lynn,66472,2022-06-19
C8207346,Laura,Dawson,1978-05-28,Other,9619461130,antonio45@example.org,UK,Patelfort,56201,2024-08-22
C1771352,Bryan,Reese,1980-12-12,NULL,+1-823-340-1653,kevin05@example.net,GB,Timothyhaven,52659,2025-02-28
C9283099,Barbara,Reilly,1951-11-09,Other,(969)290-0840x94454,dawn54@example.org,UK,East Mikaylahaven,34510,2022-03-15
C6536382,Randy,Petty,1937-08-11,Other,505-968-4081x970,randall55@example.org,U.K.,Blakefurt,11908,2025-07-18
C8399423,Tammy,Williams,1944-01-13,M,(870)489-3208,tadams@example.com,U.K.,Lake Joseph,60977,2024-04-16
C171589,Joshua,Williams,1993-04-12,NULL,293.993.4322x9662,caitlin74@example.org,United Kingdom,West Tiffany,69923,2025-03-08
C1512557,Pamela,Beard,1970-12-26,F,(556)957-6603,sergio36@example.net,UK,Monicaland,15634,2025-11-23
C7765471,Marcus,Foster,1947-09-15,M,815.704.1270x22205,juliereynolds@example.com,UK,Kerrychester,69019,2026-01-12
C6003950,Melinda,Paul,1938-03-30,NULL,+1-896-358-5261x248,robertvasquez@example.org,United Kingdom,New Andreside,42303,2023-01-30
C2999196,Ryan,Johnson,1964-07-15,NULL,904.889.8990,bradweber@example.net,UK,East Brendan,45832,2021-10-17
C4986282,Ashlee,Davis,1966-10-29,Other,(868)942-4391,brandonjohnson@example.com,UK,East Kimberly,18110,Tomorrow
C6608592,Samantha,Carson,1963-05-20,F,+1-347-257-7743,amandapowell@example.org,United Kingdom,East Kathleen,29455,2025-12-21
C4235085,April,Thompson,1969-09-08,NULL,(641)492-6256x94073,humphreykimberly@example.org,GB,Collinston,93868,2024-03-02
C3027121,Rebekah,Davenport,1983-12-12,Other,559-803-6092,jeffshepherd@example.com,United Kingdom,Bethhaven,37030,2022-05-22
C7130462,Donna,Newton,1955-09-19,NULL,2177648288,nbowers@example.net,United Kingdom,West Thomasport,43907,2023-02-07
C9203880,Caitlin,Williams,1959-10-20,Other,001-890-826-6963x4367,jacobramirez@example.org,UK,New Christine,10582,2024-10-05
C6223120,Robert,Bowen,2002-12-19,M,891.581.5044x85598,april97@example.org,U.K.,Dodsontown,02976,2021-09-15
C8693320,Daniel,Dudley,1943-11-14,NULL,001-932-384-3998x46547,brenda33@example.net,UK,Jasontown,58039,2025-04-14
C9430030,Amber,Vargas,1958-08-25,NULL,360-797-5759,taragilbert@example.com,UK,Webbmouth,14038,10-27-2024
C8128103,Karen,N/A,2005-05-27,Other,(464)430-5296,wball@example.net,U.K.,West Anita,85050,2026-02-08
C6256814,Barbara,Williams,1956-06-25,M,(709)241-7595,tmoore@example.com,United Kingdom,New Margaretchester,48824,2022-04-11
C6453170,Carl,Hayes,1962-08-23,NULL,+1-729-234-2540x59029,lisabaker@example.net,GB,Claytonburgh,25044,2023-02-02
C4643522,Angelica,Miller,1937-05-29,M,001-520-957-6866x72927,cindy27@example.org,UK,North Kellyberg,36544,2024-05-12
C7372912,Ashlee,Stone,1987-06-02,Other,547-879-1965x467,benjamin40@example.org,U.K.,Jonesburgh,10544,Yesterday
C9746166,Robert,Castro,1937-06-04,M,001-686-367-3787,tmorris@example.com,England,Nicoleport,06958,2023-02-19
C9741205,Mark,Glover,1967-12-21,M,001-468-581-6679x673,mcclainchristopher@example.org,United Kingdom,Floresborough,35827,20250427
C9804646,Brandon,Simpson,1989-10-11,F,(813)541-0952,robinsonjulie@example.com,U.K.,East Joshua,07295,2025-04-05
C4828209,John,Thompson,1983-01-04,Other,237-508-4017x256,lgray@example.org,England,Wardmouth,79625,2023-06-18
C9342517,Kimberly,Bradley,19640726,NULL,001-892-604-5183x9631,welchlee@example.net,U.K.,Gomezbury,18667,2026-03-07
C7886136,William,Avila,2005-04-16,F,(461)731-9759x7883,cynthia12@example.com,England,Darylfort,91454,2025-09-27
C8790986,David,Carr,1993-07-14,Other,810-453-0672,laura90@example.org,UK,Georgeland,23214,2021-09-16
C2859541,John,Singh,1970-04-14,Other,001-547-299-4449x5761,gregorywilson@example.org,GB,Schultzhaven,75020,2023-06-28
C4303762,Steven,Russell,1961-07-10,Other,353.938.7430x67487,russellruth@example.net,U.K.,Knoxberg,26164,2024-11-19
C6239161,Whitney,Barnes,1941-02-08,Other,,tracie16@example.com,U.K.,New Lynn,23370,2022-02-25
C5502790,Haley,Daniels,1969-05-01,NULL,2644411479,debbie24@example.net,England,Mariafurt,41227,2025-01-17
C1514850,Cody,Bray,1996-10-03,M,345-297-1984,mitchellnorris@example.com,England,North Kevinchester,61331,2025-12-08
C4073831,Michael,Stone,1990-04-04,F,(797)510-3056,jdelgado@example.org,United Kingdom,Chadville,29779,2025-01-20
C1564449,Barbara,Miller,1940-03-09,NULL,+1-577-797-5395x846,josephli@example.org,United Kingdom,South Christian,10633,2021-10-04
C3919822,Julie,Moore,1937-07-26,M,217-207-2931x934,wilsonjohn@example.org,United Kingdom,Rebeccahaven,07602,2022-08-23
C8279152,Robert,Schmitt,1994-12-23,Other,+1-319-457-4146,robertsmary@example.net,England,Johnsonfurt,11120,2023-12-27
C9250477,Lindsay,Chavez,1974-03-11,Other,625-859-6294x1047,matthew95@example.com,U.K.,Pittsbury,15022,2022-03-02
C6273505,Christopher,Williams,1958-05-16,NULL,(377)866-2487x6378,davidandersen@example.org,GB,Barbaraville,56318,2026-05-06
C1609604,Jason,Vasquez,1978-08-04,NULL,4318594780,eblack@example.org,England,South Jeffreyland,59313,2022-04-27
C50749,William,Smith,1963-01-05,NULL,789-970-6072x39692,mayosummer@example.com,U.K.,Port Rachel,57611,2024-09-17
C7968831,Jeremy,Warren,1938-06-21,NULL,307.529.7216,schneiderheather@example.org,U.K.,West Edward,36957,2022-03-20
C4567973,Julie,Hull,1939-04-01,M,574-816-9651x82560,jacobodonnell@example.org,U.K.,Davidsonville,25598,2024-05-29
C4072501,Darren,Matthews,1973-02-27,NULL,(588)731-1252,tallen@example.com,U.K.,Lake Joshuaton,37581,2025-08-14
C8390912,Julie,Ali,1957-05-06,Other,893.261.3293,ritterchad@example.net,United Kingdom,Tammyside,03428,2023-07-16
C5956632,Joshua,Griffith,1962-06-13,NULL,(961)889-4181,teresajohnson@example.net,U.K.,Palmerhaven,03172,2024-10-11
C6731593,Jeremiah,Pennington,1996-05-08,NULL,001-895-903-1234x4733,hendersonjohn@example.net,England,Youngfort,73992,2023-09-10
C2491865,Lindsey,Walker,1953-09-11,F,(470)625-8642x43224,smithalyssa@example.com,England,Melendezport,05376,2024-08-12
C8519887,Benjamin,Holt,2004-08-01,NULL,001-986-709-3389x9895,leroyaguilar@example.org,GB,North Michaelview,13585,2021-12-15
C8316009,Lauren,Sanders,2008-06-12,M,+1-651-777-5399x4593,ericjones@example.com,UK,Port Todd,67980,2024-07-11
C8923282,William,Garcia,1953-09-30,NULL,(681)556-2203x292,kevin25@example.com,GB,New Brandon,74820,2026-05-14
C5245333,Joanna,Ross,1997-09-14,Other,244.482.3084x22080,shannonallison@example.net,UK,Wagnerstad,89424,2024-07-18
C18886,William,Levy,1944-12-25,M,511.743.4197,phorton@example.net,UK,Port Tristanbury,40029,2026-05-15
C2467293,Matthew,Ramirez,1973-08-06,F,561-464-3359x89692,donna03@example.org,UK,Port Nathanton,64093,01-16-2025
C382758,Rebecca,Williams,1942-10-21,Other,819-535-1261x041,davidchavez@example.net,UK,Michaelton,87576,2025-12-23
C6926817,Jessica,Smith,1953-01-13,F,(538)518-0570,zlee@example.net,GB,Lake Taylortown,38295,2025-06-18
C1498258,Justin,Price,1957-12-23,NULL,001-742-254-4357x67518,tsoto@example.org,United Kingdom,Port James,94130,2025-07-11
C5936598,Melissa,Garcia,1998-10-30,M,(412)913-4227x485,randycook@example.org,England,Port Mark,39469,2024-09-30
C6440613,Ashley,Becker,1967-03-04,M,633-750-3331,nguyenernest@example.org,UK,North Kimberlyshire,08947,2024-03-17
C4978651,Juan,Wu,1983-03-02,M,893-627-9596x10162,alisonmacdonald@example.org,England,Ibarraville,63749,2022-07-08
C9722776,Matthew,Roberts,1992-08-14,M,(475)379-3967,jason55@example.com,UK,Adammouth,95160,2025-07-12
C3078484,Patrick,Davis,1961-10-24,NULL,(576)791-9654x20049,ryan04@example.com,UK,Heatherborough,06925,2025-08-02
C555233,Tanner,Carey,1959-06-05,F,001-545-638-1271,wmartinez@example.org,GB,Vasquezborough,96305,2025-07-12
C2967659,Brett,Dunn,1960-12-17,F,565.566.1499,tyrone77@example.net,United Kingdom,Port Ashley,72089,2023-09-16
C4129766,Samantha,N/A,1939-05-01,NULL,(635)558-1916,ccunningham@example.com,GB,Amybury,64785,2024-09-08
C6965719,Mary,Unknown,1994-08-13,F,557-334-9417,kevinblack@example.org,England,Lake Chad,44090,2022-02-13
C4100678,Kyle,Crawford,1975-12-08,NULL,847-596-6504,NULL,GB,New Josephside,89520,2022-06-13
C5433574,Michael,Walker,1985-06-02,Other,(827)442-9969x3599,karen19@example.org,GB,Wallacebury,09857,2024-11-27
C3960565,Randall,Fitzpatrick,1994-05-29,NULL,809-530-0616,samuelguerrero@example.net,United Kingdom,Lake Patricia,49714,2023-03-19
C9494842,Bridget,Murphy,Yesterday,F,512.388.4056,cruzmatthew@example.net,U.K.,South Steven,82739,2025-04-24
C8007506,Vanessa,Rodriguez,1942-08-30,F,001-696-365-1308x94918,ashleysmith@example.net,U.K.,Vargasfurt,16480,785236282
C9922702,Steven,Woods,1953-09-22,NULL,866.303.7998,poncechristian@example.com,U.K.,Lake Leahchester,01434,2025-05-31
C179638,Stephanie,Jones,2004-06-12,M,001-972-754-0999,rose89@example.org,England,Derrickview,84055,2023-02-23
C934436,Daniel,Gentry,1995-05-30,NULL,+1-294-968-2754x8213,montgomerypatricia@example.org,U.K.,Michaelburgh,18481,2026-06-16
C7654496,James,Ruiz,1957-10-22,Other,001-434-277-7521x3276,carolroberts@example.net,England,Pattersonfurt,52882,2021-11-05
C2195961,NULL,Lee,1949-10-19,Other,6889770529,zmurray@example.org,UK,Loweton,84122,2024-01-18
C1837832,Jeremy,Nguyen,1993-09-14,Other,(646)938-9340x670,nelsonashley@example.com,United Kingdom,East Charlesport,96546,2025-08-30
C5599099,Christopher,Scott,1937-09-29,F,403.854.5130x24554,bradley90@example.net,England,Lake Karabury,61836,2024-03-29
C8503044,Nicholas,Roth,Tomorrow,Other,396-275-5171x095,gjackson@example.com,United Kingdom,Port Emilyland,42965,2022-09-05
C6765203,James,Newton,1985-11-04,F,397.788.5238,jamesgriffin@example.org,England,South Trevorton,36034,2025-08-12
C5607188,Brenda,Olson,1958-11-09,NULL,+1-683-622-5437,dodsonamanda@example.org,UK,Lake Cindyville,04259,2025-05-03
C4398581,Samuel,Stewart,1966-10-28,Other,573-368-4107x97880,douglas74@example.net,England,New Johnborough,23152,2026-01-19
C4827639,Matthew,Montoya,1970-03-01,F,970.787.6914x376,osantos@example.net,United Kingdom,North Allison,57810,2023-08-13
C7081568,Mary,Carpenter,1977-08-15,Other,(911)708-1601x4256,yanderson@example.com,U.K.,North David,53811,2025-02-15
C1315624,Leah,Alvarez,1957-10-05,M,312.442.9963x87906,NULL,GB,Jonathanland,87005,2024-07-24
C5922416,Marilyn,Frazier,1961-11-12,Other,371.519.8888x50632,alvin80@example.org,UK,North Christopher,73783,2025-03-25
C6912135,N/A,Reid,2008-01-30,M,6357005737,bradleyjames@example.net,England,Jessicafort,90919,2021-08-23
C3053330,Jessica,Guzman,1974-07-07,Other,(219)604-2203x5359,brandoncastillo@example.net,England,North Brentport,52503,2024-07-17
C9747303,James,Cruz,1966-08-19,Other,(393)831-2460x49132,dennis25@example.com,U.K.,Christophermouth,57179,2025-07-24
C1808016,Stacey,Harper,1998-09-24,NULL,(391)246-7437,ngoodwin@example.net,United Kingdom,Port Brittany,86552,2022-03-31
C2652872,Cameron,Montgomery,2002-05-15,F,298.490.2960x1131,darrellmaxwell@example.com,GB,Mitchellstad,69209,Tomorrow
C5112528,Janice,Sanchez,2005-10-19,NULL,+1-801-459-5153x58106,stokesevan@example.org,United Kingdom,Parkerchester,70260,2022-04-11
C8232581,Chelsea,Stewart,1940-08-05,F,(848)329-2141,sloanjason@example.net,UK,North Kevinshire,83218,2024-12-06
C2682597,Terry,Garza,1968-06-06,Other,518.218.8474x59369,haynesmarc@example.org,UK,Lake Andreamouth,82245,2024-01-23
C7111985,Daniel,Hill,1936-09-10,Other,378.876.1867x6109,maxwelldavid@example.org,U.K.,Wadetown,05014,2023-06-08
C448093,Amanda,Frazier,1938-10-05,M,7743027430,ulang@example.net,GB,New Rhonda,47548,2024-11-09
C1703432,Marissa,Jones,1942-08-29,M,321.945.1046x089,longkaren@example.com,United Kingdom,Coxfort,35286,2026-06-08
C6069839,Todd,Hawkins,1983-06-26,Other,8302458981,thomascollins@example.org,U.K.,North Alexandramouth,20890,2025-01-10
C2680385,Raymond,Cochran,1960-12-28,F,851-764-4703x11367,mayamber@example.com,GB,Lesliemouth,21752,2026-01-29
C3429523,Stephanie,Marshall,1938-03-26,Other,(429)219-9938x569,ubishop@example.com,England,Victorton,04563,2022-07-26
C1568426,Christina,Mckay,1950-02-04,NULL,(643)668-0721,cassandra82@gmal.com,UK,Maryburgh,93427,2024-10-08
C9467009,Luis,Sanders,19901212,NULL,5693277718,aguirrecrystal@example.org,England,North Bob,36578,Yesterday
C7788262,John,Mullins,1963-06-03,M,6382221235,nmeyers@example.org,U.K.,Lake Scottstad,92508,2023-04-05
C3245628,Kathy,Vega,1967-11-05,NULL,+1-486-374-7971x039,medinaloretta@example.com,England,Simonstad,59495,2023-05-19
C1013382,Ana,Herrera,1961-03-06,M,001-475-490-9907x91850,weavergina@example.net,UK,South Christieberg,69247,2023-06-03
C7692492,Chelsea,Johnson,1984-08-13,NULL,330.880.0644x07969,manuel75@example.com,UK,Port Leah,22116,2023-12-16
C1481953,Meredith,Humphrey,1939-04-15,NULL,+1-662-942-9210,hstewart@example.net,UK,Jamestown,62012,2022-10-14
C5821324,Julie,Graham,1982-06-09,F,(629)381-8777x49257,powersjennifer@example.com,England,Bentonbury,36572,2023-06-30
C2712757,Ashley,Case,2007-10-07,NULL,(253)440-5809,rodriguezscott@example.org,U.K.,East Erica,95907,2023-02-06
C3928389,Michele,Long,1987-03-21,M,+1-549-772-9981x0238,johnny80@example.net,United Kingdom,Lake Tomtown,60652,2025-04-27
C5838846,Melissa,Lopez,1940-04-18,M,+1-553-518-4241x4478,fowlerdiana@example.org,GB,Lynnport,77018,2026-07-05
C1945220,Samantha,Smith,1935-09-13,NULL,(787)599-1456x02598,brownsydney@example.com,U.K.,South Christinaton,53211,2022-11-04
C7516547,Shannon,Hernandez,2006-07-08,NULL,(377)229-6797,laurasmall@example.com,United Kingdom,New Warrenton,81632,2023-07-12
C6362297,John,N/A,2002-06-28,NULL,840.993.1173x429,ganderson@example.com,UK,Port Megan,51982,2024-09-09
C6305701,John,Williams,1990-03-19,F,+1-916-710-5840x806,feliciarivera@example.com,GB,Frederickhaven,13579,2025-09-19
C34399,Jeff,Heath,1937-01-20,NULL,001-802-221-8493x796,caitlinbishop@example.org,United Kingdom,Port Scott,10505,2023-06-16
C8964837,Diane,Taylor,387876791,F,580.494.0350,williamsanita@example.org,UK,North Wayneburgh,95103,2021-09-19
C4959773,NULL,Chandler,1955-02-22,NULL,519-724-4858x99085,joshuahughes@example.com,U.K.,East Brandon,89613,2024-07-05
C9954676,Savannah,Cuevas,1999-01-21,M,001-827-598-8337x5853,jessica90@example.org,UK,New Jesus,86215,2025-07-24
C6111284,Nathan,Rubio,1962-07-22,NULL,773-429-1788x3389,qthomas@example.com,UK,Fosterport,90099,2022-05-28
C5864381,Joshua,Lozano,1941-12-09,Other,934.622.4447x533,caitlinbailey@example.net,UK,East Connie,79347,2023-04-12
C7017416,Elaine,Clark,1945-10-23,F,505-266-4817x328,nicole34@example.org,GB,Lake Matthewfort,68763,2024-11-02
C8325642,Adrienne,Stephens,1935-09-03,F,984.989.1679,scotteric@example.net,England,Lisaburgh,61469,2025-05-22
C165263,Joseph,Gonzalez,1943-02-18,NULL,+1-414-281-6065x681,xbrown@example.org,United Kingdom,North Ashley,35328,2023-11-09
C3814337,Cody,Olson,1955-07-24,M,(509)352-8275,dgarrett@example.org,UK,Cookbury,46004,2022-06-09
C5286168,Joshua,Gray,Tomorrow,NULL,+1-790-958-3587x73428,michelle84@example.net,GB,New Gregoryshire,52296,2024-07-07
C9254495,Deborah,Barber,1997-02-17,Other,+1-290-284-7412,leeshane@example.com,England,Brianside,80235,2024-05-01
C3424040,Anna,Krause,1943-10-30,Other,226.593.2968,barryjimenez@example.net,United Kingdom,Contrerasview,88997,2026-01-31
C7403961,Eric,Williams,1989-05-12,Other,8652418560,nathaniel33@example.com,UK,Shafferburgh,58127,2024-04-06
C1197873,Joe,Bush,1972-08-10,Other,491.968.2449x008,griffinjohn@example.com,United Kingdom,New Albert,13994,2026-05-30
C4548931,Edward,Henderson,1951-04-10,NULL,001-398-516-9904x0644,gonzaleskathy@example.org,England,Hayesfort,73918,2022-02-04
C3883562,Matthew,Holloway,1967-11-01,Other,851-802-7378x538,bspencer@example.net,U.K.,Jasonside,74154,2022-11-16
C1431301,Stephen,Robinson,1968-01-19,F,(709)473-0089x5207,greg35@example.net,England,Emilytown,80660,2022-09-07
C916406,Roger,Johnson,1974-04-22,Other,+1-629-915-6656x99627,zphillips@example.org,GB,North Benjamintown,95092,2023-04-28
C7425055,N/A,Hardin,1970-02-06,NULL,+1-873-888-3650x9631,emily67@example.com,GB,West Christinafurt,32700,06-07-2022
C6583758,Alexis,Rivas,1939-01-24,Other,791.318.6420x0468,ybrown@example.com,UK,Laurenchester,04825,2023-01-30
C345985,Kendra,Fletcher,1957-07-17,F,+1-839-742-4827x2365,williamsapril@example.net,United Kingdom,West Claire,50659,2025-01-14
C8782092,Robert,Lee,1965-11-26,NULL,(505)871-0451,jenniferrojas@example.net,England,South Derekville,31837,2023-03-03
C2237005,Jessica,Smith,1937-11-20,NULL,001-373-689-8711x39669,mark36@example.org,GB,Port Elizabeth,75286,2025-05-02
C8758802,John,Clark,1996-12-24,F,856.910.3114x74587,timothywilliams@example.org,England,Masonside,36639,2024-02-25
C8353402,Zachary,NULL,1943-08-18,NULL,(582)310-5555x7884,bgutierrez@example.net,UK,New Ashley,10023,2023-04-04
C6584841,Dylan,Costa,02/04/1978,M,+1-231-622-8431x639,nashmark@example.net,U.K.,Lake Laura,26104,2024-05-26
C7943920,Patty,Miller,1959-06-25,M,+1-819-206-0314x458,trevor17@example.com,United Kingdom,Whitemouth,99046,2024-09-09
C8924655,Madison,Wilson,1958-10-10,Other,+1-568-720-8920x53403,whiteleah@example.com,U.K.,South Gina,16183,2023-03-12
C9454870,Brittany,Aguilar,1955-10-23,F,+1-962-944-1875,victoria60@example.org,GB,Port Hollyberg,91526,2023-08-24
C2631229,Tiffany,Houston,1946-02-21,Other,988-463-4822,tdunn@example.org,England,Obrienchester,77002,2025-10-31
C4533977,Catherine,Torres,1999-11-09,Other,217.508.9724,robert33@example.org,United Kingdom,Ashleyfort,57049,2024-07-22
C7826539,Shane,Fisher,1999-11-26,Other,804-370-1211,heidibennett@example.com,England,Knappburgh,93858,2025-09-13
C7151493,Stephanie,Silva,1998-03-25,NULL,432.348.7289x9111,simpsonandrea@example.com,U.K.,Port Christopher,11536,20250905
C5063927,Kristi,Richard,2003-07-25,Other,(558)527-4067,steven25@example.org,UK,East Craigburgh,68408,2024-12-06
C5259692,Aimee,Boyd,1958-08-17,NULL,594-355-5081x6280,anthony09@example.com,England,North Michealchester,70114,2023-12-17
C7994315,Ashley,Farley,04-10-1984,M,(722)834-6904x006,plewis@example.org,England,Lake Jill,18243,2023-05-14
C5775719,Susan,Thomas,19520422,F,+1-957-284-3482x0918,vgrant@example.org,England,South Benjaminbury,25561,2022-11-03
C2448403,Erin,Coffey,1964-01-14,Other,+1-601-515-2151,scottzimmerman@example.org,U.K.,East Conniebury,60735,2026-07-03
C9234034,Angela,Johnson,19530310,NULL,705-265-5073x12238,jamielynch@example.net,United Kingdom,New Jeffreyton,42911,2022-06-17
C1002438,NULL,Hale,2002-11-28,F,970.605.8944,delgadoernest@example.org,GB,Perkinsberg,79550,2024-04-18
C1204723,Holly,Hanson,1966-05-14,NULL,+1-819-872-0708x201,waltershannon@example.net,England,Lake Theresaton,42895,2023-05-27
C3703472,N/A,Hernandez,1983-03-27,F,903-306-1701,elizabeth33@example.org,U.K.,West Brittany,80084,2026-02-20
C9405720,James,Thomas,314480200,Other,766.935.9378,theresa29@example.com,UK,East Melissa,90972,2025-10-02
C4194156,Wesley,Campbell,1961-02-12,NULL,(527)586-5374,zmurphy@example.net,England,Lake Adamberg,91614,2023-03-10
C6595576,Melissa,Yoder,2000-10-26,F,+1-538-254-6535x1130,zachary54@example.com,United Kingdom,West Eric,74577,2024-10-08
C9028338,Nicholas,Thompson,1978-07-22,Other,884.797.4738x84335,claytonwilliams@example.org,U.K.,South Christopherton,96874,2023-09-28
C2528337,Nicholas,Baker,1968-02-03,Other,001-511-293-1960x561,dustin85@example.com,UK,West Stevenview,13527,2025-02-17
C4762509,Bradley,Richardson,1967-11-07,Other,945.314.2279x8084,ratkinson@example.org,United Kingdom,Joshuachester,16604,2022-03-29
C5272340,Karen,Patrick,1994-02-11,F,371-207-6504x37808,lnunez@example.com,GB,Cohenport,57848,2023-08-26
C8436401,Lisa,Stone,1993-10-08,NULL,350.251.0564x1849,gregorypamela@example.com,UK,Riverafurt,13302,2022-03-01
C9181071,Chad,Ortiz,1973-06-13,NULL,+1-886-701-0038x129,wagnermartin@example.org,United Kingdom,Gonzalezmouth,29984,2022-05-19
C9718507,Dylan,Nichols,1994-02-07,M,(407)590-6484x233,nwoodard@example.org,GB,Williamfort,94947,2022-10-29
C1571884,Kelly,NULL,1935-12-25,F,489-551-8114x0059,esmith@example.org,United Kingdom,Hollandberg,93969,2024-08-24
C7400699,Kyle,Lester,1995-09-20,F,001-573-781-6974,dannyharris@example.net,GB,Rodriguezberg,85208,2026-02-10
C4239513,Nathan,House,1993-04-03,F,6979252841,kingchristine@example.net,GB,Ashleyberg,13528,2026-06-19
C7655970,Donald,Lewis,1964-03-20,F,001-403-422-6396x7405,rachelclayton@example.net,U.K.,Lake Corey,81220,2024-01-21
C2273279,Michael,Wilcox,1998-06-20,Other,001-595-410-8152x36708,hansendaniel@example.net,England,Anthonytown,30680,2022-12-19
C5266631,Adrienne,Davila,1959-10-17,M,650.980.7470x8107,tdaniels@example.com,U.K.,East Jonathonview,26772,2024-02-07
C2625990,Johnathan,Schultz,1968-11-27,Other,3955286791,xsanchez@example.com,England,Lake Amy,55470,2024-01-20
C4227145,Stephanie,Crawford,1966-09-01,NULL,-,fpowell@example.net,UK,Ashleemouth,36327,2024-01-29
C9070098,Peter,Gardner,1963-08-07,F,+1-871-817-4610x09545,philipgibson@example.net,United Kingdom,Westshire,65363,2024-04-26
C7215418,Brian,Morrison,89747989,Other,001-916-635-3659x226,owood@example.net,U.K.,Jasonview,41518,2022-09-08
C6749502,Alicia,Young,1946-03-03,M,+1-828-259-7318x163,carterkatherine@example.com,UK,Lake Steveberg,22872,2022-01-27
C9507008,Robert,Sampson,1999-03-15,F,881.763.8341x98887,evanscrystal@example.com,England,Thompsonmouth,10305,2025-01-10
C6717020,Adam,Mclaughlin,1959-02-26,Other,+1-807-206-3632x8805,rebecca32@example.net,U.K.,East Adam,42352,2022-05-31
C6386537,Destiny,Green,1967-06-03,F,(491)373-8517,ogray@example.com,UK,Kelleyside,79720,2026-03-13
C689181,Annette,Jones,250428522,M,001-586-902-7344,tscott@example.net,U.K.,Port Anthonychester,86374,2025-02-05
C2480747,Pamela,Young,1975-04-06,NULL,+1-537-468-9312x0814,pmoreno@example.net,GB,Port Johnstad,34797,2026-06-16
C985832,Richard,Harris,1944-06-09,M,827-512-2970,amandataylor@example.net,GB,Haleyport,22645,2026-05-14
C8747143,Robert,Bell,2001-12-11,M,+1-372-927-8661x34415,qfinley@example.com,U.K.,Port Timothy,82109,2022-10-31
C8892294,Ronald,Shepard,1998-05-03,F,2804054866,hayesalison@example.net,GB,Vegaburgh,38539,2023-08-23
C9337295,Lisa,Casey,1962-01-02,Other,+1-947-544-6942x07369,kimberly95@example.net,United Kingdom,Kelseyborough,62630,2023-01-13
C220796,Katie,Keller,1975-10-05,NULL,747-521-7136x0130,colemanjoseph@example.org,U.K.,Lake Sabrinafort,15969,2025-05-05
C3339877,Marcus,Willis,1953-09-06,F,901-222-8659,jwelch@example.org,UK,Port Brett,84131,2021-12-13
C4137942,Crystal,White,1958-07-29,NULL,(580)250-0207x99670,christinestokes@example.net,U.K.,Tinafurt,26240,2022-06-30
C2545786,Alyssa,Guerrero,1965-09-13,Other,(665)469-0422,amandapratt@example.org,UK,New Katrinamouth,97120,2026-01-15
C237772,Derrick,Harris,1991-12-11,M,3583999911,gregoryleblanc@example.net,GB,Brandtview,18284,2026-06-13
C6541512,Eric,Brennan,1980-07-13,Other,001-375-307-3975x4857,ariana23@example.org,UK,Timothystad,42927,2022-06-12
C5547381,Christopher,Powell,1983-04-07,NULL,(882)945-7629x9628,leemichael@example.net,GB,Lake Chelseastad,75429,2022-10-22
C7914581,Jason,Clarke,1973-10-05,F,+1-635-269-0857x477,kevin06@example.net,U.K.,West Brendan,65743,2024-11-23
C6454168,Ashley,Mcdonald,1977-08-19,Other,895-972-3501x694,pennyhoover@example.com,GB,South Victor,21498,2023-02-12
C2646905,Michelle,Willis,1942-02-19,M,(314)485-9614,kirkdavid@example.org,U.K.,Port Jasminmouth,10942,12-11-2021
C250591,Megan,Scott,1983-01-06,Other,869-483-2016x7393,olee@example.net,England,Andrewbury,40042,2025-01-18
C1808762,Joseph,Pham,1949-06-06,Other,294-271-7138,jenna29@example.net,U.K.,Port Melanieville,45150,2024-06-16
C3973169,Jennifer,Francis,1999-06-26,Other,001-680-477-8263,teresa56@example.com,UK,Garciafurt,02525,2022-03-05
C440009,Lindsay,Combs,Yesterday,M,(216)810-4870x422,ralphpatterson@example.net,GB,Tinaside,82676,2023-08-11
C8756113,Jeffrey,Mcintosh,1995-04-02,M,(498)796-4904x28145,creyes@example.org,GB,Allenbury,91771,2023-03-05
C4456319,Elizabeth,Jones,1940-04-04,Other,(286)503-8416,allison75@example.com,UK,Port Tammy,21488,2022-05-18
C2967955,Cory,Martinez,1952-01-07,F,5332398376,ryancollins@example.org,UK,North Mark,71048,2024-02-23
C6356300,Clarence,Johnson,1996-05-09,NULL,747.937.6402,vobrien@example.org,UK,South Mikeburgh,68740,2026-02-17
C332160,Michelle,Avery,2001-12-11,NULL,Unknown,rebeccawalker@@example.net,UK,South Ryanfurt,43138,2025-07-11
C6209315,Susan,Santana,1971-06-02,Other,001-773-496-8123,fbrown@example.com,United Kingdom,West Marilynfort,78447,2024-07-29
C2475006,Matthew,Cain,1959-03-12,NULL,001-939-382-5361x8745,ovaldez@example.org,U.K.,Port Ashley,38968,2022-08-26
C8907121,Meghan,Peters,24/11/1937,Other,509.247.4887,millermichelle@example.net,United Kingdom,West Vanessa,28369,2023-11-13
C9874265,Kristina,Palmer,01-13-1941,M,7072767319,russell96@example.net,U.K.,New Cheryl,73946,2024-03-01
C6063034,James,Brown,1941-05-19,M,240.944.1312x3066,clarkmatthew@example.com,England,West Mariebury,90888,2023-03-16
C4227155,Michael,Banks,1974-01-28,Other,+1-594-702-5047x599,deckerandrew@example.org,UK,West Michaelchester,07228,2025-04-13
C575220,NULL,Suarez,1940-03-30,Other,(716)395-5379,charlene97@example.org,GB,New Anthony,76854,2023-10-06
C2601567,Theresa,Hernandez,1968-06-15,F,+1-554-252-6176x8676,mathewsangela@example.net,United Kingdom,Heatherview,75479,2022-04-02
C7588326,William,House,1964-02-15,M,490-682-2505x649,devinholland@example.net,U.K.,North Miguel,95117,2025-04-04
C3659284,William,Fletcher,2005-10-11,F,+1-587-420-3046x62754,vflowers@example.com,UK,New Barbaraville,98443,2022-02-06
C9511964,Meredith,Cannon,1960-03-13,NULL,823-461-3762x111,madeline43@example.net,UK,West James,64313,2023-04-05
C2652115,Dawn,Ramirez,1985-11-23,F,001-537-694-1156x779,andrewscarrie@example.org,UK,Albertside,24612,Tomorrow
C7390850,Eric,Cruz,1997-06-26,NULL,+1-579-955-1212x268,mmccann@example.org,England,Patriciafurt,28995,2023-03-17
C2546946,Amy,Wagner,1970-05-09,Other,391-285-8552x1836,michael33@example.com,England,North Kathleen,40157,2026-06-01
C1361973,Joshua,Lee,Yesterday,NULL,001-732-574-7047,richmondraymond@example.net,GB,Lake Katie,28159,2024-04-13
C882128,Linda,Allen,1947-04-24,M,+1-935-288-1169x9148,hannahsmith@example.org,GB,North Amandachester,09722,2022-02-08
C2989236,James,Elliott,1957-09-27,M,772.639.3888x7617,curtis98@example.org,U.K.,Lake Candice,71757,2023-02-26
C9656953,Samantha,Boyd,1953-07-04,NULL,777.538.9437x080,dannycosta@example.org,U.K.,South Sandraton,23110,2023-02-04
C3989917,Rodney,Archer,1936-05-01,NULL,(821)551-6071,laura55@example.net,UK,Welchberg,77470,2024-12-25
C9946173,Michael,Cruz,1997-02-02,F,001-780-793-2164x125,ehunt@example.com,U.K.,Washingtonton,10537,2023-03-06
C3211464,Jennifer,Silva,1974-02-01,NULL,812.491.2798,andersonjessica@example.net,England,Brentborough,23722,2025-04-07
C8154959,Timothy,Ward,1953-11-13,Other,001-876-909-7255x6415,jimmyphelps@example.net,England,Jonathanmouth,79646,2024-02-28
C9602719,Alicia,Ellis,1948-07-22,NULL,001-570-849-6606x8811,cohenjoshua@example.org,England,Jameschester,77803,2021-12-12
C3275765,Shane,Unknown,1992-08-09,NULL,+1-781-641-2972x31431,anthonythompson@example.com,England,Johnmouth,66976,2022-10-12
C7914156,Kaitlyn,Ramos,1993-11-11,M,+1-344-265-9863,wintersalexandra@example.net,GB,Williamsbury,37799,2022-09-13
C2672264,Mark,Jackson,1971-12-21,M,2835513494,shannon82@example.com,U.K.,Brownside,62912,2023-06-30
C1137989,Jessica,Smith,1939-02-08,F,794-609-3429x570,christinelopez@example.org,UK,Port Jamieville,83385,2023-01-27
C9383261,Megan,Dickson,1961-05-17,F,418.205.8262x64213,lisa17@example.com,United Kingdom,Moranburgh,93907,2024-12-18
C7576964,Rachel,Hamilton,1955-08-07,M,+1-200-518-7014x159,jennifer64@example.org,UK,Romanville,29309,2025-09-19
C8609277,Michael,Zhang,1935-09-18,F,993-378-7126,brittanyrodriguez@example.net,U.K.,Cameronview,63199,2021-10-19
C6023885,Michelle,Pratt,1956-07-01,F,400-408-5846x7443,jennifergonzales@example.net,United Kingdom,New Logan,53360,Tomorrow
C1777129,Katherine,Santos,2003-02-27,NULL,(440)340-7219x8065,drose@example.com,GB,Ericaville,74719,2022-05-31
C6907939,Kayla,Reynolds,1999-05-03,F,918-947-0072x222,raymond46@example.org,GB,Lambertbury,41658,2022-01-03
C7897227,Sandra,Jones,1939-11-16,Other,+1-824-322-7249x778,colelouis@example.org,UK,Port Angelamouth,24115,2023-11-28
C3790762,Michelle,Wyatt,1940-07-16,Other,245-299-3977x718,orozcoerica@example.net,U.K.,North Jim,26947,2024-02-18
C1860529,Melissa,Morgan,1974-06-30,NULL,(784)566-3624,hardybrittany@example.net,GB,North Shawnchester,14951,2022-10-28
C1404507,Ashley,-,1982-03-01,M,613-948-8862,colleenyoung@example.org,United Kingdom,Suarezshire,13875,2026-02-14
C3459172,Katie,Cox,1952-04-08,F,001-660-703-9316x32262,laurenpierce@example.org,England,New Cathyside,72243,2022-01-13
C4595719,James,Thompson,2001-03-17,M,425-617-0725,jillianhughes@example.net,GB,Ashleyton,93776,2022-12-09
C9445834,Anna,Walker,2006-02-19,Other,477.356.3909x0170,priscillanguyen@example.net,United Kingdom,Lake Anthony,52757,Tomorrow
C9584138,Cynthia,Myers,1959-10-11,F,+1-280-873-8888x297,vadams@example.com,UK,Port Lindsayton,95516,2025-08-27
C6108035,William,Buckley,1970-05-01,NULL,(559)901-9747x33074,ritterlaura@example.net,U.K.,West Melanietown,55517,2023-03-14
C5903260,Sylvia,,1959-02-14,M,(662)343-3859,kwyatt@example.com,United Kingdom,Jonesberg,51559,Tomorrow
C4355500,John,Klein,1985-06-30,Other,001-263-692-7369,grobinson@example.org,GB,Port Kimberlytown,58271,2024-03-19
C5899226,Angela,Smith,1993-11-22,Other,893.583.4405x32115,karibrown@example.com,UK,North Brandon,61146,2023-11-10
C720490,Shaun,Scott,1999-09-24,NULL,+1-316-600-0227x6209,millerjon@example.net,England,Richardmouth,39000,2023-05-19
C9669080,Jessica,Rogers,1978-04-01,Other,+1-291-892-2825x1818,perezcynthia@example.net,England,New Harold,94026,2022-06-09
C3153220,Patricia,Kennedy,1952-12-29,Other,001-350-238-9872x156,ijennings@example.com,England,Stevenfurt,10779,2026-04-19
C2875448,NULL,Moore,2006-09-06,NULL,(986)936-9411x73147,clarkgabriel@example.org,UK,Kennethborough,58609,2022-01-04
C8540312,N/A,Haney,1936-10-20,M,410-783-0189x68726,reyesjohn@example.org,England,Victoriabury,28274,2023-02-05
C5281512,Andrea,Thompson,1976-06-04,Other,790.896.1408,stephaniehardy@example.com,England,Lake Susanburgh,65514,2026-04-08
C6976018,Daniel,Brooks,2001-06-05,F,(225)251-8090,elane@example.com,England,Grahamchester,85421,2023-04-09
C5846746,Sheila,Pineda,1988-11-20,F,471-774-1428x9432,cwalters@example.net,U.K.,West Sarah,34046,2021-12-08
C3838243,Tiffany,Elliott,1967-12-18,M,+1-538-621-0198,codyanderson@example.org,England,Richardville,45395,2021-11-09
C9120028,Diane,Allen,2004-02-01,NULL,(662)851-3767x6208,davidrobinson@example.net,United Kingdom,North Sarah,06279,2023-11-26
C6152440,Jonathan,Hayden,2007-01-13,Other,+1-593-646-2089,mezadebra@example.com,U.K.,North Timothymouth,45353,2022-09-18
C697219,Natalie,Chapman,2005-10-09,M,001-517-396-4810x69302,garysilva@example.org,United Kingdom,Eduardobury,65999,2026-01-07
C1992978,Jesus,Keller,2004-04-28,NULL,2522272077,jnelson@example.net,GB,Arellanoborough,90673,2023-10-23
C1583501,John,Perez,1979-10-19,NULL,810.609.0654,qsanford@example.net,United Kingdom,Lake Hannahport,93373,Yesterday
C5089067,Sean,Quinn,1938-12-04,NULL,978-542-6637,lopezkristie@example.org,United Kingdom,Ayalatown,48152,2021-12-31
C7130199,Matthew,Conway,1993-02-05,M,375.672.0152,barnettjohn@example.org,United Kingdom,North Evan,86362,2023-10-29
C6384427,Andrew,Wade,1991-01-14,F,(614)410-1137x70002,catherine32@example.com,United Kingdom,Haleborough,08647,2024-05-10
C4693235,Unknown,Martinez,1967-12-25,NULL,780.753.6663x311,greengregory@example.net,England,Sheilaburgh,38552,2022-05-25
C2207365,Patricia,,1982-02-17,M,(267)488-4816x3480,natalie69@example.com,UK,Port Joyville,32268,2023-10-21
C5851370,Matthew,Osborne,1937-12-17,NULL,299-928-4172x5529,colemanbenjamin@example.net,United Kingdom,Martinezburgh,20685,2022-01-25
C3284907,Kristen,Maddox,1992-04-02,Other,+1-448-567-1303,mathewsrichard@example.com,England,Maxwellmouth,97587,2025-08-23
C4396662,Jonathan,Unknown,1961-09-29,Other,478-437-3284x006,johnsonalexander@example.net,GB,Tamaraside,25257,2024-02-14
C98246,Justin,Bass,1991-09-24,Other,(489)275-3490,fsteele@example.com,England,Douglasfort,73464,2024-02-20
C2743170,Victoria,Ramos,1967-04-28,Other,8684971756,denise73@example.net,UK,West Erin,92807,2026-03-09
C7773559,Beverly,Ayala,1969-04-04,M,580-964-1437,greenbilly@example.com,England,West Amber,47465,2023-12-21
C2952225,Michael,Larson,1991-06-27,F,(995)824-1100x751,matthew21@example.com,United Kingdom,Lake Edwardbury,02583,2022-08-25
C6993042,Joseph,Harris,1959-03-08,F,753.818.0808,johnsonjeremy@example.com,England,Johnchester,48014,2023-11-02
C1037771,Chelsea,Johnson,1981-09-19,F,(485)214-1165x87166,davisjoseph@example.com,GB,East David,28196,2021-10-20
C8618249,Ethan,Ray,1989-10-13,M,(789)431-8779x82793,melissa27@example.net,United Kingdom,New Scott,02427,2021-08-23
C8638749,Joshua,Daniels,19790108,NULL,+1-331-987-9986x499,beltranjaclyn@example.net,United Kingdom,North Andrew,46182,2025-01-21
C86895,Elizabeth,Schaefer,1979-06-12,NULL,(559)741-2826x1663,NULL,England,Alvaradoland,95449,2023-07-27
C8363292,Cynthia,Bishop,1939-05-24,Other,9975264930,davidholden@example.org,United Kingdom,North Tara,04700,2026-07-25
C5174624,Jasmin,Brooks,2007-07-26,M,001-246-316-1002x694,anthonytanner@example.net,England,Derekberg,67190,2025-08-07
C6299391,Laura,Smith,1985-05-16,F,6929727998,dbarnett@example.com,United Kingdom,Stephaniemouth,00708,2021-12-19
C1189652,Carl,Small,1975-05-01,NULL,549-204-9390x4337,apetersen@example.net,England,Port Emmafurt,97906,20/02/2025
C4860470,Donna,Mclaughlin,1961-11-15,Other,223-498-8457x588,lkelly@example.net,United Kingdom,South Maria,61485,2023-09-16
C1847649,Matthew,Mccormick,1958-12-21,M,435.710.0537x29398,vanessareed@example.com,UK,East Kimberly,98372,2024-06-03
C8736474,Caitlin,Long,1987-02-28,F,001-568-964-8489x7902,jonathan28@example.org,England,New Katherineberg,49404,803042998
C2586713,Gary,Hunt,1964-03-27,NULL,7139877916,samantha14@example.com,U.K.,Port Benjaminside,42608,2023-04-08
C7204084,Abigail,Reese,1993-02-01,F,001-998-613-8418x514,bwhite@example.com,GB,Johnhaven,03166,2026-02-26
C1417374,Shirley,Baldwin,2005-02-20,M,671.504.1837x05146,hsims@example.net,UK,New Jennifer,62527,2022-09-23
C6412381,Matthew,Butler,1971-10-11,NULL,+1-886-857-2865,jacksontracy@example.net,United Kingdom,Blackchester,37829,07/08/2024
C9372972,Beth,Hall,1975-05-18,M,+1-980-332-3947x01807,mccoycheryl@example.com,GB,Kendraland,24809,2025-09-04
C8503178,Donald,Smith,1971-11-03,NULL,444-909-9048,perryrobert@example.com,England,Kevinfort,23907,2021-09-19
C8368899,Matthew,Andrews,13/11/1985,M,+1-263-889-5728,butlernancy@example.org,GB,Port Michelle,84533,2021-10-22
C4295948,Courtney,Ross,1948-01-10,F,001-308-684-8395,marythomas@example.com,UK,Port Lisa,91084,2026-06-29
C8983687,James,Jones,1956-03-07,F,001-496-698-7997x449,escobarlindsay@example.org,GB,Kochville,97558,11/09/2022
C6876591,Amy,Mcbride,2003-01-07,M,+1-326-853-5473x724,joyceyoung@example.net,England,North Ashleyville,16828,2023-03-16
C2217234,Madison,Bartlett,1982-12-10,Other,470.821.2644,xjones@example.org,United Kingdom,East Emilymouth,73469,2025-03-13
C5459672,Marie,Delgado,1996-11-08,Other,+1-978-989-5346x13573,bmeyer@example.net,England,Johnsonmouth,05803,2025-06-28
C9327995,Ashley,Caldwell,1963-05-14,NULL,394-651-8140x7923,NULL,U.K.,Port Robinside,88966,2023-10-27
C9323107,Jason,Andrade,1978-06-28,F,6889236278,jasonpetty@example.com,UK,North Martintown,39059,2022-08-04
C8681395,Jason,Miller,1999-03-15,F,404.425.6356,stephendillon@example.com,U.K.,New Bailey,58525,2023-11-15
C9001566,Elizabeth,Johnston,1946-12-31,M,(779)268-9366x36397,jharvey@example.net,U.K.,East Bradley,92493,2021-08-18
C5947714,Justin,Moody,1952-02-02,Other,-,douglas65@example.net,UK,Malonemouth,43168,2025-05-31
C7506517,NULL,Martinez,1979-01-31,NULL,366-650-8292,leedavid@example.net,England,East Christopher,91059,2022-01-27
C4321484,Andrew,Sharp,03/02/1977,F,427.657.3556,lprice@example.com,U.K.,South Julia,10518,Yesterday
C7580717,Rachel,Beck,1950-05-09,NULL,656-639-7355,moorephilip@example.net,U.K.,Vincentmouth,85101,2021-08-29
C3531984,Destiny,Doyle,1965-06-02,NULL,+1-553-402-0650x636,cynthiamoreno@example.com,United Kingdom,Cindyland,21770,2021-12-19
C2517538,Michael,Little,1945-02-26,Other,(821)620-5740,yhudson@example.com,England,South Ashley,87691,2025-01-03
C705058,Marcus,Hughes,2004-09-04,F,252.394.6161x78315,rogersjennifer@example.com,U.K.,Douglastown,88524,2022-06-11
C1015352,Luke,Holt,1994-06-01,M,(608)519-5837,daniel29@example.org,United Kingdom,North Amanda,52428,2023-06-27
C325279,Veronica,Smith,1975-01-01,NULL,001-782-621-9653,rebecca08@example.org,U.K.,Robleschester,91750,2022-04-05
C2354902,Rebecca,Ray,1945-01-07,NULL,393-913-1074,williamgarcia@example.com,United Kingdom,Port Kelly,63959,2021-11-09
C9298595,Robert,Carlson,1956-10-25,Other,001-767-460-9775,awhite@example.net,U.K.,Madisonmouth,81872,2021-10-20
C7823635,Samuel,Byrd,1941-12-27,F,(274)309-3951x904,avalenzuela@example.org,United Kingdom,Lake Stephenbury,01411,2025-11-07
C7806478,Lawrence,Boyd,1976-01-21,F,7977971913,julie02@example.com,U.K.,West Connieport,95677,2025-08-15
C5097603,Jose,Romero,1941-10-20,M,+1-954-353-9600x1859,olsonnathan@example.net,U.K.,Harveyport,40958,2024-01-28
C9824982,Luis,Hernandez,1987-09-11,F,(377)757-0383x8535,chernandez@example.com,GB,Robertshire,65151,2023-06-07
C4238276,Kelly,Knox,2007-01-28,Other,2472495950,kevin37@example.org,U.K.,Lambbury,65462,2025-05-10
C3466561,Allen,Gibson,1969-04-05,Other,+1-718-358-5524x956,robert27@example.org,GB,New Lauren,25336,2022-03-02
C2173708,Randy,Gay,1937-05-05,Other,499-657-9300x667,webbrobert@example.com,UK,West Zachary,36705,2026-06-03
C3632738,Dawn,James,1971-10-12,M,(755)233-5316x718,kristafigueroa@example.net,England,East Gabriel,17488,2022-05-10
C589789,Alexandra,Curtis,31/01/1944,NULL,001-562-488-9522x78669,micheal71@example.org,GB,Lake Shane,32305,20230504
C3811692,Mary,Campbell,1940-07-15,Other,475-527-5209x364,sandersbarbara@example.net,UK,Cooperton,26721,2022-08-10
C4670212,Natasha,Robbins,1978-08-08,M,001-878-305-0722x42469,foxzachary@example.net,United Kingdom,Michelletown,38073,2024-05-11
C7907226,James,Thomas,2003-08-22,M,+1-939-368-4376x4261,hwheeler@example.org,England,South Jodyburgh,95011,2025-01-24
C3252048,Amber,Fischer,1945-08-02,Other,+1-956-724-5007x7683,dmiller@example.net,United Kingdom,Smithhaven,28789,2026-05-07
C5286261,Andrew,Mcbride,1963-05-05,M,+1-693-835-1135x0806,lking@example.com,England,Maxland,38764,2022-11-27
C8517833,Karen,Schultz,1979-10-15,M,(660)586-6944x04416,patriciawheeler@example.org,United Kingdom,New Stacyville,17220,2024-12-08
C4626712,Ashley,Walters,2003-10-31,Other,+1-282-464-3876x2366,elizabeth20@example.net,United Kingdom,Youngview,30750,2022-09-16
C7442168,Andrew,Saunders,1936-10-25,M,(747)831-4610,ekelly@example.com,UK,South Andrew,87007,2022-05-16
C9932049,Brian,Dalton,2003-06-08,M,642.337.5595x7634,tyler68@example.net,U.K.,Andrewland,61918,2023-12-29
C1867005,Sally,Turner,1984-07-26,F,3315077134,taylorkelly@example.org,U.K.,Thompsonborough,08394,2023-04-26
C9155607,-,Wagner,1959-10-26,F,4904257943,schwartzjudith@example.net,England,Coopershire,93204,2022-08-20
C4167459,Brenda,Martinez,1945-05-11,F,+1-232-814-4283x6023,dustinguerra@example.org,GB,Parksfort,54842,2023-11-27
C5735996,Amy,Smith,1938-11-19,M,277-271-1953x17213,riggsfrancis@example.net,UK,Dustinport,03237,2024-11-23
C4183719,Traci,Smith,1986-05-07,M,503-494-1294x54436,jhurley@example.org,GB,Conwaychester,88074,2026-04-09
C78752,Unknown,Romero,1967-03-15,NULL,7759701114,dramirez@example.net,GB,Davidtown,96957,2026-07-24
C9514821,Angelica,-,1970-11-13,Other,655-678-0096x732,frank63@example.com,U.K.,Elizabethbury,01995,Tomorrow
C6718486,Jessica,Patterson,2002-02-03,M,432-291-2201,cheyenne26@example.org,United Kingdom,Mooreshire,64606,2022-04-15
C7186304,Connor,Unknown,1948-05-09,Other,(465)206-4782x829,christinagomez@example.com,England,Tinaside,47620,2022-08-18
C7122037,William,Gilmore,1943-12-29,F,703.395.4253,perezcody@example.com,UK,South Patricia,65905,2023-05-26
C4008224,Caitlyn,Allen,1945-08-20,F,-,gwolfe@example.net,GB,Zacharyburgh,52011,2024-05-24
C1214915,Tony,Hoffman,2007-02-23,NULL,001-706-738-7443x77065,ryanmoore@example.com,GB,Elizabethfurt,94409,11-23-2025
C6342604,Thomas,Ellis,1948-07-28,F,+1-262-748-7610x3625,barbarathomas@example.net,England,Jamesstad,48013,2025-02-25
C2853501,Briana,Jones,1973-08-06,Other,516.253.2890x3889,stacyrobinson@example.com,England,North Annettechester,46189,2026-05-11
C613403,Christian,Edwards,1950-03-27,Other,369.444.0980x278,qfleming@example.org,GB,Kyleton,51292,2022-03-16
C7026996,Emily,Nelson,1987-01-13,Other,001-977-849-6078x79722,baldwinsusan@example.org,GB,Wanghaven,74203,2026-07-07
C5184621,Katherine,Moreno,1997-07-24,M,+1-784-241-5472,pcarrillo@example.com,England,Castrofort,09060,2022-11-11
C354870,Courtney,Ritter,1968-10-13,NULL,438.744.6308x9607,gomezjacqueline@example.net,GB,Michaelhaven,56655,2024-03-08
C4929629,Jenna,Smith,1942-06-25,Other,+1-739-623-5529x3621,maryrobinson@example.com,U.K.,Arellanoview,07045,2022-07-11
C2389989,Jordan,Woods,1954-12-25,Other,643.455.8674x9555,lhopkins@example.net,U.K.,New Jobury,63008,2025-08-15
C9257903,John,Smith,1989-11-10,M,865.268.0703,haydenwendy@example.net,United Kingdom,Bridgetmouth,46479,2025-12-07
C3973970,Ashley,Bailey,1998-02-05,F,(919)733-2748,jamesyoung@example.com,UK,North Jenniferbury,81329,2022-12-26
C2983436,Hannah,Calderon,2007-04-20,M,+1-586-627-4449x066,joshuaward@example.org,GB,Thomasport,27609,2022-05-27
C8536298,Karen,Townsend,1981-10-09,M,(589)753-2520x42829,amycopeland@example.org,UK,Andreabury,15741,2023-08-23
C3879615,Troy,Mccann,1953-09-29,Other,+1-866-419-5691x21600,brianbaker@example.org,GB,West Jamestown,20358,2024-01-07
C3872559,Stacey,Kelly,1969-01-25,F,821.844.4760,christiandavid@example.net,UK,West Jasmine,02858,2023-05-30
C8707584,Jennifer,Acosta,1972-09-03,NULL,751-724-3175,eric75@example.net,GB,Briantown,25961,2025-07-10
C7934280,Kelly,Jackson,1942-04-18,NULL,(996)991-5345,daltondavis@example.com,England,Wongmouth,39894,2022-03-05
C6279135,Dawn,Paul,2000-03-03,Other,(783)811-3747,herreramary@example.org,UK,Port Stephen,49638,2021-12-11
C5101757,John,Mendez,1949-10-16,M,758-411-3808x63055,garyewing@example.org,England,West Anachester,83456,2025-02-25
C514878,Heidi,Walton,1994-08-26,F,509.757.1176x6788,patricia34@example.org,GB,New Susan,56652,2023-04-05
C1350829,Joseph,Savage,2005-02-10,F,445.822.5039x66494,marthadavis@example.net,U.K.,Williamsport,33410,2025-01-20
C138426,Brian,Carroll,2004-01-13,M,826-636-8090x9999,ramirezanthony@example.org,United Kingdom,Markville,78728,2025-10-08
C8308215,John,Rodriguez,2002-05-22,Other,,katherinecardenas@example.org,England,East Heatherville,97855,2026-07-12
C2509494,Kayla,Calderon,1983-03-20,M,599.888.9981,millscynthia@example.com,United Kingdom,Joseside,58327,2023-03-21
C7711402,Douglas,Mccoy,1936-06-05,NULL,931.903.3397x244,lauren63@example.net,England,Dorseyberg,55737,2024-11-25
C9228437,Jeff,Johnson,1974-04-18,NULL,508-903-6993x43868,mckayjacqueline@example.org,United Kingdom,East Markland,63046,2022-11-13
C3580303,Tina,Hernandez,1982-08-24,F,001-822-445-9731x2718,lporter@example.net,U.K.,Salazarside,41372,2022-11-06
C7576365,Mark,Tanner,1935-08-26,Other,001-540-345-5314,rachel71@example.org,England,New Austinfort,30453,2022-12-04
C4691805,Daniel,Hartman,1998-02-26,F,001-872-791-4750,susanberry@example.com,U.K.,Charleshaven,61362,2023-06-08
C3412152,Rebecca,Thomas,1960-03-28,M,+1-283-412-8239x083,colebrian@example.org,United Kingdom,Port Jadetown,04939,2022-09-16
C7933619,Ashley,Moore,1996-08-20,Other,+1-421-502-5078,dennisbrittney@example.org,GB,Laurenchester,47479,2022-06-25
C2391455,Alan,Patton,1997-06-20,Other,+1-839-546-7492x9126,robertdrake@example.com,GB,Kellytown,95922,2023-12-20
C2027036,N/A,Williams,1945-04-22,F,764.602.0455x6060,robertsjoseph@example.com,U.K.,East Cameron,86428,2025-04-02
C4313700,Joseph,,1949-08-11,NULL,675.414.4672,qfuentes@example.com,United Kingdom,Lake Jasmine,97633,2022-07-25
C9479788,Abigail,Burke,1992-08-11,F,764.537.4663x753,kevin75@example.net,GB,South Ericberg,66772,2024-07-25
C3761983,Jesse,Potter,2002-09-21,Other,+1-707-759-3813,qparrish@example.net,U.K.,East Amy,13434,2025-12-08
C1269205,N/A,Townsend,1949-06-27,Other,001-766-372-4365x946,smitheric@example.org,U.K.,West Dawn,66500,2026-04-07
C4796630,Stephen,Sanchez,1942-01-06,Other,888-751-4710x641,williamwilliams@example.net,England,Jamieberg,69465,2025-07-18
C4072189,Lauren,Jackson,1950-04-26,NULL,846.709.8600,ibeasley@example.org,GB,New Chaseville,53513,2022-11-02
C2605772,Kathryn,Bailey,1992-08-07,F,9723436406,sarah96@gmal.com,GB,Karlaville,30050,2021-08-30
C7955267,Kenneth,Ramirez,1975-03-23,M,453.671.2887x793,emay@example.net,UK,Danielland,54620,2026-04-08
C920139,Bryan,Mayo,2004-03-16,NULL,(874)498-3583x561,alewis@example.org,GB,Brandonshire,56658,2026-05-25
C9259850,Samantha,Powers,1999-02-20,NULL,527-581-9275,flucas@example.org,UK,Joshuamouth,20633,2023-08-02
C2533244,Larry,Carroll,1937-09-11,NULL,215.605.6229x4664,smithjoshua@example.org,GB,Paulashire,25015,2024-05-15
C7751105,Kara,Unknown,1937-01-06,M,001-311-818-4533x76812,fcollins@example.org,UK,Danielleland,15797,2025-02-17
C955968,Samuel,Castro,1954-02-13,M,001-845-716-3447x77117,hbryan@example.com,GB,Mooreport,01085,2023-05-21
C7017044,Christine,Smith,1950-08-08,NULL,469-231-7714x343,thall@example.org,England,Lake Stephanieport,69671,2023-10-05
C1763478,William,,1979-01-16,F,3794745699,mccallcalvin@example.org,United Kingdom,North Lisamouth,01553,2023-10-12
C3043874,Angela,Howard,1973-08-30,Other,289.285.9086x08347,iberger@example.com,United Kingdom,Port Christopher,05363,2021-11-20
C2240198,Renee,Martin,10-01-2007,NULL,904-626-7657x6604,jerry75@example.org,United Kingdom,Smithport,33420,2023-10-02
C3289612,Gregory,Forbes,468585268,NULL,001-722-450-8184,brandiblackburn@example.net,GB,South Claire,98077,2022-08-24
C9082712,Valerie,Parker,1976-01-04,F,(215)615-3801,turnerjake@example.org,U.K.,Deborahton,07286,20210828
C8856830,Michelle,Martin,1965-12-02,M,+1-774-647-4679,theresamartinez@example.net,U.K.,West Tylerburgh,83577,05-21-2023
C8565691,Paul,Butler,1995-09-13,M,6092648322,qmoore@example.com,U.K.,Dickersonshire,48344,2022-07-31
C5234858,Michelle,Parker,1938-10-22,F,599-711-3020x5782,perezmary@example.com,England,Abigailhaven,95379,2023-07-05
C9180292,Julie,Acosta,1954-11-05,M,001-243-270-5202,brownrobert@example.org,U.K.,North Jennifer,84597,2022-05-21
C2170451,-,Travis,1955-09-28,NULL,+1-292-949-9419x67193,owensjeremy@example.net,GB,Marshallhaven,28765,2025-09-18
C7751488,Danny,Bell,1971-08-20,Other,445-646-5049x312,adam36@example.org,UK,Katiestad,64144,2022-12-16
C5052428,Suzanne,Schroeder,1999-08-13,M,(390)528-7968,matthewbryant@example.com,U.K.,West Nicholasmouth,32400,2025-10-25
C3918749,Blake,Johnson,1972-07-12,F,205.771.6447x6665,robert56@example.net,GB,South Amandafurt,55780,2026-04-14
C8320378,Jesus,Taylor,1943-10-28,Other,779-228-5932x50409,williamsamanda@example.org,U.K.,Amyhaven,82266,2023-04-21
C9396596,Amy,Jimenez,2000-10-08,Other,769.691.2350,robertfox@example.com,UK,Lake Johntown,76990,2023-01-24
C3842942,Derek,Figueroa,1960-03-30,NULL,835-714-7298,mlopez@example.org,U.K.,East Brandon,26691,2022-10-23
C1584609,Matthew,Scott,1959-07-09,M,001-278-368-9875x0467,emmalawson@example.org,UK,North Kennethfort,90584,2025-02-04
C5698152,Daniel,Stevens,1940-06-13,Other,+1-603-597-8734x3184,yroberts@example.com,GB,Duncanchester,33908,2026-01-21
C1914845,Linda,Jordan,1976-04-01,NULL,+1-685-294-3801x352,jessica71@example.net,GB,Port Edwardfurt,40378,2023-01-14
C632492,Michelle,Peterson,1953-07-19,F,(517)889-4193,fmiller@example.com,UK,South David,57392,2024-09-01
C1428858,Nicholas,Bautista,1987-10-05,F,001-352-742-5284x4907,danaking@example.org,GB,Hesterstad,81204,2022-08-08
C4108036,Veronica,Knapp,1957-11-29,F,N/A,rjordan@example.net,GB,Greeneland,07906,Tomorrow
C2632244,Ashley,Frost,1979-11-16,NULL,+1-537-278-7334x79225,hollyfernandez@example.org,UK,South Vincenthaven,46108,2026-01-07
C8431675,N/A,Gray,1988-05-28,F,(312)674-3244x165,matthew91@example.org,England,Adamland,58431,2024-09-15
C8483671,Kelly,Cortez,2002-01-23,F,710.322.4108x86977,wreyes@example.net,U.K.,Lake James,84147,2022-10-05
C391355,Roberta,Mullins,1942-05-21,M,(838)672-2344x03149,udavidson@example.net,UK,Lake Ashley,18515,2025-05-13
C2271079,Michael,Walker,2006-04-25,F,+1-773-610-1346,uwest@example.com,United Kingdom,Maldonadomouth,30635,2021-12-27
C9103692,Maria,Smith,1987-05-31,NULL,929.948.9764,floresandrew@example.net,UK,Frostburgh,97780,2021-09-06
C595510,Frederick,Bowman,1991-08-24,M,(793)246-3091x1283,xrandall@example.org,UK,North Wendy,79498,2025-06-22
C455747,John,Goodwin,1937-07-24,NULL,417.965.7643x693,daniel14@example.com,U.K.,Conwayfort,86626,2024-08-23
C342692,Jeffrey,Rowe,2006-03-31,Other,001-989-337-2243x8424,pfoley@example.com,UK,Donton,86627,2024-09-06
C5134003,Jennifer,Hensley,1976-06-05,Other,001-405-310-9302x95261,teresa45@example.net,U.K.,Millerchester,63636,2022-12-28
C9496823,Michael,N/A,1996-10-21,M,667-468-4715,agarrett@example.com,England,South Alan,74828,2023-05-05
C8291588,Renee,Mills,1961-04-01,NULL,+1-715-660-4140x1254,gdouglas@example.net,U.K.,Monicaport,59807,2024-03-25
C9139842,Sabrina,Schwartz,1950-05-17,Other,001-864-705-5967x5568,lisalewis@example.org,United Kingdom,Barrfurt,51763,2025-07-23
C8815882,Christopher,Greer,1948-11-03,Other,001-929-843-2873x29713,greensamantha@gmal.com,U.K.,Rickville,46454,2022-04-13
C5705781,Katherine,Johnson,1975-12-11,NULL,889-371-4607,orobinson@example.org,United Kingdom,West Johnmouth,31661,2023-05-17
C2055228,Matthew,Bradley,1949-06-07,Other,522-699-9889,turnererin@example.net,GB,Sparkston,90979,2022-05-14
C5129031,Nicole,Little,1994-08-28,NULL,773-728-2995,vazquezamanda@example.com,United Kingdom,Christopherberg,07583,2025-07-13
C6383148,Angela,Stanley,1959-02-03,Other,549-615-2768,jesusherman@example.net,England,Goodwinfort,59700,2026-02-07
C9118246,Daniel,Miranda,1977-06-09,NULL,001-882-401-7346,dana77@example.net,U.K.,Port Dakota,71539,2026-06-13
C8739027,Michael,Garcia,222751209,F,001-814-536-4559x5730,rjones@example.com,GB,Lake Jessicabury,11532,2024-11-18
C7990511,Selena,Jackson,1941-07-06,Other,+1-370-316-4245,chavezerin@example.org,England,Jennifermouth,65893,2022-08-12
C8999808,Dawn,Dawson,2000-04-02,M,4978745230,amy11@example.com,GB,South Timothy,19612,2026-05-26
C8883890,John,Dean,1976-02-10,Other,,hjohnson@example.org,GB,Rachelburgh,70029,2025-01-31
C8554152,Laura,Cook,1949-06-06,F,(388)428-3861x671,christine19@example.org,U.K.,New Lynnmouth,57659,2022-08-16
C1209611,Amanda,Chandler,1991-02-04,M,3632926192,ahensley@example.org,England,Lake Eugeneshire,60356,2023-01-11
C7883065,John,Shaffer,1980-08-29,M,001-269-715-1213x963,smithregina@example.com,England,Ronaldland,91685,2026-04-05
C8761778,Danielle,Johnson,2003-06-18,NULL,(293)531-3141,thomasglass@example.org,UK,Josefort,58520,2023-05-11
C3334487,Jennifer,Holland,1941-10-30,NULL,(890)822-7707x1383,crystalleach@example.net,United Kingdom,New Sarahville,65358,2023-11-24
C8322966,Ronald,Williams,1986-09-15,NULL,N/A,cburgess@example.net,England,Williamsport,73114,2023-01-02
C9461601,Kyle,Robles,1939-06-11,M,+1-422-922-7023x723,gmorrison@example.com,UK,Gonzalezstad,92941,2022-02-10
C2066356,Alexander,Bruce,1976-10-29,Other,+1-563-839-4476,jonesmichelle@example.com,U.K.,Valenzuelashire,66274,2024-08-16
C3544942,Tiffany,Christian,1982-01-17,Other,468-492-7290,brownkaren@example.net,UK,East Cameronmouth,55000,2021-09-21
C7119490,Karen,Wilson,1988-11-15,NULL,001-452-763-6767,glenngreen@example.com,GB,North Leonstad,18317,2022-02-21
C4453047,Chris,Hernandez,2008-07-02,F,661.718.4692x06211,kking@example.net,UK,Butlerfurt,10852,2025-11-17
C3630349,Marcus,Nguyen,2004-09-05,M,982.698.5054,hendersonrandy@example.net,GB,New Tiffanybury,92672,2024-07-11
C2260537,Kristin,Murphy,2007-12-06,F,+1-427-698-6074x37275,prangel@example.net,England,Smithport,08435,2026-01-16
C319700,Wendy,Dudley,1970-09-15,Other,+1-513-200-8547x4244,wilsonchristopher@example.com,UK,West Marystad,51767,2022-02-04
C3902293,Susan,Duran,2006-11-20,M,352-228-2459x27663,cynthiahernandez@example.com,GB,Aliview,77486,2021-10-12
C634252,Thomas,Jimenez,2003-09-17,Other,+1-260-374-6995x5139,ecampbell@example.com,England,Ashleyborough,44224,2023-01-01
C167853,Michael,Larson,2002-01-06,M,7708326696,wharris@example.net,GB,Port Garrettview,01999,2025-05-10
C1259203,William,Sullivan,1996-04-26,NULL,722.497.4361,april83@example.org,England,South Franciscoland,81007,2023-01-10
C5033201,Kayla,Smith,1962-07-20,M,816.336.3354x25790,lmckinney@@example.com,UK,Amyfurt,12189,2022-07-09
C8369220,Jason,Simpson,1979-01-23,Other,354.945.5983x76737,derek25@example.net,United Kingdom,Lake Adrianaside,23552,2023-10-04
C8078391,Joseph,Williams,1963-06-19,Other,001-682-394-8520x9627,proctorlaura@example.com,U.K.,Yolandastad,70031,2023-07-01
C8564371,Mike,Perry,1950-04-10,F,+1-335-802-7682x4195,dianaanderson@example.net,GB,South Jessicafort,02258,2022-11-09
C4209935,Margaret,Walker,1959-06-11,M,(809)255-6169x320,cherylhoffman@example.org,England,West Denisestad,09998,2026-03-23
C844123,Catherine,Schneider,1982-04-07,NULL,(638)680-2217x2178,copelandshannon@example.net,U.K.,Harrisonfort,75666,11-03-2025
C1311525,Russell,Jones,1937-06-07,F,+1-660-474-8489x2320,hendersonamy@example.org,United Kingdom,Port Stephanie,48159,2022-10-27
C3576348,Unknown,Barajas,2007-02-22,F,628.256.1690x2162,gomezsarah@example.net,UK,Alvarezville,18907,2022-11-20
C8669346,Tracy,Gonzalez,1975-09-26,NULL,924-715-6158,michaelramsey@example.net,GB,New Mark,10841,2024-05-04
C5951693,Thomas,Watson,1968-11-18,Other,001-632-217-5560,justinjones@example.net,England,South Barbara,19853,2021-08-22
C4771269,Billy,Ball,480479176,F,001-782-495-4729x4626,elizabeth48@example.org,U.K.,Emmamouth,71287,2025-03-21
C7252817,George,Ochoa,1966-12-11,Other,982.433.5432x496,bblackwell@example.net,U.K.,West Michelle,92028,2022-12-21
C8582508,Brenda,Rogers,1990-08-28,F,818.896.1814x6259,williamsjason@example.net,United Kingdom,Brownchester,12542,Tomorrow
C7229716,Christina,York,1991-03-24,F,427-566-7811x4274,shanesimmons@example.com,GB,Garyton,50445,2024-09-04
C2862592,Michael,Martin,1959-10-24,NULL,259.253.3754x88467,pattersonmark@example.org,U.K.,Washingtonburgh,47731,2025-11-02
C6343575,Tiffany,Williams,1953-01-12,F,607-704-8140x2236,pamelarivera@example.org,GB,Berryton,04797,2024-12-22
C6873056,William,Hart,1949-10-17,NULL,(533)464-7086x6866,brownchristina@example.org,GB,Johnstad,08440,2023-07-28
C4164590,Brian,Jones,1978-10-25,M,323-602-1697x25642,zavalasamantha@example.org,England,Markmouth,03235,2023-09-10
C4287153,Jason,Snyder,1957-06-27,F,+1-207-730-9878,allen07@example.com,United Kingdom,East Albert,35471,2025-10-08
C529977,David,Harris,2001-06-26,Other,001-631-580-8998x3329,jamesmurray@example.com,GB,Lake Richardstad,70818,2021-12-07
C5150144,Kimberly,Singleton,1964-10-18,M,5789122396,johnsonbrent@example.com,United Kingdom,Sullivanville,67185,2023-12-21
C2026971,Ronald,Johnson,1977-04-16,F,4184559317,christywalker@example.org,UK,Lake Lynnton,12842,2021-11-18
C1569436,Joe,Cantu,2004-09-10,M,(491)939-2904,williamsmichelle@example.com,U.K.,Katiemouth,87714,2023-10-22
C4979883,Amy,Cameron,1995-03-08,NULL,545.821.3952,austin92@example.org,UK,Lake Robertborough,56683,2026-01-22
C856030,Duane,Jones,1961-03-17,NULL,927-911-4365x573,joseph69@example.org,United Kingdom,Kaiserberg,28873,2024-09-19
C5918178,Emma,Collins,1951-06-20,Other,208-450-3368x2719,doughertylogan@example.net,U.K.,Port Tyrone,73099,2023-10-03
C176493,Anthony,Cochran,2004-02-12,NULL,254.844.5368,robert84@example.org,United Kingdom,South Renee,84121,2023-07-02
C5843573,William,Smith,1941-08-09,M,874-841-3264x30118,johnsonbrittany@example.org,England,East Adamtown,14894,2022-01-09
C2876741,Kyle,Tucker,1956-07-06,M,599.717.4149,david84@example.org,U.K.,Andrewview,82740,2023-05-14
C5284136,April,Mclaughlin,1993-02-15,F,+1-539-464-9012x9080,nbrown@example.org,UK,Petersfurt,38499,2023-10-19
C7937728,Michael,Diaz,1976-02-12,F,(935)404-6630x68063,alewis@example.com,United Kingdom,Stewartshire,60740,2022-04-10
C9535465,Edward,Turner,2004-12-14,M,+1-455-230-3085,twright@example.com,England,Coreyhaven,70459,2024-11-13
C2394448,Jason,Miller,1948-03-16,Other,7907676974,kristinnunez@example.org,England,Walshmouth,61419,2022-04-30
C6284791,William,Romero,2004-12-05,F,586.745.8930x597,twilliams@example.com,United Kingdom,Johnview,31473,2023-10-25
C9946961,Christopher,Rios,2004-04-02,NULL,(708)359-7546x789,traceyreeves@example.net,U.K.,Michelleshire,99385,2023-06-17
C1265842,Kelsey,Johnson,1952-11-16,NULL,+1-242-508-3560x2939,asanchez@example.com,England,Port Jamesland,33197,2026-06-22
C5910932,Donna,Gutierrez,1978-09-02,NULL,926.751.1700,thomas15@example.com,U.K.,Rodriguezfurt,18297,2022-12-15
C6368447,Dakota,Hurst,1976-05-17,Other,(766)947-6866x64952,heathergonzalez@example.org,United Kingdom,Jonathonport,05919,2022-03-23
C3194012,Tanya,Butler,1946-10-26,M,736.427.2316x8678,dylan52@example.com,U.K.,Michealfurt,59302,2022-03-18
C6612472,Ashley,Higgins,1984-07-25,M,830.514.5032,williamsrichard@example.com,England,New Lisa,27900,2025-04-07
C4918918,Brett,Tran,1994-11-16,M,422.695.4167x99784,eric40@example.org,GB,Davidside,94775,2021-12-13
C8355015,Paula,Sloan,1991-02-20,Other,001-725-351-8493x03758,okeller@example.org,UK,Lake James,52816,2022-12-23
C12870,Jacob,Warner,1948-08-14,F,3939761150,laurahayes@example.net,U.K.,Mccarthyview,62907,2024-09-09
C9647662,Danielle,Harvey,1945-07-23,M,(526)553-0042x19573,heidigreen@example.net,GB,East Jasonhaven,78309,2022-04-20
C3859632,Martin,Noble,2007-01-04,F,375.563.3282x82386,ramirezsandra@example.net,GB,Port Kelly,07195,20220326
C2159744,Nicole,Olsen,1983-06-06,F,(262)655-4207x5290,phillip33@example.org,UK,South Kurtton,97508,2022-03-19
C5349086,Gina,Hamilton,1993-06-23,M,864.383.3204x5801,xmoore@example.com,U.K.,West Paul,03919,2026-04-26
C6423911,Julie,Dean,1990-03-09,F,(740)987-5529,zachary06@example.net,UK,West Matthewland,50241,2024-06-11
C493383,Richard,Herman,1938-11-08,NULL,001-439-320-5567x6919,carlasherman@example.com,England,New Carl,22073,2021-09-27
C6020612,Randy,Gill,1963-04-23,F,NULL,lindseydennis@example.net,UK,Burkeshire,66063,214760734
C4158844,Calvin,Collins,1993-09-16,NULL,(303)299-7673x48868,samantha91@example.org,United Kingdom,Port Donnaland,24386,2024-06-25
C5477310,Dennis,Lee,1938-03-02,F,+1-591-642-3899x0064,scottjohnson@example.org,GB,Greenefurt,28384,2024-04-04
C9221995,Robert,Doyle,1973-01-14,M,2852640167,paulhudson@example.com,England,Travisshire,45349,2022-06-18
C1497705,Sarah,Cole,1998-02-04,NULL,9844429169,chanlance@example.org,United Kingdom,Lake Michelle,75566,2023-11-16
C1691802,William,Scott,1941-07-28,NULL,001-201-207-6739x10881,linda54@example.net,England,Schneiderfurt,47759,2024-10-26
C30478,James,Nelson,1977-05-04,M,(246)734-7261x80154,franklinmark@example.com,U.K.,West Nicole,11025,2025-10-22
C3544293,-,Johns,2005-06-10,Other,001-373-284-6937x282,frankcarpenter@example.net,England,Port Jeffreyborough,38105,2021-12-24
C8404315,Sandra,Olson,1958-06-17,M,422-302-5412x0263,ijohnson@example.com,GB,South Lisa,45595,2024-07-23
C7349594,April,Rivera,1957-09-23,Other,001-394-564-3704x2066,adamwilliams@example.com,England,North Scott,88484,20251110
C8376644,Caleb,Ortiz,1954-10-13,M,495.648.1847,richardsthomas@example.com,United Kingdom,Smithmouth,47866,2023-11-27
C7856075,Miguel,Mcclain,2000-04-23,Other,451-652-2803x011,thomasacevedo@example.org,U.K.,Joshuaburgh,71642,2026-04-18
C5472511,Rachel,Williams,1962-12-15,M,995-217-8889x050,teresa10@example.com,GB,Lake Emily,09935,2024-06-05
C8853553,Cathy,Hernandez,1958-03-11,NULL,(890)578-6220,ashleyhill@example.com,England,Fosterland,34299,2025-05-07
C9446607,Richard,Berger,1974-04-28,Other,678-349-5173,joan29@example.com,U.K.,New Douglasview,10936,2021-11-15
C6529905,Unknown,Torres,1954-02-18,NULL,(725)625-8301x88561,pachecoclifford@example.com,England,South Adam,67170,2022-07-24
C1572766,Monica,Rodriguez,1977-12-05,F,+1-287-867-3938x8308,christopher97@example.net,England,Acostachester,70023,2025-03-06
C585666,Christopher,Mack,10/10/1993,M,(618)367-5936x216,swashington@example.org,United Kingdom,Brianside,83823,2021-08-04
C9044050,Cynthia,Chang,1956-02-24,M,(679)507-7884x777,wilsonmatthew@example.net,UK,Seanshire,33129,2023-06-18
C8804143,Ian,Rodriguez,1976-08-13,M,348.299.7621x209,xthomas@example.net,England,North Rachel,33194,2025-01-24
C8272328,Patricia,Hernandez,1993-05-03,F,(578)319-9485x825,laurahopkins@example.com,England,Jamesborough,09011,2023-06-01
C7076911,Todd,Gilbert,1985-03-21,Other,364.701.8396x113,kristinbaker@example.org,UK,Reeveshaven,29571,2023-09-23
C3786788,Holly,Camacho,1990-10-14,Other,836.878.0387x7234,greenesara@example.com,GB,Archerville,55834,2023-07-16
C1023442,David,Steele,2005-03-05,F,(870)633-0930x059,juliemiller@example.org,England,Port Elizabethburgh,11806,2022-07-19
C4598320,Teresa,Gregory,1969-02-21,F,(892)252-7533,joseph44@example.com,England,Craigstad,33484,2021-11-15
C158611,Roberto,Nichols,2001-10-08,M,+1-413-217-0766x2955,josecombs@example.com,GB,Peterburgh,52291,2025-05-20
C4521152,Jennifer,Morse,1979-12-13,F,+1-233-846-3864x1426,ericgallegos@example.com,England,South Spencermouth,51542,2026-03-24
C9229836,Colleen,Howard,1968-09-08,F,6394701923,gonzalesbrandon@example.net,GB,East Christy,46697,2022-09-07
C5400692,Veronica,Ayala,1999-07-17,F,(490)406-6515x7181,lewiscolton@example.org,England,Port Russell,14018,05-15-2022
C5200186,Julie,Thompson,1969-04-05,M,(993)992-3923x11976,kenneth73@example.com,England,Obrienton,96689,2024-10-15
C1483000,Nathan,Leon,1971-05-28,F,534.276.7160,brettbonilla@example.com,United Kingdom,West Kimview,80763,2024-07-08
C1483388,Adrian,,1949-01-11,NULL,+1-670-570-8923,ttate@example.net,UK,Lauraburgh,79518,2023-02-14
C5418891,Claudia,Hunt,1980-04-19,F,316-605-9458,kevingamble@example.net,United Kingdom,Markbury,19781,2025-09-06
C79502,Laura,Fitzgerald,1948-06-04,M,001-989-680-4439x865,susangreene@example.com,United Kingdom,Bennettland,45755,2025-07-30
C7473878,Gary,Moore,1986-06-17,NULL,(269)563-0885,kathryn53@example.com,UK,East Deborah,76031,2025-02-09
C9046182,Megan,Hamilton,1937-01-26,NULL,(785)281-0594x0018,howardphillip@example.org,GB,Lisaborough,46636,2022-03-15
C2606508,Beth,Savage,1958-03-31,Other,,luis15@example.com,GB,New Isaac,55432,2025-10-04
C1854472,Francisco,Vasquez,09-12-1945,NULL,322-898-6879,ajohnson@example.com,U.K.,East Bradleyfurt,31721,2022-11-21
C8809791,Lindsay,Simmons,1952-12-19,F,752.846.1088x08561,kelly11@example.net,United Kingdom,East Melissaberg,02665,2025-09-14
C4714745,Eric,Mcconnell,1965-06-11,M,(340)358-7668x4981,stephanie56@example.com,UK,New Cynthiashire,78680,2025-02-04
C2842933,Joyce,Baxter,Yesterday,Other,957-986-3249,chadmartinez@example.com,United Kingdom,Port Jacob,61649,2026-04-16
C1205750,Tiffany,Boone,1958-05-24,M,(202)636-1010x50845,josephjones@example.net,England,Alexisborough,47480,2024-09-30
C2784856,,Johnson,1940-09-29,NULL,7303935337,debra14@example.org,GB,Taylorville,01883,2021-08-24
C5318754,Kathryn,Hayes,1942-05-17,Other,(546)258-9902x3856,jacobswanda@example.org,United Kingdom,Anthonyhaven,99635,2024-01-20
C6532753,Jessica,Martinez,1969-06-05,M,868-460-0201,timothy55@example.com,U.K.,Port Jeremyhaven,85666,2024-01-16
C279970,Danielle,Donovan,1962-12-30,M,778-303-0668x999,dhouse@example.org,UK,Morrisborough,23810,2023-04-27
C9053761,Brandon,Gomez,1978-12-19,Other,5134855385,michael59@example.com,UK,West Kimberly,82429,2024-06-26
C864941,Randall,Gomez,1979-08-31,Other,640-507-5658x205,qjohnson@example.com,United Kingdom,West James,19891,2022-12-23
C2686636,Stacy,Torres,1982-04-29,F,001-271-551-8850x970,xjohnson@example.net,United Kingdom,Lake Matthewshire,25337,2023-03-28
C5482364,Philip,Gallagher,2004-05-16,NULL,524-454-0100,rebeccabailey@example.net,United Kingdom,Lewishaven,78107,2023-07-27
C2349301,William,Beasley,1978-06-19,F,+1-966-806-9461,lbrown@example.com,U.K.,South Kimberly,38951,2025-10-03
C3902707,Megan,Cannon,2006-11-04,Other,244.331.0109x67007,carteremily@example.org,United Kingdom,Lake Nicholaston,33958,2021-10-30
C9007138,Alisha,Cox,1937-10-13,M,(782)984-1086,xburgess@example.org,England,North Alison,06011,2021-11-22
C5440987,Laura,Harvey,1948-09-21,F,5759085954,sjacobson@example.net,UK,Colemanfort,24073,Tomorrow
C5560172,Crystal,Gray,1942-04-18,F,(580)806-9999,matadeborah@example.org,U.K.,East Michelle,90750,2026-04-14
C2109674,Kenneth,Holland,1983-06-06,F,426.616.9840,schmittdustin@example.com,England,New Leslie,72855,2022-03-19
C6638522,Sharon,Taylor,2004-11-27,NULL,733.564.6344,connor43@example.net,England,Stephensonville,68852,2022-05-24
C8743919,Rachel,Johnson,1996-01-07,M,971.237.5152,jose50@example.com,United Kingdom,Hubbardberg,18301,2023-04-09
C524650,Ryan,Harding,1992-03-07,F,520-382-9518,keaton@example.org,U.K.,West Katelyn,95254,2023-05-17
C3008412,Lisa,Wade,2000-04-24,F,866.642.9369x7020,qvargas@example.org,UK,Wattsstad,33501,2021-09-18
C7038864,Zachary,Waller,1948-08-15,NULL,(858)454-6802x813,emendoza@example.net,GB,Leeport,35322,2022-10-05
C7865417,Matthew,Unknown,1985-03-04,NULL,+1-773-706-9732x750,wsutton@example.net,UK,North Travis,55886,2024-08-21
C9008940,Charles,Ware,1997-06-02,Other,001-407-799-2414x6829,scottwebb@example.com,England,Hectorchester,10544,2022-05-15
C7626572,Jared,Hernandez,1979-05-15,F,001-385-298-7871,adamsmegan@example.net,U.K.,West Laurafurt,89668,2024-02-25
C500094,Ronald,King,1944-10-30,NULL,001-618-228-8512x13066,catherine73@example.org,GB,Patriciachester,88493,2022-01-28
C1496079,Ann,Taylor,2004-04-18,F,,tayloremily@example.net,GB,Davidside,30255,2024-10-15
C1416860,Michelle,Howard,2003-01-20,NULL,633-828-8926,harrygonzalez@example.org,UK,East Bobbyton,21209,2023-01-20
C5322641,Annette,Gallagher,1940-04-28,NULL,704-678-9529x46475,buckantonio@example.net,GB,Cooperchester,74713,2024-05-19
C3815321,Nicole,Murray,1991-04-16,F,999-501-8367,stevengomez@example.net,United Kingdom,Normanburgh,62010,2025-02-02
C8768786,Lisa,Dixon,2007-11-10,NULL,(673)996-4769,xperez@example.org,England,Lake Taylormouth,11162,2023-11-03
C3150086,Joshua,Simpson,1961-06-14,M,475.321.9671x10243,crosscynthia@example.net,GB,Reginaland,68650,2021-12-12
C631046,Nicole,Acevedo,1960-11-03,F,305-739-8633x535,barbara45@example.com,UK,East Jonathan,44132,2022-12-05
C8335648,April,Keller,1965-08-18,NULL,001-211-816-3453x998,ngray@example.com,U.K.,Floydland,50375,2025-06-08
C4903936,Dylan,Oliver,1988-12-22,Other,2843867642,velliott@example.org,U.K.,New Johnbury,10858,2023-10-27
C7785248,Lawrence,Cain,1963-05-16,M,801.792.7005,mcdanielmelissa@example.net,GB,South Jaredtown,73752,Tomorrow
C3905031,Jillian,West,1961-08-20,M,+1-509-667-0641x8550,kstevens@example.org,United Kingdom,Port Susan,62596,2022-10-15
C7736862,Alyssa,Miller,1973-04-08,Other,001-482-247-5324x87539,ysoto@example.com,United Kingdom,North Michaelton,92297,2024-01-06
C6553377,Dana,Grant,2002-01-20,NULL,954-278-8843x8267,dean28@example.net,England,New Lisa,82610,2024-09-24
C9449695,Joshua,Flynn,1944-05-13,M,+1-982-218-1418x236,helengonzalez@example.net,UK,Soniaton,36046,2023-06-14
C5182756,Jeffrey,Molina,1957-06-18,M,558-345-0822x82644,sarahparker@example.com,England,Thomasbury,15516,2024-01-03
C199805,James,Rose,1972-03-03,F,4975448054,wagnerjacqueline@example.net,GB,Jenningstown,99908,2024-08-10
C8496882,Kevin,Proctor,1966-08-23,NULL,769-361-6621x79211,kathleen62@example.net,GB,South Joelburgh,86784,2023-12-07
C6126862,Thomas,Stewart,1966-07-02,Other,955.250.0990x8912,jacksonpatricia@example.org,UK,Brandonfort,69511,31/07/2026
C4316807,Desiree,Bailey,1956-03-19,M,944.508.9834,scottarmstrong@example.org,U.K.,Port Scott,61812,2025-12-29
C2084389,Mark,Evans,2002-05-13,M,(859)323-9652,gsullivan@example.net,UK,South Nathaniel,05334,2023-06-19
C5999110,Sarah,Mercer,1978-10-21,NULL,3195185951,bpratt@example.com,England,Jesseberg,69736,2022-10-12
C8986848,David,Shaw,1944-12-24,M,001-415-739-9679,matthewhurley@example.com,United Kingdom,Port Johnny,30866,2021-08-24
C4848444,Robert,Mcintyre,1999-04-26,F,476-806-5952,brian06@example.net,GB,Jamesview,68008,2026-05-28
C6152903,Joseph,Simmons,1994-07-25,NULL,697-671-7267,leemichelle@example.com,UK,South Derrickbury,51908,15/04/2024
C7276282,Robert,Walls,1937-10-24,F,Unknown,brandonwilliams@example.org,England,Lake Chelseaton,32392,2023-08-23
C304706,Jason,Daniels,1975-02-02,M,7852935052,josephbird@example.com,UK,North Melindaville,39112,2026-03-02
C2632873,Jacqueline,Wilson,1969-03-18,F,001-934-966-3313x36434,danielwalker@example.com,GB,Port Tammyport,32203,2025-06-04
C240397,Sonya,Kaiser,1946-01-25,NULL,001-302-354-8106x718,rodriguezmisty@example.net,U.K.,South Adammouth,33659,2025-07-31
C9839271,Jasmine,Brown,1998-02-19,M,598-649-5263x3054,NULL,United Kingdom,North Thomas,10993,2026-07-16
C7013158,David,Wheeler,1945-10-10,M,569.502.0548x9672,ythomas@example.org,UK,West Dustintown,23436,2022-09-20
C8120004,Kimberly,Thomas,1998-08-11,Other,354-294-5515,donovanandrea@example.org,U.K.,Port William,20669,2024-11-09
C1383066,Heather,Robinson,1957-04-20,F,922.988.2825x06181,zrocha@example.com,U.K.,Lake Maria,41386,2024-02-01
C1591899,Jorge,Johnson,1955-05-19,Other,001-209-662-8959x814,martinezjorge@example.org,GB,South Sherri,20047,2022-02-01
C2342448,Christian,Campbell,1979-08-07,NULL,(629)945-3477x56793,bowenelizabeth@example.org,United Kingdom,Lake Calvin,61711,2024-11-19
C1926358,Jennifer,Johnson,1955-10-19,M,NULL,ryan37@example.net,England,Smithside,57792,15/06/2024
C292957,Pam,Spencer,1938-06-18,Other,504.796.4674,samantha87@example.org,U.K.,Floresstad,06692,2023-03-23
C6091589,Laura,Anderson,1941-10-22,F,715-504-3525x585,icameron@example.net,UK,East Michael,96437,2026-06-09
C1566518,John,Hale,1956-10-05,Other,+1-273-482-5760x6822,wfrazier@example.org,UK,Shannonmouth,74771,2022-02-09
C5522417,Cynthia,Torres,1969-10-24,F,203-684-0094x42910,serranoedwin@example.net,United Kingdom,West Elizabeth,99368,05-05-2025
C5778709,Sean,Wilson,1973-08-30,M,+1-469-713-3965,grantle@example.com,U.K.,South Kimberlyfort,59097,2024-11-30
C1043637,Vanessa,N/A,1980-03-13,M,(564)305-2585x4407,jessica30@example.com,U.K.,Robertston,04310,2024-09-09
C973220,Adam,Patel,1988-12-27,F,(903)589-8711x51448,spencersally@example.org,United Kingdom,Lauratown,59302,2021-12-27
C3655241,David,White,1955-05-19,NULL,(886)908-1323x175,njackson@example.org,England,Watsonchester,56824,2026-03-16
C4912115,Derek,Peters,1953-11-04,M,001-250-212-5197x27082,jacobskeith@example.net,GB,South Randall,68680,2025-02-21
C5718180,Susan,Lowe,1992-07-25,M,843-774-1481x3820,loveangela@example.org,GB,Kimberlyside,53394,2023-12-23
C3714056,James,Garcia,1976-04-27,NULL,+1-926-680-9590x3839,chenelizabeth@example.net,GB,Lake Bruce,98007,2022-01-26
C808929,Tracy,Thompson,1936-09-19,M,418.968.4369x7702,jfleming@example.net,UK,Randallport,33272,2026-03-24
C8344056,Jacqueline,Pham,1942-08-01,NULL,713-350-4057x550,valdeztimothy@example.org,UK,Port Johnnyland,91414,2025-06-14
C5593930,Francisco,Williams,1984-02-05,F,720.883.2227x4627,justinbutler@example.net,UK,Taylorville,84399,2026-06-25
C453400,David,Roth,1983-01-31,F,775-795-2491x892,audreyjordan@example.org,U.K.,Lake Kaylafurt,77886,2025-01-13
C3450297,Eric,Sanchez,1982-11-18,NULL,NULL,rleach@example.org,England,Meganfurt,35394,2022-02-15
C6800912,NULL,Pineda,2008-07-17,Other,,carpenterjames@example.com,England,Lake Emilymouth,15630,2022-12-17
C5686930,Dennis,Davis,1997-08-24,M,-,iking@example.com,GB,Rebeccaside,52746,2025-01-24
C2698350,Margaret,Hughes,1976-06-15,Other,+1-282-804-3324x7818,zgillespie@example.net,UK,South Heather,44800,2024-03-08
C4709358,Chelsea,Moore,1950-01-01,M,001-789-511-7258x68245,jenniferzavala@example.com,UK,New Rhonda,86685,2021-11-19
C1534590,Susan,Morris,1986-07-11,NULL,608-609-8731,bradleymoore@example.net,U.K.,Palmerville,63659,2026-04-26
C741322,Jacqueline,Kelly,1975-11-13,M,+1-346-776-1905,campbellkathleen@example.net,UK,Millerport,93423,2022-11-20
C5432178,Paul,Peck,1940-05-16,M,+1-731-385-1988x248,henryjason@example.org,United Kingdom,New Brian,04524,2022-10-17
C4075250,Peter,Walker,1990-12-09,F,001-530-978-8768,rroach@example.net,UK,Lake Christopher,21973,2024-12-07
C3743677,-,Rodriguez,1993-08-12,Other,929.936.3557x6651,wayneallen@example.net,UK,North Craigport,60061,2023-11-15
C387278,Brittany,Wright,1948-01-04,F,365.288.1559,ybarnett@example.org,United Kingdom,Kennedymouth,67048,2021-11-22
C3268691,Paul,Huerta,2005-07-19,F,759-437-0213,nburton@example.org,GB,Leachtown,46077,2022-11-04
C9464059,Karen,Andersen,2003-03-30,F,4119153867,williammorris@example.com,GB,Jonesborough,53353,2026-06-21
C2010347,Adam,Jackson,1946-10-02,F,659-750-2655,frush@example.net,UK,South Erin,96848,2024-07-26
C2833855,Jacob,Unknown,2004-06-29,M,554-414-4837x98614,webbkevin@example.com,UK,Lake Alejandraville,49246,2023-11-29
C2955595,Ronnie,Burgess,1966-01-26,NULL,001-513-832-1946x20441,johnmullins@example.org,U.K.,Leonchester,29999,2025-11-20
C8724135,Alexander,White,1962-05-11,F,(575)466-2562,dcarlson@example.net,UK,East Martha,23268,2021-11-13
C2645862,Brittany,Marshall,1991-02-28,F,455-436-3222x42301,derrick53@example.org,U.K.,Hudsonmouth,05830,2025-03-06
C4369514,Richard,Mitchell,1950-11-09,Other,875.434.8410x19119,umcbride@example.org,U.K.,Lake Joseside,18227,2025-01-30
C4502198,Micheal,Benton,2007-06-20,F,+1-298-317-1672x2656,nguyenamanda@example.com,U.K.,North Melissaland,22461,2024-07-28
C5477879,Heather,Gonzalez,2000-12-11,F,614-410-1281,NULL,UK,Kellymouth,61060,2022-05-11
C8176956,Alyssa,Parker,1985-05-07,M,595.815.4664x159,yluna@example.org,UK,New Maria,20211,2023-09-28
C8985144,Jennifer,Moon,1973-02-05,Other,747.282.8227x1660,morgan13@example.net,U.K.,Howellborough,89818,2023-10-12
C8136679,Steven,Torres,1960-03-27,NULL,552.779.1813x35423,erica88@example.net,England,Campbellchester,18111,2021-11-28
C7733351,Jeffrey,Morris,1995-06-27,NULL,613-510-1718x549,alexanderpaul@example.com,U.K.,West Ryan,60950,2025-06-28
C1351670,Scott,Lewis,2004-01-02,M,001-694-653-4908x923,jennifermontoya@example.net,U.K.,Paynechester,31714,2022-05-12
C5743138,Michael,Obrien,1989-03-22,NULL,988-828-4510x8477,washingtonpatricia@example.net,U.K.,Jamesstad,36730,2024-03-14
C3000434,Clifford,Hodge,1977-04-21,NULL,999-861-2584,eedwards@example.org,United Kingdom,Dyerfort,89527,2024-05-09
C8803937,Jonathon,Moreno,1981-01-19,NULL,+1-740-476-9931,larry76@example.net,England,North Donna,73999,2023-08-16
C1662888,Jason,Unknown,1977-06-20,Other,+1-498-634-1829x6756,corey82@example.net,United Kingdom,Ellisland,28541,2026-04-02
C2904217,Jason,Kennedy,1955-01-30,Other,8045105494,john09@example.net,U.K.,North Tyler,72723,2023-07-03
C1495911,Leah,Ortiz,1998-04-09,NULL,835.832.5976,christopher22@example.net,GB,Tammyville,66302,2026-01-24
C6847816,John,Mack,1961-01-26,NULL,678-936-7420x0567,stephanie89@example.net,UK,New Dwayne,66440,2024-10-20
C2726405,Eric,Moore,1951-04-15,F,275.609.9700x62922,melanie33@example.com,England,West Emily,66236,2021-08-04
C494204,Amanda,Weaver,1963-02-21,F,,dbass@example.com,United Kingdom,North William,29730,2023-10-24
C3736322,Ronald,Schwartz,1994-10-15,Other,+1-383-791-1271,natalie96@example.com,United Kingdom,Lake Julie,46665,2026-03-08
C3438820,Ann,Cooper,1942-05-05,M,+1-859-591-4678x5249,cynthia36@example.net,England,Lake Joshua,09160,2026-07-26
C5468058,Cheryl,Edwards,1966-06-01,M,(502)884-4453,reyesgina@example.com,United Kingdom,Lake James,06662,2025-03-25
C776150,Faith,King,2003-04-12,M,+1-650-954-2286x569,timothywilliams@example.com,England,North Sean,02743,2024-02-13
C9461214,Taylor,Unknown,1947-02-16,F,239.945.8191,NULL,UK,Williamsland,40368,2025-09-19
C3390260,Michele,Moran,1983-06-26,Other,556-598-6421,jacob66@example.org,United Kingdom,West Courtneyland,39158,2025-11-11
C9081600,Mallory,Miller,1999-04-17,M,898.866.7948,levinemary@example.net,United Kingdom,Berryborough,71996,2023-06-12
C5631666,Drew,Ballard,1961-03-21,F,361.375.6655x882,aprice@example.net,UK,Rodriguezstad,35719,2025-06-11
C4392172,Carolyn,Cardenas,1940-03-12,F,(471)717-0525x1765,amartinez@example.net,United Kingdom,Annetteburgh,97774,2022-10-24
C9893466,Christopher,Roberts,1947-07-20,NULL,967-510-8832,uacosta@example.com,U.K.,North Bradleyborough,26015,2026-05-24
C2359095,Rodney,Morris,1972-04-29,M,+1-838-717-2802,collinsanthony@example.org,UK,Johnsonport,63745,2025-09-08
C2763286,Carl,Rodriguez,1941-08-06,F,470-242-7478x0987,rle@example.org,UK,Port Steventon,48886,2021-11-26
C2150023,James,Church,1951-01-22,Other,940-431-7112x654,dustin62@example.org,England,Hullchester,22018,2024-12-20
C5703970,Christine,Alexander,1983-12-23,F,(538)634-4923,richard04@example.org,United Kingdom,Jeremyberg,42608,2024-09-03
C9203865,Luis,Flynn,1971-01-22,M,581.607.3740x364,carlos60@example.com,U.K.,Port Angela,20452,2025-10-23
C2897729,Unknown,Hicks,1980-10-03,Other,3603080365,thomasmann@example.org,England,Riveratown,28854,2025-08-15
C5145023,Christopher,May,1937-06-04,NULL,300-437-7749,joshuacampbell@example.net,GB,Chaseport,28243,2023-10-29
C9353660,Amanda,Frederick,1967-06-09,M,,kmills@example.net,England,Jacksonbury,99021,2025-09-27
C7602368,Laura,Pope,1951-07-29,M,206.344.0885x793,hallsamantha@example.net,England,Valerieburgh,38931,2024-06-12
C7063654,Jane,Unknown,1989-04-22,F,394-706-2700,fstanley@example.org,England,Mariafort,42568,2024-07-23
C4515369,Aaron,Lewis,1942-06-27,M,+1-747-296-1438x08807,njuarez@example.net,United Kingdom,Port Hannah,79487,2026-06-19
C4670700,Christy,Davis,1967-02-24,NULL,9505852954,camachojennifer@example.com,United Kingdom,Alexandraside,35618,2025-10-23
C3359317,Jennifer,Flores,1968-01-11,M,697-259-1211x874,kwright@example.net,United Kingdom,New Angelastad,35474,2025-01-12
C348846,Kyle,Buck,1946-11-30,NULL,+1-554-440-2110x914,judy74@example.com,UK,New Bethmouth,31808,2026-01-06
C9767592,Victor,Thornton,1961-12-02,NULL,6046739243,catherinewhite@example.org,UK,North Sarahtown,98724,2021-09-03
C3817184,Nicholas,Charles,1943-09-01,Other,824-666-1523x733,bthomas@example.net,United Kingdom,North Joshua,20737,2022-11-17
C6977427,Theresa,Rogers,1952-05-31,M,+1-204-946-4261x30578,ericholt@example.net,United Kingdom,Jessicafurt,60758,2025-04-27
C8195345,NULL,Garza,1988-02-15,Other,927-456-5017,vsantos@example.net,GB,Danielborough,84062,2023-11-22
C4666312,Steven,White,1963-07-04,M,001-606-458-5209x45271,jeffreydavis@example.org,UK,Lake Brian,36451,2024-01-19
C7809341,Teresa,Douglas,1948-12-09,M,613-232-6941x28018,msmith@example.org,GB,New Scottberg,01946,2025-07-15
C5617947,Dana,Martin,1940-05-26,Other,3038246539,gbryant@example.com,England,Georgehaven,38075,2025-05-30
C7701232,Jonathan,Carr,1990-09-16,M,(599)949-2215x841,laurapena@example.com,England,West Robertland,14363,2022-01-08
C3793763,Monique,Duarte,1966-09-29,F,394.919.7980,gblankenship@example.com,England,Mckenzietown,08178,2024-05-05
C9303422,Steven,Brennan,1950-02-07,NULL,252.786.8947x41893,jenkinsjoseph@example.org,England,Gloriahaven,47382,2023-07-27
C848084,Eric,Lambert,2006-11-04,M,N/A,briggsmelissa@example.net,England,West Dawn,82175,16/02/2025
C5794883,Lori,Harris,1957-10-05,Other,863.299.8146x707,ulopez@example.org,UK,East Timothy,89370,2025-05-23
C1264974,Michael,Estrada,2003-12-14,NULL,Unknown,mmartin@example.com,UK,West Tara,01432,2022-09-04
C9116526,Carla,Johnson,1959-10-11,Other,675.618.3367x916,julie62@example.com,UK,Heatherstad,77078,2023-05-15
C7590401,Ronald,Wagner,1971-02-26,Other,400.444.6747,linmary@example.net,GB,Michellemouth,46202,2022-07-12
C6477098,Alan,Smith,2006-12-12,NULL,(767)946-4787,christopher83@example.net,UK,North Charlotteland,22645,2025-07-24
C7653461,Melissa,Rivera,1975-12-03,Other,001-571-859-2621x3362,nancythompson@example.net,U.K.,New Justinview,27516,06-09-2022
C3004199,Justin,Perry,1982-08-22,NULL,001-421-664-5025x9519,joshua29@example.net,UK,Sethview,87480,2022-04-02
C4164855,Paul,Henderson,2005-06-25,Other,(607)510-0067x811,williamtanner@example.com,U.K.,Markport,46839,2022-11-18
C3878534,Kimberly,Ray,1951-02-09,F,001-417-770-0667x3865,kennethkidd@example.com,United Kingdom,Owensport,41981,2025-09-28
C6807043,Jennifer,Martin,1943-04-16,F,661-470-6134x43717,qdavis@example.com,United Kingdom,Taylorview,13483,2022-09-02
C9412802,Terry,Zuniga,1961-10-06,Other,457.599.2889x20948,georgelaura@example.org,United Kingdom,Piercefort,35898,2023-10-19
C6182521,Kevin,Sims,1998-10-01,Other,001-367-742-6747x2411,crystal18@example.com,GB,Lemouth,89137,2023-11-18
C5018773,Mike,Thomas,1963-09-14,M,(773)232-5152x58950,lisarojas@example.com,GB,Ericport,53419,2025-11-04
C5775138,Judy,N/A,1983-10-08,M,758-213-0692x23766,dawn24@example.net,United Kingdom,Jameston,33358,2022-10-26
C6238283,Megan,Wise,1984-02-11,M,372-357-1202,qmclean@example.org,England,South Tammyberg,29074,2022-02-03
C4961181,Micheal,Wagner,2007-03-31,NULL,743.468.7736x379,mcintyrefrederick@example.net,GB,North Nicole,42955,2024-10-30
C3945725,Jessica,Young,1966-06-12,NULL,763.206.1054x04623,gharvey@example.com,U.K.,Jarvishaven,60332,2022-01-22
C7550663,Nicole,Brady,1974-07-19,F,648.785.4961x4721,kennethmorrison@example.org,U.K.,Franklinmouth,45893,2023-06-17
C6719113,Joseph,Adams,1936-01-19,F,201-370-2380,heathermanning@example.net,England,South Jacobland,08746,2024-04-19
C5480548,Jeremy,Goodman,1959-04-29,Other,(288)330-4934x691,fsanchez@example.net,United Kingdom,Edwardside,73333,2024-09-17
C6545478,Sandra,Stevens,1992-09-05,NULL,550-976-6889x85768,taylorchristopher@example.com,U.K.,Colonmouth,73918,2022-09-14
C5059391,Henry,Cole,1956-01-31,F,+1-972-625-6952x97911,patriciawalker@example.net,UK,West Sherri,45271,2021-12-29
C3410999,Douglas,Newton,2004-05-16,NULL,339.910.1020x87429,bcarter@example.org,UK,Port Ashley,71085,2025-01-01
C9725184,Robert,Skinner,1978-05-18,NULL,259.727.0081x739,arandall@example.org,England,Bradleyton,04127,2021-12-01
C8426359,Andrew,Rodriguez,1938-10-19,M,824-882-6073x211,michaelcook@example.net,United Kingdom,Wandamouth,83408,2022-12-09
C9637380,Katie,Burns,1946-05-08,NULL,(612)911-5342x1629,paulhuber@example.com,United Kingdom,New Shanestad,38190,2023-11-02
C2331080,James,,1984-03-23,F,+1-250-518-7996x06251,brownscott@example.net,U.K.,Parkbury,27890,2025-05-21
C3135154,Shawn,Gross,2002-02-23,NULL,N/A,aprilschneider@example.net,U.K.,North Saraport,62353,2021-09-05
C4809007,Jennifer,Jordan,1982-12-14,F,620.642.5071x4696,tracydelacruz@example.org,GB,Port Erichaven,39046,2023-02-25
C1413161,Janet,Smith,1995-01-25,M,610.447.1322x2166,christina10@example.com,United Kingdom,Johnsonport,31073,2024-12-20
C8766096,Todd,Martinez,1967-09-28,M,(869)206-7695,parkangela@example.net,UK,West Stephanie,94057,2022-08-17
C8680559,Hunter,Zhang,1964-08-15,NULL,001-404-548-1289x57152,rachel63@example.net,U.K.,Thomasland,42449,2022-04-29
C610103,Heather,Ross,2008-05-06,F,831.567.6982x771,duane95@example.com,U.K.,New Norma,85989,2022-10-28
C5228520,John,,1999-01-07,NULL,(505)318-3873,wyattshari@example.org,United Kingdom,Port Nathan,88824,2026-04-28
C7384299,Brittany,Cardenas,2003-08-11,F,740.905.9146x35477,annecastro@example.net,UK,South Courtney,20437,2022-12-27
C9397827,Carla,Miller,Yesterday,Other,+1-720-882-1491x2340,larnold@example.org,UK,Lake Andrew,44476,2023-12-19
C5709556,Unknown,Brown,1968-03-22,Other,+1-318-388-2267,courtney79@example.org,UK,Mckenzieburgh,11689,2022-02-17
C2611228,,Gonzalez,1988-02-20,F,451-270-1415x670,rhondamiller@example.com,UK,New Tonihaven,04122,2024-01-04
C1621707,Lawrence,Unknown,1988-07-03,F,(451)551-0011,awright@example.org,U.K.,Lake Davidville,16090,2024-01-22
C7672047,Luke,Gutierrez,2006-01-26,NULL,+1-917-763-3030,dylan74@example.com,UK,Stephaniechester,43975,2022-04-07
C9120739,Justin,NULL,415732911,F,001-717-998-4422x81465,wandahoover@example.org,UK,Scottton,21779,2021-12-24
C2456421,James,Gonzalez,1965-09-23,NULL,4629455098,christian92@example.org,England,Jacquelinebury,04433,2025-10-10
C6924128,Scott,Parrish,1985-02-13,M,3204386005,rodgersrichard@example.com,GB,West Craigshire,27498,2025-01-14
C8865487,Ashley,Webb,1961-04-18,NULL,586-565-6671,david04@example.org,England,Port Jeremiah,71592,2024-05-28
C1011096,-,Stafford,1999-01-07,Other,(970)305-6198x196,pbean@example.com,England,Stevensonville,35450,2022-07-24
C2853988,Marc,Bernard,1977-02-21,M,+1-717-513-8383x5569,michelleyoung@example.com,UK,Davidfort,33792,2025-10-06
C9310755,Michael,Fuller,1992-10-01,F,753.342.8419,roachpenny@example.net,United Kingdom,Philipbury,67153,2025-01-31
C8999244,Steven,Gallegos,2004-10-09,M,001-840-365-9476,mccoytiffany@example.net,U.K.,Foxport,83371,2024-06-15
C6418886,Donald,Dixon,1950-02-19,NULL,+1-326-215-6669x68922,bautistagabriel@example.com,GB,Sherriborough,95183,2026-07-14
C1589173,Andrew,Ortiz,1962-03-06,Other,+1-935-939-3881x4784,brian19@example.com,England,Thomasmouth,02492,2024-05-10
C1578672,Mark,Gardner,1999-11-11,Other,+1-465-218-1861,bmejia@example.com,GB,Beanhaven,54140,2022-11-28
C7608385,Anthony,Galvan,1966-07-18,F,+1-500-279-7131,devinjackson@example.org,U.K.,New Jennifer,73955,2021-12-15
C5357320,Timothy,Jimenez,1936-04-20,F,300-263-9649x77249,travis32@example.com,England,Robertsonland,56725,2023-11-29
C3070918,Bailey,Hancock,1966-10-02,F,(953)859-3692,uwhite@example.com,United Kingdom,South Christopher,29147,2026-06-22
C4054917,Gregory,Hall,1975-10-16,NULL,+1-311-391-0323,mhansen@example.com,United Kingdom,New Caitlynchester,21453,2025-09-04
C6075169,Kevin,N/A,1948-04-22,Other,+1-945-555-5088x44799,julie77@example.org,England,Fosterfort,82277,2021-09-03
C5299581,Alison,Porter,05/07/1957,NULL,752-231-1013,edwardsalexander@example.com,England,West Megan,48224,Yesterday
C5259931,Ricardo,Rivas,1993-01-27,Other,495-951-2717x075,johnsonlaura@example.net,UK,Port Jamesshire,83844,2024-05-10
C1725500,Mary,Jordan,1946-03-25,NULL,443-523-9386,amy84@example.org,GB,South Jonathon,22468,2022-05-20
C6541598,Zachary,Humphrey,1938-10-13,NULL,+1-661-514-1187x702,jonathanmartin@example.net,England,North Kathryn,85795,2025-11-18
C331607,Jerry,Baldwin,1970-09-08,Other,273.947.1053x18140,ashley09@example.org,UK,Port Jennaside,68826,2021-12-16
C2710378,Teresa,Ritter,1947-12-17,NULL,001-851-959-6710x0988,medinadavid@example.net,GB,Snowhaven,41180,04-04-2023
C3723634,Charles,Johnson,1951-02-03,F,378.266.7431x6000,bryansandoval@example.com,U.K.,Burnstown,18454,2022-03-18
C3531141,Tina,Green,1953-06-01,M,-,joseph26@example.net,England,Jesseburgh,37261,2024-12-13
C7098717,Susan,Archer,1940-01-24,F,292.826.5102x139,bbarton@example.net,UK,Port Ericland,21457,2021-12-08
C7450543,Megan,Arnold,1991-05-26,M,NULL,suzannebowers@example.org,U.K.,North Allison,65689,2024-01-28
C4134756,William,Howard,1970-11-30,NULL,570.240.6756,ulopez@example.net,U.K.,Garzachester,16442,2024-11-20
C4895427,Connie,Taylor,1954-02-24,NULL,349-915-6675,rclements@example.net,United Kingdom,Daniellefurt,84295,2025-11-10
C8773893,Ronald,Miller,1986-08-07,F,7584992998,daughertybrian@example.net,UK,Perkinsborough,42037,2025-11-07
C8820909,Robert,Houston,10-06-1990,F,001-999-916-9033x2395,tlopez@example.org,GB,Port Dustinmouth,81198,2022-04-27
C3487550,Bryan,Holmes,1944-06-11,F,+1-792-367-6017x86147,wesparza@example.net,United Kingdom,Davisbury,74983,2024-02-27
C74012,Dennis,Perkins,1975-02-02,F,+1-428-589-4880x28483,thomassandra@gmal.com,U.K.,Rogerstown,05653,Yesterday
C2589709,Janice,Peterson,1951-10-25,NULL,001-916-871-4626x6806,shelby90@example.com,England,East Whitneyport,29151,2021-11-13
C868788,Amanda,Anderson,1993-05-22,F,+1-447-467-3782x415,coreythompson@example.net,U.K.,East William,56928,2023-05-07
C5195084,Lisa,Martin,1964-09-13,F,841-202-1314x3132,bakerjared@example.net,UK,South Kathleenburgh,59280,2021-10-16
C1590125,Rachel,Smith,1940-08-07,Other,552.438.0108,breanna35@example.net,GB,Nolanmouth,71524,2024-03-25
C5613120,Amber,Morales,2004-12-08,F,(564)581-5862,kferguson@example.com,GB,Guerreromouth,98648,2022-10-21
C7653982,Adam,Scott,1975-01-18,M,670-578-2407x3929,allenmarco@example.net,UK,Brownmouth,32505,2025-07-22
C6431468,Lance,Allen,2008-06-07,Other,977.520.1365,washingtonjennifer@example.org,U.K.,North Katieton,20797,Yesterday
C9268626,Jillian,Scott,1947-03-07,NULL,+1-891-697-2830x63480,savannahwells@example.org,UK,New Davidburgh,45944,2022-11-02
C6370010,Christopher,Rocha,1982-02-03,NULL,001-781-369-6482x687,bmassey@example.net,GB,Sanchezport,17669,2023-01-21
C855417,Robert,Ward,1952-11-11,F,001-391-676-1352x7337,castillodawn@example.net,U.K.,West Matthewshire,82327,2026-03-08
C5915369,Robert,Rosario,1968-05-19,NULL,(619)440-2962,melissashepard@example.net,U.K.,Melindaville,81249,2023-11-08
C9348939,Kevin,Alvarado,2000-12-08,F,957.356.9000,amber93@example.net,U.K.,Masonton,45381,2026-07-15
C1483210,Charlene,NULL,1950-08-13,NULL,8495078380,williambryant@example.com,UK,New Joshualand,68206,2021-10-26
C9399133,Amy,Moore,1989-08-09,F,2447866461,maria36@example.net,UK,South Ericaborough,45673,2026-08-04
C6491853,Brian,Zuniga,1974-06-19,NULL,+1-998-573-8138x3915,ryanrodriguez@example.com,United Kingdom,Ramirezborough,88352,2024-06-17
C185045,Jennifer,Scott,1951-05-05,NULL,(484)233-5467x204,salazaralex@example.net,GB,Gordonshire,37006,2024-12-22
C6991910,Teresa,Smith,1968-08-22,M,453.917.2684x035,robert61@example.org,UK,Vickifort,39985,2023-12-28
C44519,William,Huffman,1959-08-22,Other,+1-553-365-4735,kimfox@example.con,UK,New Christineshire,12783,2023-11-05
C5108840,Stacey,Thomas,1989-10-02,M,,salazarsamuel@example.net,UK,West Jeffrey,38245,2026-01-28
C6222050,Benjamin,Mercado,1944-04-03,NULL,4327262165,johnallen@example.org,England,Lynchhaven,18957,2023-02-17
C2318033,Leslie,Price,1984-01-14,M,257-828-4475,james29@example.org,UK,North Sarah,80901,2021-10-10
C3844713,Dan,Figueroa,1982-03-12,M,443-744-8268x9063,robinwalker@example.org,United Kingdom,Arielberg,84025,2024-03-24
C5425031,Anna,Green,1943-05-31,F,N/A,vincentjose@example.com,U.K.,West Kevin,84438,2023-09-13
C7594326,Angela,Greene,1981-09-01,NULL,001-233-618-7624x6889,marcblackburn@example.org,UK,Lake Barbara,65268,2025-02-14
C4544963,Justin,Buchanan,1959-07-23,NULL,541.554.4780x505,gloriaflores@example.com,UK,South Hannah,68974,2025-09-29
C9658887,Dana,Maldonado,1947-06-18,NULL,(348)479-1646x80655,ejohnson@example.org,UK,West Connorstad,59271,2026-07-15
C1081413,Audrey,Johnson,1972-02-03,Other,(814)733-6051x4375,lmurphy@example.org,UK,Silvaburgh,74101,2022-08-14
C4969679,Hannah,Gomez,2004-03-19,M,001-814-298-4368x0349,gmclaughlin@example.com,England,Deanfurt,18517,2022-12-12
C8877292,Alejandro,Flynn,1991-06-23,F,289-639-8150x36094,pricejoseph@example.net,GB,Hendricksside,94301,2026-06-15
C1721785,Samantha,Gray,1968-10-05,NULL,642-995-9713x6115,cnavarro@example.com,GB,Chenville,74109,2022-09-23
C6378367,Stephanie,Gonzalez,1963-12-29,NULL,001-909-461-8130x3169,estradajonathan@example.org,United Kingdom,New Maureen,68904,2021-11-29
C6368015,Kenneth,Booth,1967-11-07,M,809-284-4134x174,abell@gmal.com,GB,Floresborough,96572,2026-01-24
C9722370,Sergio,Scott,1996-07-30,Other,(469)492-3736x936,jerryshelton@example.org,United Kingdom,Mitchellport,58921,2023-11-26
C1531006,Antonio,Miller,1942-01-11,M,-,christopherdodson@example.org,United Kingdom,Boydmouth,19412,2022-08-10
C7402900,Justin,Wilson,1993-02-13,F,949-778-1721x98081,lisa72@example.com,U.K.,Jenningsport,36114,2026-04-24
C6994465,Jeffrey,Payne,1940-03-30,F,+1-332-590-0353x01527,schmidtdaniel@example.net,GB,Richardsonmouth,98065,2024-10-10
C2109537,Amy,Thomas,1982-01-14,M,578.219.0610,haileymacdonald@example.net,United Kingdom,Jessicaport,23958,2024-07-27
C760759,Sean,Avery,1960-05-17,F,+1-650-403-4438x652,emilyanderson@example.com,UK,New Robertmouth,54383,2026-07-10
C9198243,Margaret,Taylor,1994-06-27,M,470-914-3852,vincent58@example.com,U.K.,Jesustown,13074,2022-08-05
C9047797,Samuel,Robertson,1960-04-02,NULL,(476)428-4734x480,rogerscarly@example.net,U.K.,East Susan,53748,2025-11-24
C482710,Luis,Freeman,1982-01-26,Other,715-383-9853x563,peter84@example.com,United Kingdom,Atkinsonfurt,61643,2022-08-01
C7545980,Jacqueline,Jones,1996-09-23,F,554-492-0386x2500,kalexander@example.net,UK,Michaelport,19389,2023-07-26
C3853329,Walter,Smith,1991-11-23,NULL,+1-628-687-4364x17349,mooretina@example.com,United Kingdom,North Edward,74113,2026-02-18
C4042049,Robert,Fields,1951-09-28,Other,848.601.4594,atorres@gmal.com,UK,Markfurt,38535,2025-12-28
C1686904,Stephanie,Hogan,1988-01-14,Other,267-740-3236x04091,kari86@example.com,UK,North Daniellemouth,57966,2023-08-29
C781112,Jonathan,-,1982-09-15,F,757-209-9805x0316,hernandezdebbie@example.com,GB,Aliciafort,33209,2025-11-02
C4135524,Andrea,Henry,1936-12-06,M,001-948-817-5783,icardenas@example.org,England,Lake Amanda,12521,2026-04-15
C4416168,Jessica,Brewer,2000-03-30,M,+1-922-381-8050x96000,patkins@example.com,UK,Port Craig,51303,2022-09-11
C5866905,Elizabeth,Brown,2001-05-01,F,+1-326-352-5982,vroberts@example.com,GB,South Amy,23272,2025-03-31
C6279125,Heather,-,2003-04-19,Other,+1-964-425-3144,lmills@example.org,U.K.,Lake Paulbury,51324,25/07/2026
C5807746,Kim,Nguyen,1939-12-19,Other,625.828.6040x15404,kdyer@example.com,GB,Morganbury,69511,07-17-2023
C4108325,N/A,Hayes,245753888,NULL,+1-570-211-6910x77186,lwilliams@example.com,UK,Alfredstad,92348,2026-06-05
C2042814,Benjamin,Werner,1947-07-27,M,(733)328-1675x209,lindsay98@gmal.com,U.K.,East Jamestown,70867,2021-12-07
C6285207,Tony,Bender,1963-09-16,F,3845386944,utaylor@example.com,GB,Maryside,26638,2022-12-01
C3936472,Christopher,Wong,1964-03-12,F,413-554-2404x9413,dianemcdonald@example.net,GB,North Ryan,32687,2025-03-08
C5998610,Andrew,Wheeler,1968-01-13,F,001-773-988-9307x75332,hkaufman@@example.org,United Kingdom,Aguilarport,34273,2026-02-01
C7073156,Kathy,Miller,1946-07-04,M,959.304.5642x6564,NULL,GB,Port James,90505,2023-11-09
C576596,Isaac,Archer,1955-07-23,Other,001-717-587-2781,karinahall@@example.com,U.K.,Oliviaview,09290,2022-02-27
C679543,Cameron,Brown,1947-08-24,M,001-859-695-9358x805,nstewart@example.net,GB,Williamborough,75009,2021-09-14
C6970309,Brandon,Bailey,1950-03-03,NULL,001-562-480-5465x24603,ginaphillips@example.org,United Kingdom,Rodriguezville,66180,2022-11-25
C9964743,Pamela,Stephens,1987-03-06,M,690-728-6172x5244,starktodd@example.org,U.K.,Port Stephenstad,81066,2025-01-28
C5237108,Stephen,Gray,1936-03-07,M,+1-741-744-8587,erinjensen@example.org,United Kingdom,Scotttown,23032,2026-02-02
C4035451,Andrew,Roberts,2003-07-18,NULL,001-950-518-7617x63681,littleandrew@example.org,UK,Jeremymouth,65248,2025-12-28
C2284217,Jason,Young,1974-12-10,M,+1-685-558-5695x07985,eric89@example.org,U.K.,New Danielleside,62308,2024-04-12
C2952210,Joseph,Patel,1946-05-08,F,233.901.9448,glennjennifer@example.org,United Kingdom,Teresaville,06236,2026-03-06
C5114995,Cesar,Forbes,1951-11-04,Other,+1-348-821-3315x57060,joshuapierce@example.com,England,Porterport,44924,2023-03-15
C838805,Cameron,Benitez,1982-10-09,M,590.761.6813,rosalestimothy@example.com,England,North Elizabeth,54648,838850579
C8720759,Bruce,Hill,1976-09-06,M,895-664-4794x844,rhernandez@example.com,England,New Perry,63194,2025-03-31
C1773569,Adriana,Jackson,1962-05-17,Other,(700)895-0595x88233,bmartinez@example.org,England,North Tiffanyshire,17427,Yesterday
C3548703,William,Sanchez,1965-02-05,Other,794-726-9404x3525,elewis@example.net,UK,Perezshire,03064,2023-12-28
C2950585,Jeffrey,Carlson,1958-08-04,M,+1-717-807-8451x969,amy66@example.com,GB,Lake Christine,31856,2023-06-18
C8364722,Richard,Moore,1988-10-12,F,750-964-3463x42206,april95@example.org,England,Lake Robin,16659,2024-09-15
C7312536,Frances,Davis,1996-11-27,M,+1-522-203-0683x67472,kennethgonzalez@example.com,UK,East Justin,85841,2021-11-11
C609185,Catherine,Cardenas,1999-09-01,F,691.257.4140,juliejohnson@example.com,England,Lake Cameronville,31520,27/02/2025
C9802138,Timothy,Unknown,1971-08-12,M,842-909-6763,nmiller@example.net,U.K.,Smithland,27447,2024-12-14
C749428,NULL,Murillo,1939-10-29,NULL,001-252-931-1158x95687,ashleemclean@example.org,U.K.,South Anthony,79475,2026-03-02
C354641,Robert,Unknown,1936-10-06,F,(695)793-6221,sheppardkeith@example.com,U.K.,North Tonya,28514,2024-04-02
C5685286,Joseph,Rich,1963-09-01,M,985.386.3401,miguel06@example.org,United Kingdom,Seanburgh,26159,2022-01-02
C6753674,Kyle,Mitchell,1984-07-31,M,948-536-6364x998,gaypaul@example.net,U.K.,Lake Martin,50212,2021-08-17
C6017366,Nancy,Jacobs,1980-12-10,Other,(242)426-2679,jessicajones@example.org,U.K.,East Hannah,46311,2025-06-11
C19543,Javier,Alvarez,1972-06-29,M,996-924-0894x58982,jeremy38@example.com,U.K.,New Rebecca,92045,2022-10-12
C8204716,Catherine,Dixon,1980-04-11,F,+1-209-534-1146x8715,angie40@example.org,England,Wellsfort,46588,2023-11-21
C4812658,Stephanie,,1954-11-08,NULL,+1-232-800-3099x880,sydney98@example.net,U.K.,Port Jacob,72916,2023-01-30
C1525823,Alexander,Potter,1992-06-06,M,442-289-8535x13104,danielsanders@example.org,UK,Port Michaelburgh,40739,2025-03-25
C9823551,Michael,Ryan,1938-02-27,F,998.272.3395x184,timothygaines@example.com,England,Walterview,08794,2025-08-05
C3178978,Russell,Ramos,1940-02-24,F,596.465.0065x288,kylejackson@example.net,United Kingdom,Port Hannahland,48118,17/12/2023
C5540068,Jason,Garcia,1964-12-12,NULL,+1-237-567-0499x17177,annette01@example.com,U.K.,Taylorburgh,69093,Tomorrow
C1735014,Robert,Sloan,1937-01-20,NULL,946.350.6004,andrew68@example.org,GB,Villarrealfort,56939,2022-12-19
C9822489,Damon,Thomas,1986-02-19,Other,+1-629-978-7700x39329,wilsonpamela@example.org,UK,East James,72749,2021-10-01
C6798684,Aimee,Hendricks,1946-01-03,M,607-658-9665x9250,jeffery36@example.org,GB,South Ruth,10477,2023-09-09
C4388278,Jonathan,Thompson,1985-03-19,F,+1-844-605-9305x194,paula00@example.com,UK,New Danielmouth,94903,2023-03-03
C8979134,Ryan,Hernandez,1954-04-12,F,001-254-260-6488x8460,matthew49@example.net,UK,Watkinsberg,83938,2022-08-09
C3807628,Ana,Miranda,1950-06-19,M,8294399327,jbell@example.com,UK,Huntshire,24400,2024-12-03
C3227404,Kimberly,Jimenez,2002-02-04,NULL,2336749449,williamsmiguel@example.com,England,Jenniferborough,66444,2023-06-13
C4433100,Joy,Flynn,1985-05-19,F,-,regina67@example.net,U.K.,Banksshire,85252,20251028
C5638669,Mary,Williams,2005-05-06,M,001-789-856-4328x9623,crios@example.com,GB,Davidton,56863,2023-09-28
C9423510,Garrett,Weaver,1952-01-02,Other,(910)983-2639x262,jensentiffany@example.net,England,Wardshire,80327,2026-03-07
C6436722,Bernard,Garcia,1987-06-06,NULL,(630)993-8158,cameron58@example.org,England,South Timothytown,33416,2023-07-31
C4040919,William,Dixon,1989-10-22,Other,(614)839-3592x21008,clarkjeffrey@example.net,UK,South Deniseberg,28197,2026-06-12
C1632014,Luke,Lee,1963-03-26,Other,8708540994,alex33@example.com,U.K.,East Tammy,02237,2025-01-28
C200137,Brian,Newman,1982-05-21,Other,820.203.3546x8577,hendricksamanda@example.com,UK,Dawnshire,88742,2022-11-07
C7993710,Deborah,Figueroa,1998-05-05,NULL,(356)438-4703x168,wflores@example.net,U.K.,Lake Zachary,43424,2021-12-11
C382431,Jacob,Lozano,1964-09-01,NULL,669.602.7932x18127,stephaniemiller@example.org,UK,Markmouth,49700,Tomorrow
C7124751,Maria,Sullivan,1968-06-25,NULL,(341)686-7624x6006,ununez@example.com,UK,Kristinton,68804,2025-07-19
C4636151,William,Sandoval,1981-10-11,F,926.242.3252x9839,fholloway@example.com,England,Port Carol,47176,2023-06-29
C4732443,Michael,Gomez,1987-07-17,F,746.706.3296x1613,jameshuang@example.com,United Kingdom,Jacobsonview,78860,2026-05-17
C7295441,Natalie,Thompson,1958-01-15,M,001-445-334-1699x69944,velezbrandy@example.org,UK,Johnsonfort,70924,2024-12-18
C2838110,Tom,Stout,1999-02-02,Other,413-413-5267,garcialinda@example.net,UK,Rodgerschester,39073,Tomorrow
C1883121,Rebecca,Stewart,1953-12-10,M,930-545-7802x756,owilson@example.org,England,Sandersport,83888,2026-04-23
C1469103,Jamie,Cruz,1976-06-12,Other,001-285-383-2255,herrerajoyce@example.net,United Kingdom,West Christopher,99933,2025-11-24
C6890167,-,Hawkins,1941-03-09,NULL,415-445-0486x470,contrerasmichael@example.net,United Kingdom,South Kaitlynmouth,95279,2022-10-20
C2503513,Vanessa,Sanford,1944-02-11,Other,+1-251-727-0378,derekstanley@example.org,United Kingdom,Lake Scottstad,36347,2022-04-12
C7079000,Shannon,White,1967-03-09,Other,-,william92@example.org,United Kingdom,Huntfort,31239,2024-04-02
C4744848,Melinda,Gardner,1966-10-28,F,481.496.7728,kelsey16@example.com,England,Port Yolandaville,05615,2023-05-13
C3508086,Antonio,Rivera,1985-10-28,Other,+1-507-693-3360x924,cory70@example.com,United Kingdom,Georgeview,21271,2025-02-04
C9088634,N/A,Lee,1945-01-20,M,+1-997-641-4071x3930,annaspencer@example.net,GB,Victoriabury,92285,2024-05-17
C2139683,Unknown,Fletcher,1958-07-18,M,245-667-9622x262,foxandrew@example.net,GB,East Bernard,39686,2025-07-08
C8922633,Jennifer,Blevins,1998-07-03,F,532.379.5834x84798,christy99@example.net,U.K.,Jensenchester,45268,22/04/2025
C8744734,John,Smith,1984-06-09,NULL,(412)924-2666x101,charlespalmer@example.net,U.K.,Sierraland,81611,2025-10-01
C6513760,Heather,Turner,1957-02-24,Other,001-707-715-7914,natashadiaz@example.net,U.K.,Lake Todd,69621,2023-09-24
C1235277,Alexander,Williams,12-01-1978,F,(363)299-9220x7307,zdavis@example.com,United Kingdom,Jonesview,61242,2025-07-24
C90913,George,Brown,1986-12-26,F,(844)741-1037x26563,scarpenter@example.org,UK,West Michaelabury,04634,2024-08-30
C8403028,,Harris,1936-05-26,Other,886.416.4665x6448,webbmichelle@example.net,UK,Novaktown,68251,2022-08-29
C5647022,Jorge,Lewis,2001-02-24,Other,+1-679-814-5466,ymcintyre@example.net,United Kingdom,Lake Lisa,06992,2024-08-27
C8487752,David,Taylor,1963-07-06,F,-,dwayne71@example.com,GB,New Amymouth,08913,2023-11-18
C9354828,Melvin,Anderson,1987-12-05,Other,+1-893-533-1286x687,loretta63@example.net,GB,Alexisborough,86388,2025-09-16
C1796745,Stephen,Maldonado,1998-04-14,Other,001-515-475-8578x318,sdiaz@example.net,GB,New Karlafurt,47289,2025-12-29
C7625273,George,Smith,1999-08-30,F,+1-616-818-5549x6748,zwilliams@example.com,UK,Susanbury,19264,2022-11-15
C6217229,Victoria,Rivera,1945-12-13,F,NULL,sbuchanan@example.org,GB,Stephanieton,51375,2024-03-13
C9507738,Jennifer,Pennington,1968-11-11,NULL,557.237.6680x062,timothyhall@example.com,United Kingdom,South Heathermouth,43988,2022-05-20
C8630558,Alexander,Harris,1960-04-01,NULL,+1-468-504-5532,kellybrown@example.com,United Kingdom,North Kevinstad,83438,2023-05-07
C2423534,Thomas,Galloway,2003-05-25,NULL,3467161371,christine73@example.net,GB,Alexandermouth,06842,2024-06-24
C8199459,Terri,Dunlap,1959-11-18,NULL,909-689-1997,hobbstodd@example.com,GB,Lake Brianport,40493,2022-07-28
C5337110,Megan,Mendez,1967-04-26,M,790.823.8768,deannamcclain@example.net,United Kingdom,Davidfurt,12137,2021-10-18
C7710980,Raymond,Ford,1984-12-20,NULL,432-854-4819,micheleellison@example.com,UK,Port Richardhaven,73198,2026-05-09
C1668249,David,Butler,1980-09-14,NULL,2407315887,tammy80@example.net,U.K.,Feliciachester,77879,2026-06-14
C9197802,Adam,Chan,1961-04-04,Other,819.916.4738x45027,dawnwhite@example.net,UK,South Jenniferstad,30508,2023-08-23
C3016683,Amber,Cooper,1966-07-23,M,292.757.8797x50277,fernando75@example.org,GB,Emilybury,55995,2023-10-01
C1859552,Steve,Roberts,1967-06-29,M,+1-506-655-3100,rowlandrhonda@example.net,U.K.,Larryberg,85446,2021-09-10
C3581007,Mark,Pope,1976-09-03,F,+1-983-568-8098x0005,cohenmary@example.net,U.K.,North Patrick,82251,2022-02-02
C4752090,Melissa,Hill,1959-01-26,NULL,(316)604-0159,kelsey39@example.com,UK,Jesusside,54137,2025-07-28
C9289550,Jessica,Scott,1957-06-19,NULL,893.457.6716,williamsamanda@example.com,UK,East Maryview,73549,2025-09-09
C7264437,Alexandra,Lopez,1945-01-12,F,001-323-258-8256x817,NULL,United Kingdom,Michaelside,07925,2025-07-12
C7678885,Rebecca,Martinez,1938-08-23,NULL,801.527.8604x72272,shawnthomas@example.com,United Kingdom,East Kaylaberg,15558,2024-11-23
C7571447,James,Tate,1998-03-03,F,(607)503-8391x196,edwardstonya@example.org,U.K.,Hallland,65140,2025-06-04
C5251053,John,Mills,1964-06-20,F,2429404646,carolynbates@example.com,GB,North Codyberg,95330,2022-06-11
C5454899,Catherine,Williams,1973-04-12,F,674-209-7408x10460,yosborne@example.net,England,Phambury,00742,2025-06-21
C1840584,Larry,Davis,1964-08-12,M,602.662.8938x4884,smithdominic@example.org,UK,Henrymouth,97420,2023-09-04
C6043459,Clayton,Mclaughlin,1937-03-26,F,7703248328,anna29@example.net,United Kingdom,Lake Markstad,87612,2023-08-05
C6508861,Maria,Parks,1940-12-01,NULL,536.996.7971x750,brownvalerie@example.org,United Kingdom,West Jose,51754,2024-02-07
C1313060,Brandi,Lee,1951-04-07,NULL,001-447-891-2301x8938,oburch@example.org,United Kingdom,Denisebury,43619,2022-10-09
C3684446,Anthony,Simpson,2006-05-31,NULL,675-571-7766x77719,elizabethdavis@example.com,UK,Kristenchester,74798,2025-02-01
C8487511,Charles,Rivers,1969-07-11,Other,562.885.8455,brandonbryant@example.net,GB,Caseyville,33806,2022-08-26
C7551983,Taylor,Page,1942-01-30,F,288-817-0288x888,ymitchell@example.com,GB,New Justin,95039,2026-06-19
C7652764,Michael,Horton,1949-11-11,NULL,001-648-764-8602,tcamacho@example.org,United Kingdom,North Nathanielfort,93337,2025-11-01
C4658202,Gregory,Nguyen,1949-07-04,F,NULL,carl71@example.org,UK,Tiffanyhaven,18535,2025-09-15
C3181922,William,Shah,1983-02-18,M,978-375-1638,robertmcclure@example.com,United Kingdom,Frostland,56364,2022-07-10
C3387587,Danny,Williams,2002-07-19,F,+1-404-615-6602x459,christopher82@example.net,GB,Lake Johnborough,27947,2024-08-30
C7784308,Adam,Martinez,2002-08-24,NULL,+1-444-291-9064x110,tracybrown@example.net,England,Nathanshire,55561,2026-06-10
C5016522,Gregory,Duncan,2002-10-19,F,222.229.7529,hfoster@example.org,GB,New Tammy,49676,2026-04-20
C646659,Sandy,Peterson,1974-10-29,NULL,001-667-592-6451x613,wilsondanielle@example.net,GB,Dixonton,77379,2023-09-20
C6805705,Rebecca,Perez,1949-08-29,F,(825)927-1012x4303,qdawson@@example.org,England,Kimfort,96154,2023-02-17
C1942840,Beth,Osborne,1991-12-19,F,(217)858-2471x4298,aprilnorton@example.com,U.K.,Dennismouth,34697,2025-01-18
C2863770,Calvin,Payne,1984-08-10,Other,790.460.3825,dobrien@example.org,GB,South Nicolemouth,23482,2025-08-08
C1364268,Francisco,Miller,1945-10-16,M,650.619.5587,hsolomon@example.org,England,Tylerview,93474,2024-06-27
C8585918,William,Williams,1988-11-14,NULL,+1-377-768-3440x0662,kimberlydalton@example.org,England,East Ryan,36545,2022-10-28
C1996025,Janet,Cooper,1995-07-19,NULL,001-545-956-5673x99087,amygalvan@example.com,U.K.,Castroburgh,83527,2026-01-04
C949268,Jacqueline,Howard,1994-05-18,F,335.260.7228x6449,llopez@example.org,U.K.,New John,49993,2024-08-22
C5053975,Joseph,Nicholson,1972-06-20,NULL,001-597-752-5492x626,victorbrown@example.net,UK,South Christine,72547,2026-05-13
C9978412,Brandon,Mitchell,1968-05-06,Other,397.728.5579,hernandezpaula@example.net,GB,Churchside,03023,2025-12-07
C1269060,Jillian,Kelly,1966-09-07,NULL,(306)472-2849,matthew38@example.org,United Kingdom,Davidshire,58145,2023-10-24
C5916420,Christina,Stewart,1945-01-09,F,001-709-889-7186,bettyfreeman@example.com,GB,East Charlesport,53111,2023-08-06
C507250,Katherine,Harris,1975-03-05,F,001-930-780-3883x72090,gonzalezbrian@example.org,England,Lewiston,56500,2025-08-04
C3347361,Andrew,Scott,1966-12-25,F,436.611.7117x536,dbowman@example.net,U.K.,South Jeffreyville,46173,2024-11-28
C3379921,James,Wood,1943-09-01,M,(828)638-7975,krowe@example.net,England,Nicholsshire,69578,2021-09-17
C3389273,Rhonda,Marsh,1975-06-05,NULL,(926)355-8076,bonniegoodwin@example.net,U.K.,Morrisville,96919,2026-05-01
C7609476,Roger,Webb,1973-09-28,M,(714)713-2887,stuartdennis@example.com,United Kingdom,North Linda,39459,2025-10-13
C495953,Victoria,Warren,2007-12-15,Other,616.402.7905x890,richard47@example.net,United Kingdom,North Melissa,41748,2025-05-01
C5303354,Anna,Perez,1954-03-08,F,001-397-800-6848x7633,matthew79@example.net,England,Davidberg,07335,2022-07-23
C1427313,Jeffrey,Baldwin,1977-11-24,NULL,208.500.1622x834,kmartin@example.com,England,Browningmouth,25595,2025-08-18
C7814655,Lawrence,Davenport,1977-02-19,Other,866.217.6427x3730,maryhunt@example.org,GB,New Cynthiaside,63280,2023-07-18
C2770192,Ethan,Williams,1941-06-03,NULL,463-872-9347x544,jose01@example.org,United Kingdom,Lake Shawnfurt,02165,2023-06-10
C5117958,Aimee,Frey,1940-01-27,F,001-831-615-0087x8459,ameyer@example.org,England,Brettville,92093,2023-05-31
C5154470,Dakota,Davenport,2003-02-28,Other,694-426-7518x7188,rware@example.org,UK,Boydmouth,66623,2026-03-07
C5783264,Kristina,Carroll,1987-05-30,Other,+1-955-595-8025x91665,jeremiahanderson@example.org,England,Buchananhaven,55170,2026-05-21
C138139,Charles,Hunt,1955-03-02,NULL,(906)436-2249x41380,ysmith@example.net,England,Thompsonborough,81658,2024-04-13
C3476632,Ian,-,30/07/1992,M,(886)964-1051x9478,rogerobrien@example.org,UK,Michaelfort,31126,2022-10-18
C5410182,Eugene,Smith,1989-09-16,NULL,917.273.6797x52910,anitagriffin@example.org,United Kingdom,West Robert,98997,2024-07-25
C6250665,David,Clarke,2003-12-14,M,001-813-912-6751x402,jasonbrown@example.org,GB,South Edwardland,41989,2024-07-03
C4366501,Catherine,Ramirez,1979-03-28,Other,001-230-213-5333x141,sshelton@example.org,GB,Bautistaland,14746,2021-09-02
C5507736,George,Brown,1938-06-12,Other,788-218-2417x5329,laurieconrad@example.org,GB,Bryantville,40956,2023-11-11
C3429084,Tabitha,Adams,1936-05-07,Other,+1-285-747-2156x970,srichards@example.com,UK,Gomezshire,81248,2025-03-28
C6547862,Vanessa,Evans,1986-03-07,M,(865)972-9170x0445,riceashley@example.com,UK,Fryfort,88923,Tomorrow
C6067337,John,Carrillo,1968-02-08,Other,709.409.9409x6882,edavis@example.net,GB,Zacharychester,11962,2025-02-06
C1795012,-,Rodriguez,1939-09-15,F,001-540-939-2624x37669,acolon@example.com,England,West Logan,89425,2022-04-28
C8286450,Elizabeth,Barber,2006-06-09,Other,319-604-7716x00687,chelseagonzalez@example.com,U.K.,Andrealand,55900,2025-11-19
C5571545,Tamara,Golden,2003-05-28,F,979-414-2808x75115,darlene29@example.org,GB,Port Christinaland,40574,2025-09-13
C3873046,Scott,Harrison,1971-03-17,M,(799)742-7017x8384,clane@example.org,United Kingdom,Port Rachel,43419,2025-03-26
C9336285,David,Maynard,1936-02-03,Other,NULL,loriandrade@example.org,U.K.,New Dwayne,90796,2023-10-15
C6238431,Lisa,Hall,1941-02-10,M,+1-988-629-7997x921,dhernandez@example.net,UK,Espinozaton,35885,2025-09-13
C8539365,Samuel,Simmons,1978-07-13,M,001-569-904-9045x1696,glarson@example.com,United Kingdom,New Jasmineview,24662,2024-11-19
C7522081,Anita,Lopez,1998-12-17,F,001-706-565-2397,karen15@example.net,United Kingdom,Amandaville,73116,2022-07-14
C1092947,William,Gonzalez,1989-01-10,M,+1-473-488-2899x72589,operez@example.com,United Kingdom,Port Elizabethland,90864,2022-07-24
C1309306,Ashley,Myers,1982-11-26,NULL,(651)956-1630,smithkevin@example.com,UK,Lisaland,36797,2023-11-06
C221908,Steve,Cooper,1979-07-01,M,N/A,brian79@example.org,England,Port Gail,44753,2023-08-25
C6474158,Kyle,Cohen,1958-10-03,M,(988)674-2499,halecarlos@example.org,U.K.,East Jenny,17629,2025-06-23
C5852873,Barbara,Wilson,1960-10-01,F,NULL,tara48@example.org,GB,East Francisco,86655,2024-09-26
C5306001,Samuel,Juarez,1999-07-27,NULL,866.489.0525,mcopeland@example.net,UK,South Joycechester,45465,2022-01-06
C9490906,Kyle,Wilson,Yesterday,M,+1-242-693-7179,rlove@example.net,U.K.,South Carltown,28488,2026-04-01
C8528474,Anthony,Soto,1973-04-21,NULL,+1-730-957-5218x611,jason44@example.com,UK,Robleschester,99256,2024-07-16
C928766,Ashley,Odonnell,2005-04-23,M,298.785.0406x5994,andrew81@example.net,GB,Lake Katelyn,40557,2025-08-25
C70000,Matthew,Parks,1962-10-09,Other,001-604-908-9045x84688,marilynkennedy@example.net,United Kingdom,East Cynthia,59867,2024-09-07
C6206100,Daniel,Snyder,1941-12-23,M,(810)227-6848x755,ismith@example.org,United Kingdom,West Christinachester,54162,2024-06-23
C1365242,Kimberly,Martinez,1984-11-22,Other,440-367-4878x061,zachary01@example.net,U.K.,North Kevinville,60687,2022-08-08
C820957,Nina,Reyes,1980-04-29,M,825.277.9480,ashleethompson@example.com,United Kingdom,West Justin,09223,2025-06-21
C4514361,Jonathan,Williams,1978-07-26,Other,(753)632-3241x6536,davischelsea@example.com,U.K.,Deborahport,72126,2026-04-17
C5038857,Ray,Hogan,1941-12-03,Other,645.856.8681x72356,lrandall@example.org,GB,Gonzalezmouth,68180,2021-11-04
C5612075,Kimberly,Hunter,1961-01-12,F,(890)818-6680x960,zwashington@example.com,GB,Matthewberg,48264,2022-03-23
C2507150,Samuel,Bird,1980-08-12,F,817.503.8827x6259,tward@example.com,GB,South Aaron,57704,2022-05-27
C717284,Brendan,Wagner,1984-03-03,M,+1-444-873-2429x870,dgreer@example.net,UK,North Richard,33832,2022-10-03
C6955558,Susan,Lopez,1973-04-07,F,(217)366-1216x84436,mathewsrobert@example.org,GB,Boothshire,49506,2026-02-26
C4637600,David,Duncan,1950-10-15,F,376.502.5890x8120,myerscharles@example.org,UK,West Jeremy,62048,2022-08-02
C4355612,David,Whitehead,1971-07-08,F,+1-884-599-2844x11122,theresa60@example.net,GB,West Ryan,37238,2022-06-18
C1445767,Colleen,Blake,1942-06-01,Other,327-804-0765,imorales@example.com,UK,North Hailey,46128,2025-10-16
C4203303,Brett,Scott,1960-06-26,F,+1-286-471-7318x769,thomasgarcia@example.com,UK,Stephanietown,89195,2023-01-15
C3144456,Rachel,Riley,1946-07-13,Other,001-279-468-6427,osbornebrenda@example.com,England,Port Davidview,73040,2025-12-22
C8942018,Tiffany,Johnson,1983-11-01,Other,340.736.3669x3378,joseph01@example.org,England,East Patricia,37697,2024-02-18
C7726695,Erin,Baker,1962-11-28,M,270.594.0024x066,nbell@example.com,U.K.,South Jasonbury,01637,2024-02-22
C5265785,Sean,Wells,1948-01-24,F,+1-961-771-3922x329,hamiltonjames@example.net,England,Tiffanyville,12863,2022-04-08
C8788087,Evelyn,Swanson,1953-05-22,F,001-437-439-7501,sjackson@example.net,GB,Mckenziefurt,40274,2024-09-26
C2106625,Jennifer,Carpenter,123444183,NULL,-,owebster@example.org,GB,Samuelborough,81771,2021-09-05
C2289563,Bradley,Johnston,1961-06-15,M,001-975-459-8666,taylorlatasha@example.com,U.K.,Keithtown,49158,2022-09-10
C1459930,Tracy,Jones,1952-08-20,F,+1-931-230-2646,hburns@@example.org,England,New Paul,34341,2024-08-08
C5068194,Jerry,Drake,1954-03-02,Other,932.628.1193,cynthiamills@example.org,UK,Lewisberg,31270,2021-12-09
C6028300,Ernest,Roberts,1961-11-16,Other,995.201.7928x465,rivasmolly@example.net,United Kingdom,Port Crystal,34521,2024-01-01
C851236,Paula,NULL,1995-11-08,F,344.769.7902x386,svilla@example.net,U.K.,East Alexisberg,59091,Yesterday
C6326137,Justin,Pitts,1979-08-20,Other,391.731.4251x89892,jessica93@example.org,GB,Lake Ashley,57049,2025-04-16
C149523,Veronica,Smith,1990-09-10,Other,684.609.5959x53766,pamelacortez@example.com,United Kingdom,Reyeshaven,61787,2022-10-16
C1230371,Justin,White,1963-10-20,F,+1-343-750-8054x124,markvasquez@example.net,United Kingdom,Kerrview,98299,2023-03-27
C5714348,Michael,Ayala,1974-08-13,M,N/A,christine44@example.net,U.K.,East Jasonshire,54294,2026-03-17
C9087789,Carolyn,Sullivan,1941-08-05,M,248-212-9106,adam13@example.com,UK,Rosebury,77659,2025-05-14
C1022873,Gail,Murphy,1991-10-01,M,968-967-6471x11729,smithchristina@example.org,England,Matthewborough,15546,2022-12-11
C8759543,Lori,Li,1969-10-20,F,001-733-271-5437x1594,michelle66@example.com,UK,Patriciastad,23902,2026-03-26
C9558893,James,Watts,1980-07-06,M,5996541642,angelabond@example.com,England,Leeton,17959,2025-04-09
C2157150,Hannah,Hodges,1971-01-03,F,540-775-3219x094,floreslarry@example.org,UK,West Jessica,85164,2022-10-05
C7168676,John,Davis,1979-04-16,F,443.740.4128x233,jeanne29@example.org,England,Ayalatown,46659,2026-02-26
C5434949,N/A,Gentry,1995-12-21,F,3939099554,jonespaul@example.net,UK,Elizabethton,74837,2024-12-05
C8365487,Brandon,Shields,1983-01-02,M,001-280-860-5951x874,hhaley@example.net,U.K.,Morsefurt,21344,2025-12-02
C7968944,Jessica,Daniels,1993-10-11,F,001-429-251-9293x7925,karenwhite@example.com,U.K.,Medinaville,31570,2023-06-21
C4077933,Johnathan,Pugh,1937-09-22,Other,273-360-8079,susan29@example.com,England,West James,43454,2022-01-01
C4681220,Christopher,Grimes,1943-01-26,M,346.601.6015x160,richardsmith@example.net,U.K.,Valdeztown,79758,2023-10-08
C5284878,Sandra,Hodges,1988-02-11,M,(230)449-6065,jenkinstimothy@example.net,UK,Kyleshire,65975,2024-08-08
C2498384,Corey,Morris,1957-08-04,NULL,431-939-7004x92458,wferguson@example.com,GB,Port Amanda,22228,2024-05-08
C2919575,Karen,Brown,2000-11-29,Other,8385676927,hahntina@example.org,GB,New Williammouth,39725,2023-04-30
C9180659,Christina,Schmidt,1994-10-29,F,+1-868-383-1235x5029,jacksonjamie@example.net,U.K.,Josephton,12050,2023-08-22
C2530561,Jonathan,Alvarado,1976-11-30,F,672.714.0343x447,jburns@example.com,England,East Jasminechester,74936,2024-12-21
C6989846,Kimberly,Lewis,1997-09-27,NULL,523.413.9418x37002,malik50@example.com,GB,New Sarah,66170,2023-05-04
C7814436,James,Hansen,1945-01-14,F,309.843.0306x773,annabest@example.org,United Kingdom,East Hectorhaven,26883,2024-08-20
C5624575,Tommy,Garcia,1998-09-09,NULL,327-547-5941x205,jfoster@example.org,GB,South Johnstad,73349,2025-04-11
C7253435,Sean,Stanton,Tomorrow,NULL,216.443.2315x484,lcunningham@example.net,GB,South Meganville,13464,2021-08-14
C2825947,Andrea,Carson,1954-09-08,Other,(536)551-5142,parkerluis@example.com,England,Lake Jeffrey,51439,2025-10-19
C2748514,Nicholas,Evans,1991-06-08,NULL,(361)240-8441,johnadams@example.com,GB,Ricestad,43710,2026-01-05
C2692967,Garrett,Pierce,1957-07-20,F,(276)251-3347,joseph09@example.com,GB,Jackfort,82847,2023-02-03
C3316054,Natalie,Rios,1937-05-01,NULL,324-554-6470,jennifer82@example.net,U.K.,Halltown,80808,2023-09-01
C4674418,Glen,N/A,1975-06-29,NULL,606.978.9905,dawsonnicholas@example.com,United Kingdom,Suzanneport,33145,2022-04-05
C5103464,Rachael,Butler,1981-07-16,Other,932-451-9962,grantdouglas@example.com,UK,Philipton,77375,2022-09-27
C5960616,Danielle,Clements,1994-02-03,M,673.331.0932x57673,justinsmith@example.org,UK,Timothyville,88550,2026-07-08
C4350759,Keith,Jordan,1980-10-01,M,209.645.8372,adamjackson@example.org,UK,Francisfort,56097,2024-08-07
C8992233,Joseph,Archer,1972-03-12,M,001-329-509-1047x1338,tracymiller@example.net,UK,Booneland,41759,2021-11-20
C8562933,Peter,Thomas,1999-06-19,NULL,657.486.0100,angela41@example.com,GB,New Kelsey,75235,2022-05-21
C9602438,Jasmine,Salinas,Yesterday,F,001-683-621-3808x065,williammartin@example.org,England,South Sarahstad,92716,2023-08-18
C9664513,Mary,Rivera,1994-05-12,M,773.332.4778,michael40@example.com,United Kingdom,Wadeview,67580,2021-10-20
C9292393,Joshua,Ortiz,1963-05-30,F,(295)485-0578,samuelmorgan@example.com,UK,Pamelaburgh,51639,2025-09-18
C7112277,Brady,Cunningham,1969-06-10,Other,(604)299-5655,cynthia24@example.com,UK,Huntermouth,72821,2021-09-23
C7526255,Wendy,Phillips,1987-03-23,M,8813190668,james50@example.com,England,Kimberlymouth,63110,2024-05-08
C6898380,Jennifer,Clark,1996-02-18,M,590.358.0975,sabrinajames@example.net,England,Jamesshire,09303,2023-10-05
C3330229,Sandra,Miller,1969-10-18,Other,+1-308-265-6208x7554,justincallahan@example.com,England,West Chelseaborough,23945,2024-05-18
C1664800,Christopher,Richards,19390705,M,001-516-545-9759x4326,stevenhooper@example.net,GB,North Michael,64129,2024-01-23
C8482323,Samantha,Barrett,1947-02-04,NULL,+1-528-400-9255,kari81@example.com,U.K.,Port Richardville,25635,2023-02-10
C2460257,Katherine,Thomas,1978-02-25,F,273.519.0868,fvargas@example.com,United Kingdom,Brownstad,38002,2025-10-19
C2108017,-,Adams,1981-04-15,NULL,(325)840-6774,ricecheryl@example.net,UK,Meganmouth,35008,2024-02-29
C9871237,Francisco,Mckinney,1946-11-17,F,3172735365,christopher00@example.org,GB,Gibsonhaven,34224,2023-11-16
C5791629,Edward,Garcia,1941-12-30,NULL,5786427773,trantodd@example.com,GB,West Elizabethchester,08127,2026-03-29
C8129102,Jodi,Williams,1943-02-02,NULL,345-958-0815x04052,david56@example.org,England,Spencefurt,86426,2021-09-12
C9220572,Anne,Smith,1973-12-29,F,001-575-979-8292x825,sarah30@example.net,GB,Lake Eric,17453,2025-02-07
C8747461,Aaron,Baker,1971-05-04,NULL,(879)237-7877x711,wstevens@example.org,GB,Chambersbury,14571,2025-03-25
C3625784,Hector,Moss,2005-05-09,M,(784)791-4291x5867,mmontes@example.org,U.K.,New Douglasfurt,96167,2021-08-07
C9991580,Lynn,Smith,1964-08-18,M,NULL,michellemunoz@example.org,England,Lake Robertfort,68464,2026-06-04
C254391,Chad,Stout,1991-03-06,M,(462)637-1682,smithkenneth@example.com,U.K.,Port Coryberg,23868,2025-05-16
C5716339,Grant,Owens,1970-09-12,F,(746)379-0126,NULL,England,Joeberg,21211,2023-04-24
C242624,David,Hamilton,1958-07-31,Other,7347979490,cervantesbradley@example.com,U.K.,Kimport,90449,2026-05-27
C6220879,Michael,Wright,1949-09-29,F,(388)273-6258,crystalstevens@example.com,GB,South Sandramouth,22487,2022-08-30
C3147378,John,Pierce,1945-03-15,NULL,987-599-8351x2964,prestontimothy@example.net,England,South Benjaminton,75792,2022-07-19
C9031765,Bryce,Warren,1953-10-06,M,+1-655-880-3682x2748,jonathan12@example.net,U.K.,North Sarah,65891,462997922
C9362542,Jason,Anderson,1941-04-14,Other,+1-226-210-2302x866,terriphillips@example.net,England,Janetstad,12170,2022-12-22
C9861075,Andre,Burns,1968-09-20,M,2673313756,shannon67@example.org,United Kingdom,New Allison,12496,2025-09-05
C2007539,Susan,Carr,1985-04-16,F,(277)426-3408,gwilliams@example.com,U.K.,New Juliehaven,71207,2022-10-31
C8720734,Christina,Ingram,2006-12-25,NULL,491.900.0186x258,paulsteven@example.net,UK,Brittneymouth,26223,2023-12-21
C470355,Richard,Carter,1973-04-10,F,(897)689-6422,leonard49@example.org,U.K.,Jonesbury,18321,2023-07-25
C7719843,Donna,Mitchell,1947-06-22,NULL,001-547-397-5342,uhenderson@example.com,U.K.,Lake Richard,31823,20260123
C8522558,Catherine,Patel,1945-05-17,Other,+1-835-775-1209,crystalwalsh@example.net,GB,Anthonyport,92209,2026-06-04
C8073974,Thomas,Kennedy,1992-12-22,M,+1-783-982-7959x9243,tonya25@example.org,GB,Pottstown,20268,2025-05-03
C9564946,Annette,Martin,1957-09-17,F,431.890.0059x7091,cody75@example.org,GB,Perezton,47361,2022-05-20
C7816715,Michael,Rodriguez,1941-01-13,M,+1-501-344-6804x3765,kimberlysnyder@example.org,United Kingdom,New Nicholasfurt,13181,2022-09-25
C2420607,Tiffany,Hester,1979-07-26,M,987-885-9928,lucasjeffery@example.net,U.K.,Fowlertown,75304,2023-02-23
C3641136,Johnathan,Murillo,1985-12-24,M,855-960-3873,smithtyler@example.com,GB,South Jamie,55849,2025-04-16
C8524954,Scott,Sanchez,2000-07-02,Other,654-997-1886x199,scottfisher@example.net,GB,West Michele,37849,2022-09-09
C7421450,Dakota,Jimenez,1955-05-22,NULL,001-836-847-5323x8043,michael67@example.net,England,Melanieview,55847,2023-11-10
C8883365,Chelsea,Williams,1973-02-09,M,(614)680-6384,amandamiddleton@example.com,GB,Andrealand,15136,2024-12-25
C2687854,Dominique,White,1971-01-19,F,(446)770-4993x81336,patriciamartinez@example.net,GB,Troyburgh,26396,2022-12-17
C8526537,Melissa,Hernandez,1996-09-11,M,001-958-320-3734x3598,danielestrada@example.org,GB,East Yvonne,57385,2023-01-15
C2320465,Jennifer,Weeks,1970-04-11,Other,9525121946,lopezcharles@example.com,GB,East Lisaville,09467,2024-03-20
C6283354,Thomas,Lee,1983-03-23,F,001-963-370-8057x158,amccarthy@example.net,UK,Lake Jasmine,65455,2021-08-06
C6607157,Danielle,Sutton,1948-02-04,Other,550-293-2930x961,clarkthomas@example.com,UK,Elizabethside,88104,2022-03-11
C868303,Jacob,Coleman,1937-12-27,F,001-603-336-5073,samantha12@example.com,GB,Joneshaven,93941,2023-11-25
C1087370,Jeff,Unknown,1944-01-25,M,(504)668-2475x8596,tliu@example.com,UK,West Carly,24982,2025-11-14
C3970341,Autumn,Davis,1946-05-18,NULL,787-248-9968x198,heatherfreeman@example.com,United Kingdom,Cameronborough,08587,2025-10-31
C3484992,John,Roberts,2007-03-24,NULL,(290)434-6091x614,samantha28@example.com,UK,Port Cynthiaview,90437,2025-09-22
C4634831,Anthony,Collins,1961-11-23,M,+1-895-824-4972x92239,kathryn45@example.org,GB,Josephshire,37122,2024-12-07
C8016095,Bridget,Fleming,1988-12-31,M,874-961-3550x8510,angela96@example.org,England,Lake Marissafurt,45601,2022-01-26
C6788514,Kristin,Jacobs,1981-01-07,F,488-612-6859x3013,masonjulie@example.com,U.K.,Mcdonaldview,80066,2024-03-24
C2080894,Jennifer,Martin,1991-12-19,NULL,521-374-9810,tonya50@example.com,U.K.,Kimberlyhaven,22523,2025-08-02
C3576911,Joseph,Simmons,1988-11-17,NULL,381.545.7505,wwalters@example.net,UK,Jocelynstad,12093,2024-06-17
C7478749,James,Ford,1973-02-26,F,(824)665-8892x2286,romerobrittney@example.com,U.K.,Curtisville,18015,2023-10-12
C1302126,Miranda,Wallace,1997-05-05,M,7978393778,jessica67@example.org,U.K.,Lake Philip,30488,2023-11-06
C6973805,-,Adams,1966-10-03,NULL,001-247-576-0661x1953,smithkaren@example.net,U.K.,New Peterton,66494,2022-01-17
C355132,Jessica,Browning,1996-12-26,NULL,968.571.4470,mitchell38@example.org,England,New Mariofort,58469,2022-01-14
C7390315,Justin,Meyer,2006-02-21,M,369.590.7731,jenniferbowers@example.org,U.K.,Dalebury,99761,2024-01-20
C2200241,Chad,Jordan,1987-05-22,F,378-738-7165,duane06@example.org,GB,Estesberg,59035,2024-04-18
C6679711,Jason,Smith,Yesterday,NULL,001-428-358-1301x455,levyandrea@example.org,U.K.,Robertsport,93835,2022-04-16
C2969659,Rebecca,Rogers,1975-04-05,Other,698.965.1814x73622,sanchezeric@example.net,GB,East Stevenville,37837,04/05/2026
C9975758,Jennifer,Smith,1936-02-03,M,+1-236-961-9639x1153,joshuadavis@example.org,GB,North Christian,92059,2024-11-03
C1035895,Ashley,Unknown,1950-10-15,F,843.276.3882,zsimmons@example.org,England,Hansenport,47826,2025-07-22
C9050093,Christine,King,1994-06-08,M,+1-540-496-7456x8853,anna00@example.com,GB,Hawkinsfort,29313,2023-12-10
C5305267,Ariel,Lee,1953-12-18,M,519.307.7146x33423,gparsons@example.org,UK,Lake Josephbury,36417,2023-07-06
C947298,Michael,Rice,1970-11-11,M,979.405.9539x5805,justinmcdowell@@example.com,UK,North Lacey,76946,2022-07-31
C6415241,Billy,Warren,1989-12-10,Other,+1-724-403-2925x105,taylorjoshua@example.org,U.K.,South Henryburgh,51609,01/12/2023
C7782104,Amber,Nicholson,1938-12-31,F,001-925-877-8212,whitedawn@example.com,UK,Matthewside,68509,2022-03-01
C1805744,William,Griffith,1976-07-12,NULL,801.692.1424,sabrina50@example.net,U.K.,Cameronburgh,56623,2024-01-29
C488357,Steven,Ramos,2002-02-03,M,247.272.8288,powelldanielle@example.net,United Kingdom,Kelseyville,54772,2021-09-20
C2901271,Debbie,Brooks,2007-09-02,NULL,+1-751-367-8618x1192,ann08@example.net,England,West Patrick,26891,354773017
C8002030,James,Hancock,1991-06-28,Other,350.919.1284x181,johnhudson@example.org,GB,Walshton,29764,2023-08-07
C9216824,Andrew,Murray,2000-09-30,Other,(948)417-1777,harriskevin@example.net,UK,Glovermouth,89890,2026-01-03
C4096962,Daniel,Bolton,1949-10-03,M,7748202898,gmcintosh@example.org,England,Saraberg,34808,2022-05-27
C4381369,Brenda,Leblanc,1980-03-26,M,(663)811-5988,stephendiaz@example.net,United Kingdom,Port Benjamin,13314,2021-12-19
C2647519,Kelly,Wood,1988-10-22,M,001-761-897-4015x7599,jonesjoanne@example.net,GB,New Gregory,92366,2024-10-20
C2377595,Richard,Garcia,1954-10-25,NULL,-,garciabrian@example.org,GB,Hillland,57902,2022-09-30
C4596311,Mary,Reyes,1990-07-08,Other,+1-811-596-0261x755,zbrown@example.com,GB,West Barbaramouth,72993,2023-03-29
C1513733,Richard,Bradley,1977-05-30,NULL,6732250446,karen71@example.net,GB,Port Maria,77734,2024-10-31
C95604,James,Butler,1957-11-03,M,377-347-8358,davidwhite@example.net,U.K.,Morganmouth,66284,2022-02-16
C284799,Gabriela,Williams,1990-07-27,M,001-204-613-7681x36578,cmartin@example.org,U.K.,Sampsonshire,14739,2023-07-29
C3127904,Mark,Lynch,1985-05-13,NULL,+1-785-619-1991x764,hillerika@example.org,United Kingdom,East Rachelborough,81289,Tomorrow
C1284573,Christina,Gonzales,1978-09-03,NULL,001-223-888-3663x947,jnguyen@example.net,United Kingdom,Hectorview,17774,2026-04-24
C4249022,Alan,Spencer,1953-08-16,NULL,(713)317-2786,patrick03@example.org,UK,Blakefort,63617,2024-06-22
C8147211,David,Robinson,1940-06-09,M,389-866-4164x0009,michaelcasey@example.com,England,Rodriguezside,98042,Tomorrow
C7417387,Bradley,Williams,1971-10-18,Other,5095027307,jeffreytaylor@example.net,England,Garciaport,80118,2025-09-29
C3274007,Jennifer,Medina,1946-01-25,NULL,001-626-316-3429,martha14@example.org,England,Gomezhaven,12429,08/03/2024
C4584054,Jennifer,Hernandez,1990-06-03,NULL,589-738-4017x777,glee@example.net,U.K.,West Lindatown,96789,2024-05-29
C4604459,Nicole,Kennedy,2003-01-23,M,445-417-4198x5296,markmcdonald@example.com,UK,North Carrie,81021,2024-12-24
C3365869,Jason,Chen,1995-11-25,Other,001-562-407-9745x36923,xflowers@example.org,UK,Floydchester,11222,2022-06-15
C7924645,Michael,Sanders,1963-05-04,F,3116351255,stephanietaylor@example.com,United Kingdom,Christopherbury,94509,2022-02-16
C3657756,Larry,Brooks,1977-03-15,F,296-852-1037x195,matthew97@example.net,GB,Samanthachester,17974,2022-11-26
C2113243,Dillon,Miller,1989-04-13,Other,448.619.4346x07990,crystalmiller@example.net,U.K.,New Carrie,23783,2025-08-12
C3508500,Michelle,N/A,2000-10-04,F,001-544-636-5218x05341,coxjoshua@example.com,UK,Bushburgh,04326,2024-11-07
C6013878,David,Mitchell,1999-07-06,F,7355541552,joseph85@example.org,UK,New Megan,02430,2024-09-27
C5582656,Timothy,Bryan,1971-09-05,Other,+1-511-462-0189,shawnwolfe@example.com,U.K.,Williamsside,31699,2025-01-13
C671572,James,Bryant,1973-01-28,F,641-703-0543x116,mendozakristen@example.org,England,North Stacy,87019,2021-12-20
C8563606,William,Holmes,2005-12-24,M,+1-419-798-6797,cruztina@example.org,England,Port Tracey,18658,2024-04-17
C8258166,Frank,Richardson,1959-11-08,M,493-336-2520,willismichael@example.org,GB,Port Andrea,45898,2025-07-03
C9246543,Chelsea,Casey,1968-01-25,M,(907)685-7115x97410,sarah90@example.com,UK,North Nicholas,08902,2024-05-03
C6588319,Tyler,Garcia,1957-11-19,Other,826.559.2428x6928,monicawilliams@example.com,UK,Lake George,03707,2025-02-14
C2688552,Jesse,Miller,2003-08-15,F,946-238-6815x64089,aweber@example.org,United Kingdom,West Andrewmouth,97610,2025-03-29
C9784188,Angela,Booth,1943-03-04,M,979.260.2696,stephengray@example.net,UK,Lake Katrinaport,69246,2021-10-04
C4631360,Morgan,Mathews,1981-08-18,F,698.705.8285x3593,afoster@example.net,United Kingdom,Whiteview,70258,2023-12-01
C7405083,Arthur,Robinson,1980-08-27,F,(830)753-6696x75950,melindaphillips@example.org,GB,Downsborough,46131,2023-12-15
C6567141,Carolyn,Obrien,2002-11-01,NULL,305-246-1932x7384,halljavier@example.org,UK,Lake Manuelberg,18783,2022-12-21
C7398983,Andrew,Fischer,2004-08-12,F,(686)775-2522x2445,ssmith@example.com,U.K.,Christinemouth,23755,2022-01-12
C7037774,Megan,-,1974-05-07,NULL,576-735-4966x284,dennis70@example.com,U.K.,Jeffreychester,19285,2024-05-31
C7184778,Donna,Velez,1963-11-16,NULL,777-758-0343x1458,randall32@example.org,GB,West Keith,89338,2025-08-09
C3826020,Pamela,Lopez,1977-07-12,M,001-502-409-8558x482,cohenrobert@example.com,United Kingdom,West Alicia,62432,2023-11-25
C6410406,Amber,Lane,03-23-1992,M,+1-587-306-1119x86342,lewisrhonda@example.net,United Kingdom,Waltersville,78829,2025-08-25
C3801464,Dana,Stewart,1959-11-19,M,+1-548-628-8064,chris88@example.net,United Kingdom,Ashleyside,55165,2023-02-19
C480407,Paul,Diaz,1940-02-20,F,283-901-1403x294,mbarr@example.com,UK,Branditown,99645,07/06/2022
C6645877,Nicole,Nguyen,1972-12-05,M,(725)422-5278x4693,millerdylan@example.com,U.K.,Lake Gilbertmouth,18766,2022-01-05
C9150489,Kim,Henry,2003-05-15,Other,692-718-3629x187,andrew13@example.net,U.K.,South Samantha,31425,2021-10-22
C3830858,Jeremiah,Wright,1964-03-18,F,323.843.7867x39684,antoniosmith@example.org,UK,Stephanieport,75904,2024-05-17
C695081,Gloria,Lewis,1972-06-22,M,794.366.8747,owenchelsea@example.com,GB,Johnsonland,87786,2021-10-25
C2135982,Kevin,Bailey,Tomorrow,M,482-530-7874x1798,byang@example.com,U.K.,Ericview,46426,2022-11-09
C3553606,Jordan,Lewis,1937-03-31,NULL,+1-704-904-8712x160,perezbrandon@example.com,United Kingdom,Josephburgh,92677,2024-12-20
C9777910,Randy,Hunt,2002-02-17,F,(628)256-0831x29567,richardsanders@example.com,UK,Brownside,83540,2024-07-01
C7236613,Sharon,Floyd,1948-07-07,Other,664.405.4826,mark54@example.com,England,Smithburgh,60612,2024-07-28
C3870349,Nathan,Pope,1945-10-28,M,NULL,bhunt@example.com,United Kingdom,Taylorberg,93192,2022-04-10
C6434708,Keith,Ford,344499321,M,732-353-8377x69372,ureynolds@example.net,England,Virginiaport,19423,2023-01-14
C8383773,Dawn,Blackwell,1988-01-06,M,582-766-9742x676,robertstanley@example.com,United Kingdom,Port Shannonhaven,15955,2026-01-19
C2696630,Karen,Smith,1989-11-22,Other,(489)640-4451x64569,laura13@example.org,GB,Joseton,84336,2022-12-10
C4874188,John,NULL,1988-03-13,F,(232)677-9837,fosterphillip@example.net,England,Nicholasberg,34455,2026-07-13
C9783369,Jennifer,Mitchell,1946-09-17,Other,(943)830-9213x7914,robertduke@example.com,U.K.,Natashamouth,98641,2024-08-24
C8602073,Miguel,Sanchez,1990-07-20,F,809-748-5625x7588,qmoreno@example.org,U.K.,Stephenmouth,03883,2023-10-22
C9056081,Andre,Clark,2002-11-06,Other,+1-501-655-8449,belljake@example.com,GB,Jeffreyville,91013,2023-02-14
C8272861,N/A,Smith,1974-10-22,NULL,(801)454-9476x38121,jason22@example.net,England,North Vanessafort,01880,2022-10-15
C7433641,Jill,Hernandez,2001-05-23,F,814.323.6378x955,sherri93@example.org,England,East Joeport,13506,2025-05-07
C9197978,William,Holt,1955-11-12,Other,Unknown,dennisvazquez@example.com,GB,Lake Josephland,12438,2024-03-31
C1754227,Savannah,Parker,1975-04-20,M,001-260-488-3473,crossrachel@example.com,GB,New Robert,50596,2023-02-13
C2325091,Billy,Jones,1943-06-03,M,902-933-7062,dana99@example.org,United Kingdom,Port Jennifer,51737,2024-05-13
C994832,Jennifer,Thomas,1998-06-04,M,(820)956-6090,kschwartz@example.net,England,East Christopher,42386,Tomorrow
C6409131,Isabella,Wilson,1939-05-29,Other,503.587.9294,breanna56@example.net,U.K.,Lake Katrina,34630,2024-03-28
C7249987,Molly,Wagner,1943-12-20,M,+1-465-989-0132x002,kevans@example.net,United Kingdom,Michelleland,88072,2024-06-03
C38795,Mary,Mathis,1954-03-28,M,529.304.3930x929,hansensavannah@example.org,GB,Griffithside,21502,2022-02-07
C6469793,Angela,Lawson,1977-12-17,Other,+1-860-306-6679x7622,michaelbrown@example.net,United Kingdom,West Natasha,57158,Tomorrow
C8365697,Felicia,Mercado,1964-08-24,F,637.556.1785x3626,jonathanhawkins@example.com,United Kingdom,East Christopherfurt,97229,2023-12-17
C8138508,Danielle,Coleman,1991-09-05,F,(593)984-8611x62555,ugreen@example.net,England,Ortegaside,43585,2022-11-06
C3913849,NULL,Trevino,1992-03-22,Other,2653263240,tammie70@example.com,U.K.,Chadberg,03715,2022-06-25
C8971252,Miranda,Henderson,1943-04-10,NULL,001-403-382-4297x9972,welchalexander@example.com,United Kingdom,West Karlshire,27192,2023-05-05
C6276841,Timothy,Turner,1979-12-12,NULL,804.898.4663,melissabarton@example.com,UK,Perezstad,96003,2022-09-23
C2472878,Lisa,Freeman,1955-08-06,Other,349.562.1342x833,williskatie@example.com,U.K.,East Matthew,95822,2025-07-17
C8583762,Heidi,Wall,1993-01-25,F,001-370-553-8157x91775,dayala@example.net,UK,New Andrew,04678,2025-04-03
C6549893,Tracy,Torres,1989-02-26,F,371.411.4418,rgarrison@example.org,United Kingdom,East Jimmymouth,80771,2022-08-03
C7586225,Joshua,Houston,1972-04-17,M,341.884.3268x398,emily55@example.org,United Kingdom,South Tara,53040,2022-06-25
C6659456,John,Bartlett,1950-07-29,F,+1-559-405-4462,diazmichael@example.net,United Kingdom,East Bethbury,66806,2022-10-26
C5186794,Christopher,Turner,1991-01-20,M,(412)536-4365x9459,NULL,UK,Port Josehaven,77486,2025-08-10
C5508220,Emily,Williams,2001-01-20,Other,+1-477-246-7513x62765,crystalstone@example.org,GB,Nicoleport,82603,2023-06-04
C1629344,Gwendolyn,Lee,1985-04-03,F,(823)599-4191,wilsonjeffery@example.com,England,Howardfurt,63146,2022-02-02
C4975338,Austin,Rich,1985-08-28,F,612.702.7781x14212,vchristensen@example.com,U.K.,Medinahaven,50419,2023-06-18
C1373321,Colleen,Stone,1980-04-29,Other,862-980-3595x9798,tuckerjeffrey@example.org,GB,Catherinefurt,75658,2025-01-09
C6674863,Tara,Lewis,1975-10-06,M,001-666-755-8273,sarahholmes@example.com,GB,New Dana,38494,2024-04-25
C9605466,Samantha,Walker,1995-04-08,Other,+1-720-630-2668x805,stevenskelli@example.org,U.K.,Port Andrea,79648,2026-04-25
C7496385,Ryan,Jones,1961-08-11,F,673.256.5820x9731,debra14@example.org,GB,North Crystalfort,82236,2021-11-26
C4492219,James,Barrett,1937-05-30,F,8699774835,christophersheppard@example.net,England,Lake Emilyland,96131,2026-05-13
C8568342,Cody,Mitchell,1987-10-14,NULL,5719721093,afoley@example.org,UK,Brittanymouth,55063,2024-09-17
C466008,Philip,Roberts,950124548,Other,729-671-5412,harrisonpatricia@example.com,England,West Craig,10636,2024-07-24
C4846897,Justin,Lee,1976-10-01,M,769-982-7166,lucashall@@example.com,UK,West Matthewburgh,94198,2023-06-05
C7100973,Lori,Cook,1940-07-18,M,001-444-981-4731,xschultz@example.com,UK,Port Ashley,45802,2022-05-24
C7625597,Austin,Gonzalez,1997-08-31,NULL,935.705.6169x013,alejandrocontreras@example.org,United Kingdom,Johnsonhaven,07668,2023-05-21
C4117339,Regina,Davis,1997-10-09,M,736.897.3274,burgessjustin@example.net,England,Christopherfurt,56874,2025-07-04
C6867743,Michael,Alvarado,2000-08-25,Other,2186119622,jason26@example.net,GB,Perezfort,37826,2022-01-03
C8252425,April,Robinson,1949-07-12,Other,001-963-671-1842x634,longraymond@example.net,United Kingdom,East Matthewborough,86285,2024-11-18
C8927617,Jennifer,Hernandez,1973-11-20,Other,(544)642-4434x46033,richard09@example.org,England,East Oliviaside,77788,04-01-2024
C7580350,Michael,Watkins,1990-08-17,M,NULL,erindoyle@example.com,GB,Luisside,83588,2024-01-28
C1327667,Kathleen,Weber,1994-01-04,M,850.244.4449x848,NULL,United Kingdom,Debraborough,35077,2022-07-03
C2581038,John,Phillips,1973-10-07,M,+1-825-521-8991x7900,pittskrystal@example.com,U.K.,Clineborough,18329,2024-02-26
C6627109,Cheryl,Johnson,1978-04-24,Other,8525943914,zpena@example.com,UK,Millerborough,43891,2026-06-04
C9070544,Jacob,White,1984-06-26,Other,877-504-4858x9270,dodsonregina@example.org,U.K.,East John,69044,2022-03-08
C2105486,Rebecca,Kaiser,1953-10-06,NULL,5053065389,jessicawilson@example.org,England,Hernandezmouth,75956,2023-04-27
C9432494,Caitlin,Lawrence,1988-11-26,NULL,705.774.8578x09939,enorton@example.com,United Kingdom,North Sonya,49842,2022-02-09
C6493446,-,Reynolds,1959-01-05,F,551.499.6964,heather97@example.com,U.K.,New Richard,02854,2024-01-12
C3734170,Jennifer,Barber,1983-10-23,F,528-297-4677,ublake@example.org,United Kingdom,Barbarastad,46469,2024-03-06
C6248043,James,Smith,1987-10-14,M,949-248-4350x16064,patelkeith@example.com,GB,Watkinsburgh,37138,2022-07-17
C129657,Kimberly,Davis,1965-04-27,NULL,+1-719-278-5344,allenrussell@example.com,United Kingdom,Brownhaven,47245,2026-04-26
C7857636,Melissa,Mann,1984-09-09,Other,+1-532-543-4901,isaacmartin@example.org,United Kingdom,Josephmouth,88224,2024-04-04
C6187654,Brenda,Medina,2004-05-01,NULL,368.807.2092x031,michael06@example.net,England,South Justin,01946,2026-01-16
C4386255,Frank,Snyder,1969-07-15,Other,+1-509-730-1300x1060,vmartinez@example.net,GB,North Johnport,63614,2022-03-05
C3848828,Xavier,Riley,2000-04-08,M,471-224-5305x192,carl81@example.org,England,Wrightville,68879,2026-01-01
C3388193,Joseph,Williamson,1975-02-24,M,+1-651-796-2083x1950,oross@example.org,United Kingdom,Granttown,40130,2022-08-11
C2886268,Michelle,Mitchell,992906415,F,394.809.9093x18819,rcampbell@example.org,United Kingdom,South James,80625,2023-03-22
C7425088,Kevin,Hill,1987-04-15,NULL,+1-976-826-3205,alice51@example.org,United Kingdom,Langton,25967,2022-11-05
C8242471,Amy,Johnson,1951-03-09,Other,001-474-217-0257x7845,bsmith@example.net,UK,Lake Jenniferburgh,28639,2023-05-04
C7127445,Christina,King,1983-12-08,Other,500.251.4908x91900,csanford@example.com,U.K.,Heatherview,13134,2023-10-13
C6606951,Holly,Gray,1979-07-01,M,,dean58@example.org,GB,Carolineton,25861,2024-09-14
C4775981,Jacob,Coleman,1953-07-21,Other,747-851-6297,darryl43@example.com,U.K.,North Carolynberg,17557,2023-07-14
C9505640,Allison,Lopez,1997-02-08,F,353-345-5749x257,nroth@example.net,United Kingdom,East Frank,93426,2025-01-26
C8209440,Sarah,Moore,1983-02-06,M,(951)447-3870,nmiller@example.org,UK,Stoutburgh,73067,2025-08-26
C9158903,Jaime,Howell,1959-09-14,NULL,3097943591,cookcharles@example.com,UK,Melaniefort,81438,2022-09-06
C630557,Sarah,Berry,1985-10-29,M,001-238-543-0704x325,jenniferpratt@example.com,GB,Lake Danielmouth,08155,2023-08-06
C1332855,Nathan,Henry,1985-03-07,M,800-294-8754x49383,john73@example.net,United Kingdom,New Craigtown,98358,2021-08-19
C8600754,Jill,Long,1936-12-18,NULL,(921)929-2848x589,frederick26@example.org,UK,South Angela,45643,2022-01-08
C7517057,Margaret,Baker,1958-01-08,Other,001-641-674-3620,webbrobert@example.com,U.K.,Port Micheal,56641,2022-01-15
C9604977,Ray,Marks,2004-12-25,M,365-709-3643x67268,jasmine67@example.org,U.K.,East Amanda,69633,2022-04-25
C4525460,James,Rhodes,1994-09-09,F,NULL,whitney75@example.net,England,Davidchester,19821,2026-02-07
C7793657,Michelle,Blair,1949-10-18,F,001-455-739-9406x06756,garyscott@example.com,U.K.,Lisaside,68234,2026-05-26
C8251447,April,Boyle,1987-01-05,NULL,+1-270-556-1577,carolyncarter@example.net,U.K.,Loriside,38884,2022-06-11
C1984539,Alex,Lyons,1969-09-29,Other,001-216-394-4594,vharris@example.com,GB,Lake Phillipton,54962,2024-05-06
C7668109,David,Garcia,1953-11-23,NULL,9728228862,pearsonscott@example.org,U.K.,West Michael,48364,2026-04-22
C6113375,Alexander,Chen,1994-06-25,F,(881)522-8990x7728,kentchristopher@example.com,England,Thomasberg,29862,2022-09-10
C3529956,Michael,Rodriguez,2005-12-11,Other,,petersonkevin@example.com,England,Newmanburgh,78890,2024-02-16
C3692881,Christian,Sanders,2006-06-17,M,898-728-5893x6293,ricardo25@example.net,England,Lake Kelly,62871,2024-07-24
C2598678,Brittany,Franco,1978-08-14,F,371.383.6385x3739,melissa39@example.com,UK,Cassandrachester,28766,2022-07-19
C7488670,Harold,Hernandez,1943-08-01,NULL,+1-978-463-3071x05666,corey05@example.com,GB,Lorishire,36088,2025-04-28
C9267016,Kristin,Castillo,2006-09-26,M,+1-686-733-4567x9001,michaelsmith@example.com,United Kingdom,West Malikton,36360,2023-02-14
C6399883,Glenn,Moody,1951-11-01,Other,8592301122,brhodes@example.org,GB,West Zachary,81650,Tomorrow
C2896684,Derek,Mills,1989-05-31,F,+1-419-372-1599x4983,amandawalters@example.net,UK,West Mariaton,29117,2026-07-29
C7524258,Madison,Smith,1955-08-11,Other,6905655064,brittanyvazquez@example.org,United Kingdom,North Jessica,74480,2025-09-29
C5214984,Jacqueline,Stevens,1975-11-02,NULL,793.942.3617x5659,chelsea53@example.net,UK,North Charles,67437,2025-08-07
C182028,Laura,Wright,1980-06-26,Other,+1-913-689-7334x7549,aphillips@example.org,GB,North Elizabethberg,78724,2026-05-10
C3158934,Angela,Stark,1973-08-04,NULL,912.971.5926x27339,christopher39@example.com,U.K.,Meganstad,72930,2026-05-31
C6647855,Elizabeth,Carter,1956-05-23,NULL,858-671-3381x80568,calhoundeanna@example.com,UK,South Michaelport,93998,2024-05-22
C2964835,David,Summers,1946-10-04,F,001-527-976-4280x5315,qsmith@example.com,England,New James,23227,2024-03-03
C4585040,Duane,Clark,1956-03-21,NULL,389.660.1206x7824,sararivera@example.org,England,Jessicaville,31492,2024-09-19
C8950699,Beverly,Hobbs,1991-10-26,NULL,946.719.0166x1143,tamarabridges@example.net,U.K.,South Richard,20543,2022-02-07
C2083321,Angela,Savage,1953-03-10,NULL,893.214.8761,michael68@example.org,GB,Huntermouth,41885,2022-07-26
C2623131,Dalton,Daniel,1952-08-05,F,001-619-554-7687x56602,ksmith@example.net,UK,Lake Davidtown,68054,2022-12-10
C529733,Dorothy,Smith,1979-10-22,F,001-917-783-1307x207,maurice01@example.com,England,Barryshire,41250,2023-11-11
C4320125,Unknown,Johnston,1961-11-07,F,(771)592-8194,pshepherd@example.net,United Kingdom,Port Ashley,97242,2022-12-13
C9296313,Jacqueline,Williams,1984-02-03,M,514.813.9412,haleylarsen@example.com,England,Port Theresaville,02677,2026-05-12
C8681604,Ronald,Willis,1954-10-06,NULL,952.270.3900x18816,christopheryoung@example.org,UK,Harrisonview,95691,2022-07-14
C7806567,Robert,Tapia,1960-02-24,M,978.500.9064,peterscandace@example.com,UK,Christinabury,34935,2021-12-01
C1137831,Todd,Smith,1945-06-21,M,6988749175,manuel89@example.net,GB,New Steven,15685,2024-06-08
C3583089,Kyle,Smith,1951-10-26,F,001-477-524-5042,ericwest@example.org,England,New Scottmouth,70748,2022-02-05
C9727666,Michael,Sims,1987-01-22,M,374-781-0539x1756,dmoyer@example.net,U.K.,Port Robert,36325,2021-08-05
C4922203,Christina,Gray,1987-06-04,M,(571)779-7899,jamie31@example.net,England,Montgomerybury,86711,2024-12-04
C4286546,NULL,Brown,1937-08-23,NULL,271-966-1864x67955,hickseric@example.net,U.K.,Lewismouth,46574,2021-12-01
C4623526,NULL,Flores,1960-09-16,NULL,(386)251-1970x788,millercatherine@example.net,UK,Margaretland,25950,2025-12-03
C2795422,Ashley,Williams,1995-04-08,F,001-884-850-1551x9472,doughertychad@example.org,England,Michellestad,12898,Tomorrow
C4447681,Michelle,Shepard,1983-01-18,F,(356)464-7817,barbara74@example.org,GB,Randymouth,62574,2022-08-01
C1482872,Logan,Parsons,1957-10-06,M,001-908-496-9375,jennifergutierrez@example.com,UK,Angelicafurt,65294,2024-03-27
C3570295,Matthew,Rivera,1984-11-03,Other,+1-340-584-6632,catherine93@example.net,UK,Meganshire,99848,2024-03-26
C9646267,Amanda,Oconnell,1945-03-04,F,001-601-676-9445x195,garrettbrittany@example.com,England,Austinberg,02823,2025-01-25
C4712047,Steven,Thompson,1970-07-22,F,(902)609-9320,crystal45@example.com,GB,Kellermouth,07511,2023-10-11
C3484803,John,Francis,1937-09-01,Other,484.726.4562x446,josebenitez@example.com,United Kingdom,Jessicaberg,27132,2022-04-14
C5215043,Joshua,Anthony,2006-06-03,Other,461.520.5408x4871,probinson@example.com,England,West Robert,07499,2024-03-23
C1434191,Victoria,NULL,Yesterday,NULL,561-886-6506,damoncastro@example.net,UK,Lake Amber,31394,2024-06-17
C9928294,Victor,Thomas,2005-03-28,M,001-497-987-0626x64956,haleyanderson@example.org,U.K.,Paulfort,14683,2022-05-13
C2374038,Alejandro,Brown,1966-09-24,NULL,+1-699-658-6808x26143,donna28@example.net,GB,Henryside,92997,2024-10-26
C403107,Patrick,Mueller,1992-04-28,Other,001-330-846-5981x359,brandon70@example.com,England,North Austintown,87458,2023-09-19
C7276818,Eric,Rodriguez,1962-02-02,F,001-821-985-5619x107,awright@example.net,U.K.,Lake Craig,96763,2025-04-03
C4519751,Devin,Howard,1998-08-28,M,+1-868-505-7525x7966,cgraves@example.net,U.K.,Robinsontown,38376,2023-06-12
C8894620,Anita,Hawkins,1994-07-15,F,4443587043,umorgan@example.com,U.K.,West Cheryl,94989,2026-06-16
C3735636,Stephanie,Sanchez,1953-07-05,M,001-227-496-2070x61656,claylauren@example.org,England,New Charlesland,67333,2021-10-04
C8981117,Amanda,Ryan,1965-11-11,NULL,398.378.4408x637,bboone@example.com,U.K.,South Mariahtown,36864,2022-08-16
C9462588,Melanie,Harrison,1963-03-16,Other,(898)847-7084x7376,jose51@example.net,United Kingdom,Quinnton,66284,2025-09-05
C6079463,Jacqueline,Davis,1961-03-19,Other,+1-886-760-2785,fsmith@example.com,UK,South Francesstad,19157,2023-06-02
C2766081,Lori,Richardson,1994-08-22,NULL,3008843921,rfrye@example.com,U.K.,Lake Coreyburgh,97580,2022-01-02
C3551756,Sarah,Moore,1948-06-15,Other,+1-842-531-5755x518,amanda98@example.com,UK,New Robert,80623,2026-06-16
C2726145,Monica,Reed,1952-02-20,NULL,+1-662-205-4668x633,griffinjacqueline@example.com,GB,South Chelsey,98935,2024-02-10
C4781822,George,Nguyen,1950-10-11,F,001-469-545-3283,allisonvazquez@example.org,England,Wilsontown,86757,2024-12-07
C729229,Justin,Smith,1941-09-28,NULL,566-695-9221x23224,lawsonjohn@example.net,UK,East Robert,31500,2025-06-01
C8835019,Heather,Parker,1956-02-08,M,(379)585-7560,david80@example.com,U.K.,East Haleyfort,26360,2025-11-24
C2608867,Dakota,Foley,1995-01-25,Other,3893181468,mendozaangela@example.net,United Kingdom,Shannonland,08618,2023-05-27
C5483746,Nicole,Miller,1981-02-04,NULL,N/A,andersonnicholas@example.org,England,South Kimberlyfort,57562,2025-03-20
C106325,Mark,Gay,1937-02-11,Other,499.709.7587x425,pollardbenjamin@gmal.com,UK,Port David,33963,2022-03-16
C6823117,Jeremy,Sullivan,1960-02-17,NULL,(227)402-7617x1488,christinegutierrez@example.com,UK,Thomaston,70215,2023-10-09
C3286254,Julie,Moreno,1980-12-24,M,+1-777-283-8284,mitchell29@example.com,U.K.,Thomasshire,51904,2024-06-01
C8570599,Brett,Romero,1958-02-16,F,(757)737-7608,gkey@example.net,United Kingdom,Wongstad,70551,2021-11-07
C369900,Morgan,Kim,1976-08-29,Other,861.390.7291,isaac55@example.com,United Kingdom,Hollandport,18350,2024-10-29
C9893635,Dana,Steele,1983-06-28,NULL,281-447-9087,brenda22@example.net,United Kingdom,Port Charlesview,89381,2022-12-30
C7040301,Unknown,Jackson,1993-09-01,F,956.659.8409,joann90@example.com,GB,Courtneyville,39364,2025-12-09
C413751,Evan,Thomas,2000-03-03,Other,(366)350-1395x15318,robert08@example.net,GB,Webbhaven,29321,2022-09-24
C7842558,Selena,Hayes,1966-09-28,NULL,2844149643,sylvia04@example.org,United Kingdom,Stephaniechester,60061,2024-04-23
C5444189,Pamela,Vance,1968-10-13,F,428-808-8991,stephen38@example.org,GB,Michaelfurt,29143,2026-07-09
C7178911,Gregory,Glover,1945-08-27,Other,7615015864,roger99@example.net,England,Mitchellbury,03231,2024-05-20
C5764666,Christian,Cole,1945-03-25,NULL,765.863.0775x43845,watsonjodi@example.org,United Kingdom,East Davidstad,04075,2021-11-16
C8050434,Anthony,Villegas,2001-06-27,F,001-614-573-6303x3184,thomashernandez@example.org,England,Brandifurt,23544,2025-08-30
C3911438,Michelle,Roberts,1982-10-26,Other,(424)754-0985,brucemcneil@example.com,GB,North Laurastad,81385,2026-03-06
C1578948,Ryan,Anderson,1990-03-08,Other,+1-570-503-0622,smorgan@example.net,U.K.,East Levifurt,79825,2022-11-23
C4108116,Unknown,Blake,1959-08-15,M,329-427-9612x82580,seanwilliams@example.net,United Kingdom,Kevinberg,94564,2025-01-22
C1094854,Nancy,Nolan,1956-07-07,F,+1-364-776-7335x6748,jenniferkelley@example.com,GB,Richardsonside,58126,2023-03-31
C8194855,Christopher,Jackson,1981-10-25,F,(360)788-4298,davidfigueroa@example.com,England,Port Philipfort,56526,2024-07-12
C5753962,Belinda,Martin,1974-06-21,F,001-803-901-7335x10279,chamberscathy@example.net,GB,Jillmouth,36305,2026-04-21
C7453244,Eric,Li,12-17-1993,M,001-290-545-7715x3362,dhampton@example.com,GB,Fosterview,92583,2024-07-27
C4237991,Mary,Davis,1969-03-24,NULL,673.425.0765x69780,joseph24@example.net,England,Erichaven,03452,2024-08-10
C4401192,Tina,Park,1972-01-22,NULL,+1-331-372-9135x098,angelica93@example.com,England,Nicholastown,64070,2024-08-15
C9947609,Jason,Ochoa,1980-03-05,Other,884-306-0785,krystalperry@example.com,U.K.,Lake Rachelside,31843,2024-02-21
C5685992,Casey,Mcdonald,1957-01-25,NULL,349.810.9078,jameswhite@example.net,UK,Kellyview,97743,2022-10-11
C762324,Amanda,Stone,1977-04-01,NULL,(320)249-9363x252,nho@example.com,UK,Geoffreyborough,23997,2025-05-26
C143373,Joseph,Garcia,1961-01-27,NULL,278.924.0173,qmatthews@example.com,UK,New Maryport,68354,2025-09-29
C4685511,Nicole,Smith,1983-04-14,F,6906596279,hornkathleen@example.org,England,South Taylorfurt,49997,2025-07-31
C8067464,Richard,Rivera,1951-02-12,NULL,242-762-1778,charles02@example.org,England,New Richardberg,85671,2024-08-04
C2567922,Tara,Stevenson,1998-12-22,Other,001-501-744-1513x541,armstrongvictor@example.net,U.K.,New Tyler,97170,2023-04-13
C6725422,Susan,Jacobs,1956-05-07,NULL,001-842-638-4003x4358,jessicaanderson@example.com,GB,South Steve,07142,2026-04-20
C3575999,Robert,Taylor,1977-01-16,F,(254)245-2236x68064,taylormichael@example.net,U.K.,Port Jenniferside,57559,2026-02-20
C6829567,Patrick,Morales,1943-06-17,M,(447)284-9799,reginaldlarsen@example.org,GB,Jenniferville,51646,2023-11-16
C9500809,Brandon,Hamilton,1992-12-14,NULL,686.941.2966,nicole59@example.org,GB,East Sarahshire,39569,2023-06-18
C831291,Amanda,Lozano,2007-08-20,F,+1-347-927-1726,thomasgarza@example.org,UK,East Victoria,42983,2022-07-28
C8877759,Jennifer,Hall,07-26-1946,M,001-764-831-6140x019,luismontes@example.com,England,North Colinside,96864,2026-03-26
C1893963,Jennifer,Powers,1949-03-13,F,4463452477,keith93@example.org,England,Lake David,70538,2022-09-12
C7148245,Christopher,Jones,1989-01-29,F,-,josephkim@example.org,United Kingdom,Maryfurt,00867,2025-04-21
C2208733,Robert,Miller,1938-12-11,F,001-509-687-8053x49419,andrewbarrera@example.org,England,South Davidland,33777,2023-10-16
C7092513,Joyce,Smith,1993-11-03,F,(747)465-6571x580,lauren74@example.org,United Kingdom,Davidsonberg,40211,2023-04-12
C4821589,Sharon,Cruz,1938-04-02,M,001-930-450-5651x484,vmcclure@example.net,England,New Jonathan,38074,2021-10-16
C3919522,Jeanne,Watson,2001-01-11,F,778.262.5497x130,williamhawkins@example.com,UK,Lake Danny,68467,2023-10-24
C8671248,Ryan,Walker,1993-06-01,Other,001-986-408-7991x324,michael65@gmal.com,GB,South Scottville,92493,2026-06-06
C7172707,Donald,Lane,1950-12-22,Other,6513946144,thomassusan@example.net,England,West Robert,52669,2026-05-03
C1237362,Chase,Reeves,1989-08-22,Other,2417616385,danielle02@example.net,U.K.,Lake Karla,62917,2025-05-06
C8203050,Corey,Snyder,1988-04-14,NULL,-,santiagomichelle@example.com,U.K.,West Ericshire,03004,2023-06-17
C2148002,Michelle,Graves,1970-09-04,M,(561)739-7231x07445,hernandezjoel@example.org,England,West Keith,38436,2025-03-20
C1847068,Michael,Shea,19871016,F,6765142986,melissarogers@example.net,England,West Angelaport,31634,2023-10-28
C3657556,David,Taylor,1949-07-13,M,977-858-7059,alison27@example.com,England,East Andrea,66158,2025-10-06
C3063855,NULL,Larson,1943-05-05,Other,(421)706-1502x069,kellynelson@example.org,United Kingdom,Richardhaven,61908,2023-03-02
C4090621,Cameron,Gonzalez,1936-06-25,Other,+1-413-577-1721,william04@example.net,U.K.,North Ronaldfort,02133,2022-04-26
C3985084,Randall,Scott,1991-09-24,F,5405758559,timothy36@example.org,United Kingdom,East Stephanie,76367,2025-04-28
C167868,Gregory,Charles,1992-09-02,NULL,883-788-9426x599,courtney57@example.com,United Kingdom,Deannaton,55421,2022-06-10
C4532457,Nicholas,Savage,2002-04-23,NULL,001-898-839-5403,floresandrew@example.org,GB,West Megan,62629,2022-04-06
C1355872,Erin,Davis,1985-09-30,NULL,845.919.5749x7389,idavid@example.net,England,New Alex,46707,2022-07-24
C3875895,Richard,Lewis,1957-08-24,M,367.781.6998,johnsondavid@example.com,UK,North David,23183,2024-06-11
C9316286,Ashley,Scott,1946-12-28,Other,+1-914-853-6614x0788,debraduran@example.org,United Kingdom,New Sherryfort,55132,2022-10-24
C1497734,Jennifer,Ray,1994-01-10,Other,(880)451-1500,gary85@example.org,United Kingdom,Port Carol,81961,2022-02-17
C6699695,Mark,Gregory,1942-10-06,F,322.767.6266x1550,erobbins@example.com,GB,Cisneroshaven,81774,2025-06-22
C7367398,Ryan,Roth,1993-06-06,NULL,4592310545,samuel64@example.com,England,Janetburgh,63466,2023-10-13
C2359498,Leslie,West,1941-09-19,M,+1-835-565-7811x08218,cellison@example.com,GB,North Markside,58159,2025-06-24
C4854108,Cole,Webb,1967-04-30,Other,Unknown,leemelissa@example.org,UK,East Emilyport,67738,2022-08-27
C8886378,Justin,Miller,1953-10-25,Other,8224294816,ezhang@example.com,U.K.,East Michaelfort,53738,2023-09-08
C6303122,Michael,Smith,1996-03-16,M,420-534-4331x18442,bennettlisa@example.org,UK,Lake Caroline,09459,2022-12-15
C316300,Richard,Davis,1998-02-04,M,8119051655,amythompson@example.org,England,North Stephanie,72500,2022-12-27
C716121,William,Clark,1973-08-30,F,518-247-2063x413,fharris@example.net,U.K.,Millerside,94075,2021-12-21
C5810134,Yvonne,Torres,1955-02-08,Other,001-667-297-1063,hmckay@example.net,UK,Lake Edward,42130,2024-04-01
C6647164,Raymond,Potter,1951-07-11,F,(839)436-2836,alfred05@example.com,U.K.,East Karistad,83262,2025-03-29
C935305,Ryan,Flores,1951-08-15,NULL,275-439-1142,gbowman@example.com,England,South Susanside,92676,2025-06-25
C4090269,Emily,Coleman,1955-12-22,Other,+1-529-211-7534x7191,lcampbell@example.org,England,Vincentville,17324,2025-05-02
C5750012,Shane,Nielsen,1958-04-11,Other,677.381.5517x538,loribennett@example.org,U.K.,Barbaraburgh,64100,2024-06-07
C9174799,Samantha,Ingram,1975-04-19,M,4328544965,garciaadam@example.org,England,Barnesville,12664,2025-12-27
C4171607,Jeffrey,Turner,1982-11-11,Other,2659814856,reedalexa@example.org,GB,North Wesley,55679,2026-07-21
C7711223,Cheryl,Morris,1984-02-06,M,203-477-3101x0815,enelson@example.org,UK,Paulmouth,16384,2024-01-20
C9776077,Steven,Clarke,1972-03-25,NULL,+1-374-614-8674x7614,dominguezbrittany@example.com,England,Port Ashleymouth,07168,2021-10-08
C5684117,Jasmine,Barker,1997-09-25,NULL,279-949-2864x7391,howardmadden@example.org,U.K.,Richardtown,74526,2022-03-04
C7492139,David,Mcmillan,1961-12-19,M,+1-844-345-1767x5300,corey69@example.net,England,Robertsland,63279,Yesterday
C8157180,Heather,Caldwell,1949-10-08,F,705.607.2586,hilldiana@example.com,United Kingdom,Turnerchester,47775,2022-06-11
C4448694,Brandon,Lynch,1976-02-23,M,+1-442-747-2507x42696,pearsontabitha@example.org,England,Reidview,90383,2025-03-06
C1822985,Madison,Taylor,2001-12-21,M,765-538-6347x152,swhite@example.com,GB,Port Kenneth,45951,2024-04-22
C7137684,Aimee,Mendoza,1941-10-11,NULL,340.324.6131,xbriggs@example.com,United Kingdom,New Staceytown,26306,2023-06-17
C4996227,Thomas,Brown,1999-11-18,M,(805)886-8288x1465,melaniegarcia@example.net,GB,Port Curtisshire,31776,2023-09-06
C3119862,Nicole,Guerrero,1980-08-31,M,+1-610-610-5525x8753,marcus46@example.net,United Kingdom,West Victorside,72936,2023-11-05
C6863805,Rachel,Walker,1944-04-13,F,428.748.6321x6715,benjaminwilcox@example.org,United Kingdom,North Nicole,07701,2023-08-08
C1044203,Todd,Anderson,1970-10-30,Other,565.894.2538,rdixon@example.org,UK,Lake Tracy,51259,2023-10-23
C173722,Robert,Rice,1953-03-11,NULL,332-420-8288x39393,greenlarry@example.org,U.K.,Port Melissaside,23838,2026-04-18
C5869456,Todd,-,1973-09-29,F,+1-691-266-4752,vgraham@example.net,GB,New Lisa,96013,2023-07-24
C7325381,Megan,Oliver,19620901,M,2198158112,omarstephenson@example.org,U.K.,Lake Kelli,45528,2023-08-14
C7804181,Alexandria,Spencer,2003-01-30,F,3824960627,karlabrown@example.org,UK,West Sheila,68638,2025-10-20
C6149703,Brad,Skinner,1958-06-26,F,(249)724-1298x7017,marcusguerrero@example.com,UK,New Noahside,66443,2022-12-16
C8986372,Megan,Henry,1944-09-21,F,842.738.0257,nicholas08@example.org,U.K.,West Heidiburgh,86051,2023-04-25
C3778077,Kristen,Smith,1966-11-28,NULL,234.766.2853x9913,daytina@example.com,UK,Port Emily,21625,2024-10-11
C2797336,Douglas,Garcia,1997-02-19,F,(576)649-5933x54661,garciaclaudia@example.net,UK,Jameshaven,66065,2025-12-31
C7271113,Samantha,Moore,1957-01-03,NULL,776.518.2231x53614,joshuanelson@example.org,United Kingdom,Hernandezview,28100,2023-05-21
C6811235,Ann,Taylor,1972-11-02,F,(437)849-1893x814,kimberly50@example.net,United Kingdom,Brendaview,36046,2022-07-05
C2485725,Kaitlin,Williams,1938-12-27,F,001-659-256-5140x9717,umendoza@example.org,GB,Lorifurt,15172,2023-11-12
C5388697,Angelica,Coleman,2004-11-12,F,+1-251-230-6577x624,bvillarreal@example.com,England,Danielville,73577,2026-01-06
C6705680,Chelsea,Bishop,1991-04-07,NULL,921-255-2626x73496,margaret66@example.org,England,Hugheston,54975,2024-06-26
C3866462,Timothy,Herring,1980-12-27,F,(911)747-7063,nmack@example.org,England,East Richard,73333,2023-08-12
C3915639,Michelle,Hurst,2004-05-07,F,001-778-595-7044,sean15@example.com,UK,South Carolfurt,30251,2024-08-17
C9883888,NULL,Alvarez,1967-09-25,F,839.560.9706,guzmanmallory@example.net,GB,New Vanessa,98720,2026-02-18
C3968895,Ashley,Zuniga,2005-05-22,NULL,779.780.0784,xoneal@example.org,U.K.,Seanmouth,15946,2025-06-26
C9762009,Krystal,Diaz,1958-11-11,Other,(207)964-3952x11373,brittanyhull@example.net,U.K.,East Samanthaborough,10932,2022-01-20
C6028168,Gloria,Noble,1989-01-25,M,548.351.5205x12892,kelly71@example.com,United Kingdom,Lake Kristi,53908,2025-06-23
C4022901,Beverly,Long,1993-08-28,NULL,+1-672-971-3482,norristoni@example.org,England,South Christopher,61763,2022-01-04
C3323517,Jennifer,Cook,1975-05-28,M,001-458-818-9243,hpalmer@example.net,United Kingdom,East Andrew,37675,2024-10-13
C8871356,Charles,Lawson,2007-09-19,M,679-678-5738x86576,ptaylor@example.com,England,Colechester,56997,2024-02-06
C343476,Jessica,Weaver,1968-07-14,M,001-279-339-7097x531,jeanettemarshall@example.net,England,Sandraside,52162,2023-08-01
C4041482,Kristen,Brown,1950-02-24,Other,-,mitchellbrown@example.com,United Kingdom,Joyfurt,08639,2022-02-28
C9840749,Paul,Perry,1998-12-31,F,797.942.4379,david66@example.org,UK,Davidbury,54898,2025-01-02
C5207451,Annette,Pratt,1963-10-22,M,(427)829-4673,harpermelanie@example.org,England,North Amy,37166,2023-03-22
C2944654,Laura,Preston,1999-08-17,Other,(971)846-2744x31547,cpratt@example.net,GB,Carlfurt,96006,2025-06-26
C6827155,Robert,Mack,1953-02-21,NULL,+1-878-899-4450x6615,elizabethholland@example.net,U.K.,West Destiny,49970,2025-07-13
C6051815,John,Kim,1983-11-01,NULL,982.920.5698,julie52@example.com,U.K.,Coxchester,14046,2025-05-18
C1960880,Michelle,Vincent,1962-08-08,M,001-782-313-7102x54955,patrick86@example.org,U.K.,Matthewshire,16886,2023-10-25
C7682315,Selena,Mooney,1947-12-15,M,001-250-521-0656,cindyrhodes@example.org,UK,Nicholasshire,41943,2026-05-17
C4944977,Stephanie,Brown,2007-02-10,NULL,299.250.2211x2588,raymond95@example.net,England,Port Lindsey,56035,2025-12-26
C3004249,Shannon,Perry,1959-07-26,Other,001-620-354-7349x2139,tpark@example.org,UK,South Jenniferbury,98663,2022-05-08
C5418196,Richard,Graham,1957-06-23,F,774-875-6960x3553,chelsea13@example.com,UK,Lisastad,60779,2025-07-09
C8651510,Debra,Obrien,1936-05-07,NULL,622-506-3322,robertsanthony@example.org,UK,North Nicoleton,64882,2025-01-01
C5570279,Joshua,Woods,1985-03-22,NULL,001-622-318-4258,nhamilton@example.net,United Kingdom,New Mario,98453,2022-04-28
C5313049,Patrick,Peck,1959-03-25,M,6185968485,martha89@example.org,U.K.,Lucasshire,19427,2022-03-14
C8091101,Dustin,Harvey,1970-03-02,F,+1-781-622-6826x3187,rhubbard@example.com,U.K.,North Angelaview,18324,2025-07-06
C1452233,Regina,Bartlett,1988-05-24,F,647.527.1416x5004,chartman@example.org,GB,Lake Williamview,33588,2023-10-02
C400350,Melanie,Vincent,1936-03-22,Other,8498317048,kerrgeoffrey@example.net,UK,Burnsbury,90578,2023-10-22
C209251,Edward,-,1957-05-18,Other,001-779-313-4204,elizabethboone@example.com,GB,Brandtton,10528,2025-08-21
C8234296,Elizabeth,Walton,1943-04-02,F,(671)436-5934x707,onovak@example.net,UK,Kelseyfort,77186,2024-11-05
C6023006,Alyssa,Patton,1987-02-05,F,797-298-2265x783,rbrown@example.com,United Kingdom,Lake Loganland,49155,2023-04-12
C1212249,-,Young,1952-05-24,NULL,(286)403-6689x9349,barbararamirez@example.com,England,Scottville,64960,2026-06-17
C9902532,Denise,Bonilla,1972-12-02,M,+1-883-702-8924,mary95@example.com,United Kingdom,Danielport,98079,2022-05-30
C2507984,Thomas,Miller,1965-01-29,M,(500)881-1136x2035,dpena@example.org,U.K.,South Mary,62050,2026-01-31
C3652100,Caitlin,Lam,1972-06-28,Other,(994)956-0885x9088,lisaadkins@example.com,U.K.,Derekfort,59253,2024-09-13
C564540,Logan,Olson,2002-09-01,M,429-410-7085x75351,kellytaylor@example.org,UK,Huntermouth,65898,20240820
C4715942,Jesse,NULL,1939-11-09,M,5438181668,caldwelljamie@example.net,United Kingdom,Rodneyland,34068,2023-07-02
C4457100,Kevin,Munoz,1957-05-26,NULL,5066943276,turnerjessica@example.org,GB,Port Savannah,04509,2024-05-22
C7435239,Michael,Harrison,1938-04-06,NULL,(633)695-5283x086,williambray@example.com,U.K.,New Sallyville,36612,955925129
C7664707,Karen,Jones,1952-07-25,F,(818)401-2851x4723,nicolefreeman@example.net,GB,New Ashleytown,47096,10-13-2021
C6259893,James,Escobar,1975-01-20,Other,001-377-913-5451,bporter@example.org,UK,North Todd,63160,20230113
C7761416,Rebekah,Jenkins,1954-09-22,F,(353)325-0461,carlortega@example.net,GB,Carmenfort,39204,2025-09-01
C5061485,Traci,Galloway,1954-07-14,M,+1-413-651-0604x85949,jo29@example.net,UK,New Stanley,09571,2022-09-15
C7742375,Lori,-,2006-10-18,M,001-606-212-5367x1339,spencertristan@example.net,UK,Michaelside,48714,2025-11-29
C2706889,Brooke,Martin,1981-04-14,Other,934.222.1393x7084,bakergloria@example.net,UK,Feliciaside,08613,2025-09-15
C2339872,Marcus,Ryan,1966-10-10,M,001-698-903-2924x8053,fcoleman@example.net,England,Whitehaven,13325,2023-09-26
C7896800,Justin,Chase,1948-09-15,F,(791)841-0767x0654,josehall@example.net,U.K.,East Megan,13869,2023-02-23
C3668588,David,Marks,1972-12-12,F,+1-413-580-3726x320,psellers@example.com,GB,West Latoya,61377,2025-09-26
C1920275,Melissa,Cunningham,2001-07-27,Other,(991)346-0661x736,castilloallen@example.net,England,North Sarah,11039,2022-04-20
C5237499,Cynthia,Lopez,1954-07-13,M,499.589.6672x69992,juan95@example.com,U.K.,Olsonbury,94147,2023-09-15
C4200919,James,Woodard,1967-10-06,NULL,978-960-9382x66366,bradleyjodi@example.net,U.K.,Port Christopher,86136,2026-02-21
C2473287,Sarah,Hays,1965-10-09,Other,473-665-8692x77022,mclaughlinchristopher@example.com,United Kingdom,Lake Sharonville,18188,2024-08-13
C4090463,Nichole,Vargas,2000-09-13,M,(304)968-5071x59192,barneswilliam@example.org,UK,Robertmouth,75454,2024-01-23
C2252934,Ian,Allen,2001-06-10,Other,+1-864-834-3062x619,freemanjody@example.net,GB,Pricemouth,56765,2021-09-13
C454878,Monica,Griffith,2004-09-02,M,001-868-368-2548x7499,autumn82@example.org,GB,South Javiermouth,68733,2022-09-24
C7798853,Cassie,Ritter,1961-06-29,M,666.564.2459x549,thomas29@example.com,England,Lake Jonathan,75872,2024-09-12
C9451549,Hector,Lane,1943-10-29,NULL,869.669.6860x4065,kevin94@example.org,UK,Vincentstad,56378,2024-04-04
C3179166,Megan,Conley,1977-07-19,NULL,771-428-7963x0861,tjuarez@example.com,U.K.,Hannahstad,02462,2025-09-08
C6722709,Emma,Zavala,1997-07-26,Other,203.931.9409x3536,terryjaime@example.com,U.K.,Sandrastad,06680,2021-08-08
C8141695,Erik,Gonzalez,1966-05-11,M,+1-576-376-6787x865,xadkins@example.com,GB,Lake Grant,03560,2025-10-02
C5524696,Ashley,Newman,1972-06-24,F,+1-842-646-8740x3275,paulcurry@example.com,U.K.,Meghanton,65257,2026-03-13
C3509987,Lori,Nelson,1987-11-01,M,895.258.0106,camachojoseph@example.org,United Kingdom,Leslieton,00905,2025-05-24
C3022514,Michael,Cruz,2003-10-27,NULL,633-293-8014,onealdaniel@example.org,England,Port Juan,36676,2023-08-18
C152952,Christina,Taylor,1954-05-05,M,719.887.6039,rushashley@example.com,U.K.,New Jason,65896,2022-10-11
C6342921,Justin,Lee,1951-04-29,F,(262)765-7219,alyssanelson@example.net,GB,Debrafort,83229,2023-05-09
C6456431,Gary,Mclaughlin,1987-10-07,M,(274)311-7350,michealnguyen@example.net,England,Smithstad,69630,2024-02-20
C5032339,Rebecca,Carter,1940-09-03,F,601-666-5931,barbara55@example.net,GB,Paulmouth,17973,2025-11-29
C5581982,Michelle,Bradshaw,12-30-1995,NULL,-,mejiadarrell@example.net,U.K.,Haynesland,33217,2025-02-16
C8358221,Anthony,Coleman,1940-09-20,Other,001-483-717-0688x4269,fprince@example.net,England,New Alyssa,68291,2023-03-21
C6460334,Ana,Chung,1986-09-13,F,862.628.6879x4288,charles08@example.net,GB,Pearsonburgh,14645,2025-01-15
C3037445,Sheila,Rowe,1975-10-15,F,+1-695-544-5197x008,tim40@example.net,England,Ritaberg,71148,2023-12-16
C6912609,Michael,Johnson,2004-03-31,NULL,(780)527-6862x55365,crawfordmelissa@example.com,United Kingdom,Danielfurt,92997,2024-07-10
C2718328,Ryan,Cox,2005-04-15,NULL,557-794-6261x9132,tchang@example.org,England,Townsendmouth,67816,2022-07-03
C9119893,Frederick,Riley,1940-12-16,M,886-681-3320x7816,beth73@example.com,GB,Stephaniefurt,67230,2026-04-17
C2342069,Jose,Jenkins,1957-07-18,NULL,855.384.9622x3594,ptaylor@example.net,England,Tylerland,88046,2021-11-28
C5870529,Douglas,Green,1972-10-05,NULL,773-372-2361x81847,tiffany95@example.net,UK,Brandonmouth,52223,2026-06-06
C6331544,Cristina,Carter,1983-07-23,Other,381-585-6956x966,dunnmatthew@example.net,UK,New Patrick,42002,2026-06-13
C5869885,Michael,Lowery,1955-11-10,Other,(554)645-5896,daviseugene@example.net,England,East Steven,11159,2025-09-27
C1292169,Kelly,Odonnell,1943-08-27,Other,(717)639-6798x00107,dustin77@example.org,United Kingdom,Andrewmouth,78133,2026-06-09
C6101664,Nicholas,Chen,1954-02-18,NULL,(956)982-1074,smoore@example.org,UK,Port Briana,11182,2025-01-29
C9215176,Amy,Everett,1987-05-31,Other,+1-520-728-4378x128,laura32@example.com,United Kingdom,North James,44505,20250125
C2892969,Jose,Hammond,2007-12-07,NULL,330-204-7841x89181,hadams@example.org,GB,Archerport,20408,2026-01-09
C5777236,Andrew,Martinez,1958-03-05,NULL,+1-415-314-0506x662,nscott@example.com,UK,Port Rebeccafort,12206,2026-06-17
C1996472,Paige,House,1949-08-26,NULL,N/A,yschaefer@example.com,UK,West Richard,88028,2023-09-02
C3869865,Wendy,Morales,1949-09-07,Other,389-490-2366x82945,hestermatthew@example.com,U.K.,Shepherdview,30109,2022-08-03
C2944914,William,Gonzales,1953-03-21,NULL,(697)918-1007x7988,stephenthompson@example.com,England,Ericport,27309,2022-10-13
C259721,Ashley,Dunn,1987-01-28,F,(201)772-2821x29701,harperchristopher@example.org,England,Duncanborough,08863,2023-08-07
C9694698,Julie,Levy,1951-01-21,M,(577)860-7497,iharris@example.org,United Kingdom,Lake Jenna,47795,2024-02-24
C6474549,Paul,Ortega,1991-10-28,Other,001-835-277-9828x333,rachelsantiago@example.net,GB,East Jackborough,33203,2023-03-21
C1780170,Taylor,Leonard,1952-08-23,Other,001-581-529-4431x41221,alan69@example.net,United Kingdom,Thomasfort,35435,2022-06-06
C8797269,Joshua,Gibbs,1986-10-18,F,(848)972-8471,james00@example.com,England,East Danielfort,17727,2023-03-17
C3556292,David,Walsh,1964-05-12,Other,(934)642-7460x361,juliehogan@example.org,GB,West Anthony,49016,2022-12-30
C8911475,Brenda,Simpson,2000-05-19,NULL,+1-274-287-7658x8127,amywilkerson@example.com,United Kingdom,Jessicastad,60165,2023-05-19
C3287680,Christopher,Kane,1965-07-27,Other,381.760.7270,amberbryant@example.com,UK,Lake Melanieshire,65948,2022-03-03
C3716033,Michael,Wood,2003-07-14,F,(716)463-2431x3249,gentrypaul@example.net,England,Thompsonview,62281,2023-01-25
C9510241,Joseph,Willis,1952-07-18,NULL,NULL,patricia99@example.org,England,Chavezburgh,64368,2025-05-23
C7336238,Ashley,Roberts,1987-05-19,F,001-335-519-0769x3401,april24@example.com,U.K.,New Samuel,80650,2025-06-17
C8179111,Benjamin,Oneal,1990-01-28,Other,(732)231-9175x44337,hsandoval@example.com,U.K.,Smithchester,76304,2023-07-28
C6457321,Deborah,Russell,1993-03-08,M,001-488-911-6911x303,uconway@example.net,United Kingdom,Tonyafort,49713,2024-12-19
C9681699,Monica,Dixon,1938-02-14,Other,+1-735-586-3978x6340,reedstanley@example.org,U.K.,West Angelicahaven,07217,2025-08-06
C5626380,Robert,Cook,1947-05-21,NULL,263.871.9896x82624,dhuff@example.com,UK,South Jasonchester,83314,2025-10-17
C8934668,Michael,Ramos,1963-10-21,NULL,001-891-243-6461x23200,william78@example.com,UK,Port Troybury,60858,2025-12-05
C5231454,Chase,Nelson,19690921,M,212-284-8647x03493,jeffrey68@example.org,England,East Henryside,91734,2024-07-03
C7018425,Stephanie,Gibbs,1983-02-15,Other,(203)389-3340,fsmith@example.net,U.K.,Lake Kristina,63774,2022-05-30
C8973114,Curtis,Richards,Tomorrow,Other,(368)518-2438x293,morganortiz@example.net,UK,Melissahaven,13861,2026-04-21
C2064052,Kimberly,Parker,1944-06-08,M,001-594-932-2665,timothyguzman@example.org,England,Brandonton,65560,2022-05-09
C4089410,David,Sharp,2003-10-10,F,+1-737-990-0035,leslie75@example.net,U.K.,Newmanville,69832,2022-04-17
C1005075,Sara,Green,1989-11-05,NULL,437-703-2011x803,brownandrea@example.com,UK,New Frankfurt,51064,2024-10-05
C9091341,Paula,Holloway,1947-02-02,F,7668551508,mcampbell@example.com,UK,Wrightton,49348,2025-07-10
C9050644,Melissa,Ryan,1973-08-31,F,(762)335-9208,tsmith@example.org,GB,South Andrew,38945,2024-07-29
C4894547,Jasmine,Parker,1938-12-01,Other,970.710.0038x2468,hestrada@example.org,U.K.,Lake Wendy,02889,2023-10-13
C2219529,Melanie,Hanson,1938-09-05,Other,(926)288-7383x17728,leetracy@example.com,United Kingdom,Mosesfort,89523,2026-03-20
C9115238,Julie,Ramirez,1980-12-21,M,2618487256,jeromebeck@example.net,GB,East Jennifer,67848,2023-07-15
C7851372,Michael,Ingram,907922640,F,(687)568-0798,kathleen99@example.net,England,North Martinborough,39745,2022-12-11
C5560344,Anthony,Deleon,1949-12-06,Other,378.693.5902x076,ucordova@example.org,England,North Aliciaview,19269,2025-09-24
C6544982,Emily,Oliver,1935-08-27,M,(861)888-5867x520,jamie60@example.net,UK,Holtbury,57874,2022-05-02
C3499437,Kelly,Montes,1971-11-02,F,NULL,lucerobrittany@example.org,GB,Port Brendan,39955,2023-12-09
C7088401,Garrett,Potts,1938-04-26,F,610.968.9881,kimberlykline@example.net,U.K.,Christopherstad,51830,2022-04-17
C3811897,Keith,Wright,1971-07-31,Other,+1-993-523-2996,sotorachel@example.com,England,North Lindsaychester,87724,2026-05-19
C933913,Tony,Taylor,1978-08-31,Other,205.575.2889x293,melissa32@example.net,U.K.,Lewisland,09140,2023-05-23
C3052640,Scott,Smith,1939-03-21,F,8766236243,nguyenmario@example.com,U.K.,Angelaborough,98030,2026-04-09
C9217760,Edward,Martinez,2006-07-07,F,961-923-5006,linda93@example.com,United Kingdom,Port Charlesview,15611,2022-07-18
C6424917,David,Gomez,1998-11-03,NULL,873.285.7284x1423,xhunt@example.net,England,Flemingland,12112,2022-06-23
C5352518,Jessica,Walker,1972-12-17,Other,697-305-9287x54474,carrollmatthew@example.com,United Kingdom,New Melissabury,47720,2024-01-08
C6466164,Roger,Scott,321075152,M,350-349-1194x1454,justin06@example.com,U.K.,West Brandonmouth,22558,2025-01-17
C4624891,John,Garrett,1986-09-20,F,001-647-436-3580,jackbooker@example.org,England,Laurachester,29129,2021-10-27
C3969078,Bryan,NULL,1953-03-03,F,249-925-1806,vcruz@example.net,GB,Nicoleland,46917,2025-03-05
C5764151,Lisa,Smith,2004-10-16,NULL,4463317071,colejustin@example.org,England,Manuelport,00537,2022-11-06
C1848138,Sarah,Barber,1937-03-01,NULL,001-736-656-1531x59398,jonathanryan@example.com,U.K.,West Jennifer,46222,2023-06-08
C2867350,Jordan,Chandler,1986-02-17,M,6992155148,hprice@example.net,United Kingdom,Ricehaven,20142,2026-01-02
C9237888,Victoria,Fields,1944-11-15,M,(668)863-1263,nicolecase@example.com,England,Matthewside,16953,2022-08-21
C5385085,Marie,Santiago,1959-02-27,Other,+1-246-255-4245,eric41@example.com,GB,Johnsonfort,67096,2021-12-05
C1488458,Andrea,Hernandez,1980-04-02,NULL,(602)302-6007,kimberlywilliams@example.net,U.K.,North Williammouth,40003,2025-01-02
C9643244,Emily,Glass,1973-07-10,F,(213)815-9064x5267,markpatel@example.com,U.K.,Aaronburgh,31903,2026-06-14
C2402471,Ronald,Bell,1957-05-13,Other,001-676-316-9022x73395,lwilliams@example.com,GB,Hoganchester,61552,2024-11-07
C5441244,Alicia,Barker,1969-01-06,F,+1-953-319-3449,katiewright@example.net,United Kingdom,Steventown,07266,2024-04-12
C4389658,Maureen,Wyatt,1995-08-23,NULL,293-371-3972x9923,fcochran@example.com,UK,East Donna,44754,2025-06-01
C8994722,-,Blackwell,1952-09-30,F,Unknown,theresa07@example.org,UK,Joshuaview,74091,2023-09-22
C7150679,Gerald,Garcia,19700827,NULL,6539069467,amanda58@example.com,England,Port Jose,66281,2023-08-20
C5148577,NULL,Herrera,1958-12-29,Other,828.539.1289,hannah41@example.com,GB,Port Jacquelinetown,16937,20220624
C5136553,Mary,Soto,1970-10-11,NULL,(652)367-0682x8878,pattersonclayton@example.org,GB,Hallchester,72997,2025-10-17
C6138801,Laura,Turner,1985-04-08,M,984-999-1733,chadreid@example.org,United Kingdom,New Jeffrey,12949,2023-08-28
C509631,James,Smith,1999-12-02,M,+1-618-809-4815x9890,alisha15@example.net,U.K.,Walkershire,53380,2024-09-03
C2961602,Andrew,Sawyer,1970-03-23,F,(985)607-6733x317,mshaffer@example.org,U.K.,Kaylaton,42783,2026-07-17
C2402980,Sherry,Ward,2006-12-06,NULL,(342)652-1301x276,lisapatrick@example.org,England,North Mark,80700,2023-08-06
C3991981,Alex,Smith,1969-10-22,F,001-920-487-2876x503,zacharymoon@example.net,UK,Jamiechester,37313,2024-09-07
C3794609,Regina,Avila,1976-09-28,NULL,(426)646-6320,eric18@example.net,GB,Josechester,03748,2022-11-23
C1677836,Kim,Peterson,1968-05-30,M,827.743.1690x7547,jacqueline08@example.com,UK,Wrightfort,63544,2025-08-09
C3970247,Rachel,Johnson,1959-09-29,NULL,+1-713-207-3361x27718,stephaniefreeman@example.net,U.K.,North Carl,13263,2022-07-16
C248635,N/A,Hawkins,1972-09-21,M,+1-569-803-0077x01385,dixonryan@example.net,UK,Jillianmouth,68373,2022-03-25
C6336748,Patricia,Contreras,10-05-1997,F,(666)286-3671x980,vmurphy@example.com,United Kingdom,South Catherinefort,08815,2021-08-13
C5332505,David,Anderson,1968-02-16,F,7586689015,jessica90@example.org,GB,East Kara,26344,2026-05-30
C7593746,Ricky,Lee,1961-03-05,NULL,517.496.6589x66371,mcbrideanna@example.com,U.K.,Fowlertown,43530,2026-04-01
C9556664,Ashley,Strong,1959-09-26,NULL,001-922-496-0025x39605,tiffany98@example.org,GB,Lake Richard,12206,2024-10-01
C7039309,Christine,Simon,1971-06-23,M,(644)230-5595,hoffmanlarry@example.net,U.K.,Robertbury,20060,2026-05-06
C3169074,NULL,Andrews,1988-12-03,F,314.321.7161x97136,markking@example.org,U.K.,West Jamieport,64032,2023-03-11
C6695100,Gabrielle,Hurst,1997-12-10,M,001-336-630-7814x8564,kimberly13@example.net,UK,Jenniferborough,21762,2025-11-27
C5707719,Robert,Owens,1961-09-10,F,(586)272-3946,obrooks@example.org,England,Alyssabury,09606,28/08/2022
C5750357,Dawn,Jordan,1945-08-03,NULL,(430)942-9753x919,angelalittle@example.com,U.K.,West Margaret,26336,2022-04-25
C3392056,Bradley,Mcintosh,2002-07-13,NULL,8266180495,rjohnson@example.org,England,Jonesberg,98089,2025-08-14
C4075165,Peter,Greene,Tomorrow,F,(993)943-6175,frankjones@example.net,UK,Richmondstad,34859,2023-09-09
C7974554,Darryl,Ryan,1948-01-06,NULL,001-864-871-0030,haysjulie@example.net,England,West Jonathan,61100,2023-01-13
C9861100,Kristin,Clark,1965-01-27,F,348-536-5755x7758,jjacobs@example.org,U.K.,Brownchester,89356,2022-04-20
C2930229,Bryan,Griffin,1957-05-17,F,(384)213-1334x363,annmiller@example.org,UK,Jasonshire,99018,2024-05-07
C1141662,Roberta,Holden,1982-09-10,NULL,001-983-336-2236x64615,christopherjordan@example.org,U.K.,Tranport,00939,2022-05-08
C6009773,Tammy,Moore,1941-09-19,F,001-878-587-1295x990,ycole@example.net,United Kingdom,Ernestburgh,37508,20240412
C6899051,Leslie,Perez,1963-10-04,NULL,+1-962-727-6459x382,harrisonjames@example.org,U.K.,Gonzalezberg,22367,2024-10-24
C8974235,Melissa,Anderson,1938-04-13,M,+1-843-646-6167x16246,smithvanessa@example.net,U.K.,East Danielfurt,54795,2026-03-15
C6573903,Kiara,Hicks,1950-11-06,F,(391)293-3921,cmay@example.com,UK,New Alfredbury,57005,2025-12-19
C7275072,Christy,Garcia,1942-07-12,M,214-399-9662x9592,anndorsey@example.com,England,Barberport,39420,2022-09-23
C6798096,Kara,Rogers,2003-05-11,M,3677227646,lynnsanchez@example.com,GB,Lake Dianeside,79105,2022-03-12
C8420466,Carolyn,Parrish,403776676,Other,377-730-0905x1018,whitecraig@example.org,United Kingdom,Lake Robert,48389,2025-10-15
C4670270,Jennifer,Rodriguez,1958-06-23,M,779-898-2890x27454,terrilyons@example.org,GB,Lake Jacob,65226,2025-07-18
C1364324,James,Farmer,1940-04-04,F,+1-849-926-2739x551,joann89@example.org,U.K.,Jennifermouth,13578,2024-09-25
C2062166,Tammy,Meyer,1995-05-22,Other,9979560777,dominguezalejandro@example.com,UK,East Matthewtown,68127,2022-11-02
C6826652,Adam,Adams,1941-09-25,Other,232.502.9617x891,hhoffman@example.com,U.K.,Thomaschester,40841,2021-12-07
C3403775,Joseph,English,2002-02-05,M,+1-464-538-1275,joshuacoleman@example.net,England,Lake Christopher,95688,2022-05-14
C369918,Melissa,Foley,1987-03-07,M,773-736-4691x735,cervanteschristine@example.org,GB,Nataliebury,93290,2022-10-25
C9273603,Amy,Clayton,1959-01-08,F,245.465.6385x23557,troy24@example.org,England,Port Kendra,07380,2023-08-19
C8653275,Jennifer,Singh,1996-01-23,M,001-420-203-8462x28001,samuelparker@example.net,UK,Christinachester,12234,2022-12-27
C3293872,Amanda,Brooks,1971-05-12,NULL,345.522.2993,annwilliamson@example.org,England,Sherrymouth,33074,2022-06-23
C3778528,Lisa,Kane,2002-07-01,NULL,407.326.7672x526,nelsondavid@gmal.com,UK,Smithborough,74658,2023-05-13
C4323154,John,Tate,1952-09-01,M,+1-538-742-5896x911,justin67@example.org,U.K.,Port Randy,21508,2023-02-01
C9966030,Cassandra,Aguilar,1979-05-24,Other,001-463-560-6057x415,campbellkatherine@example.com,UK,Lake Tristanfort,47397,2021-11-08
C6018325,Timothy,Smith,1982-03-26,F,866.671.2667x259,plove@example.org,U.K.,West Jonfurt,07821,2023-07-16
C2183505,Ellen,Herrera,1953-01-31,F,4152006880,sweaver@example.com,England,South Erinfurt,63324,2022-01-08
C4192579,Stephanie,Gonzalez,1945-12-17,Other,001-272-577-1129x693,stephensmariah@example.com,U.K.,Brianberg,51604,2024-01-30
C5950508,Danielle,Williams,1960-03-15,F,929-739-2187,andrewsnicole@example.org,UK,Huffmanshire,98718,2024-06-02
C6158591,Richard,Morris,2001-12-07,NULL,+1-785-738-2057,lindsaywilliams@example.org,United Kingdom,Bentonland,37663,2022-10-12
C4462460,Kevin,Miller,1997-08-03,NULL,(799)975-7638,wlopez@example.net,United Kingdom,East Andreafurt,65957,2025-11-30
C9305029,Kim,Patterson,1970-10-15,Other,957.550.8262x679,nelsonian@example.com,United Kingdom,Lake Michael,06765,2023-09-19
C6738926,Megan,Tate,1993-06-07,Other,(534)837-7550x91202,steven51@example.org,U.K.,Port Kaylabury,01110,2024-03-20
C7958656,Andrea,Chan,2006-10-29,F,(382)390-3681x00794,kara72@example.net,U.K.,Port Apriltown,71839,2021-12-30
C7264737,Shawn,NULL,19620628,Other,(432)721-0700,loretta49@example.com,England,East Jason,09743,2022-11-02
C5891536,Teresa,Ellison,2002-03-20,Other,371.640.0639x429,walkerjoseph@example.net,GB,Benjaminport,96664,2026-04-05
C2280950,Latasha,Love,1950-11-05,Other,212.813.1342x59662,twest@example.net,UK,Dennisfurt,43197,2025-01-31
C4144428,Brittany,Ross,1975-08-06,F,465.229.0962x0116,pharris@example.org,United Kingdom,Stevenside,98611,2021-08-27
C7632874,Jessica,Boyd,1992-02-08,NULL,340.402.5706x850,wweber@example.net,England,South Rogerview,09555,2023-07-15
C7311916,Tanya,Johnson,1983-01-06,NULL,001-997-574-9386,jenniferandersen@example.net,United Kingdom,Catherinetown,54087,2025-09-06
C8295535,Deborah,Hines,1986-10-26,NULL,001-580-310-9418x3453,christopher91@example.net,GB,New David,69546,2022-09-10
C4868562,Richard,Dalton,1946-09-12,NULL,001-336-236-9498,xbryant@example.org,England,Port Ann,33876,2022-05-08
C5449298,James,Thompson,2003-05-06,F,554.532.9968,jgriffith@example.org,GB,Christinaview,01659,2024-11-10
C7679293,David,Keith,1949-04-16,M,+1-225-725-8806x227,valerie30@example.com,England,New Robert,06094,2023-03-14
C4247881,Alexis,Sherman,1980-09-22,M,+1-921-886-2275x3161,davidmay@example.net,United Kingdom,Port Sarah,06245,2026-04-13
C1013723,Ronnie,Delgado,1940-12-18,F,241-960-4093x122,john80@example.net,UK,North Max,86820,2022-03-25
C5380431,Michael,Wilson,1995-02-04,NULL,+1-782-400-2231x951,kyleflores@example.net,U.K.,Port Edwintown,21414,2026-02-23
C4649545,Scott,Taylor,1956-01-16,NULL,289-777-8659,ejames@example.org,United Kingdom,South Brian,48552,2023-07-25
C2713438,Brenda,House,1969-11-02,Other,361.831.8848,eric33@example.com,GB,Jacksonmouth,49543,2023-10-09
C9984327,Unknown,Eaton,1974-05-31,F,282-807-7445x01687,hsmith@example.net,GB,Angelastad,16295,2024-10-24
C2798588,Jason,Price,1952-12-10,M,+1-538-883-1305x66798,jacob14@example.org,UK,Lake Ashleeside,12385,2025-06-29
C6133363,Nancy,Mcgee,1990-08-04,M,650.772.5071x03667,bautistalynn@example.com,U.K.,Scotthaven,63037,Tomorrow
C2913978,Daniel,Brown,1939-05-29,Other,(360)555-6542x77482,banderson@example.org,United Kingdom,Michaelside,69606,2026-04-07
C1474645,Jason,Nelson,1983-10-18,NULL,8498793287,harveymary@example.org,United Kingdom,Matthewstad,37687,2025-11-16
C830157,Mary,Kirk,1962-06-05,NULL,935.604.8955x4811,candace91@example.com,England,Port Tyroneburgh,83890,2023-12-22
C3163070,Robin,Lam,1952-06-24,NULL,328.850.9727x15183,deborahgay@example.net,UK,Batesmouth,81451,2024-12-03
C1029931,Andrea,Larson,1960-05-31,M,513.960.6283x3177,sflores@example.net,UK,Martinfurt,08683,2022-05-21
C9820196,Justin,Smith,1983-12-12,F,316-425-5469x2928,dominique64@example.net,UK,Jasonhaven,82328,2021-12-19
C5361108,Amy,Murray,1957-07-26,Other,+1-880-987-4256,andrewguerrero@example.com,GB,Lake Bryan,13840,2025-12-27
C5458279,Nicholas,Campbell,1966-02-27,F,8388045101,cwhitney@example.com,GB,Lake Michaelburgh,97642,2023-03-09
C121163,Jeffrey,Alvarez,1950-04-22,M,001-607-730-9262,josephchung@example.org,GB,Fergusonton,64183,2023-08-06
C1607047,Nicholas,Hunt,1956-12-05,Other,(933)284-6612x54009,gonzalezstephen@example.org,GB,Gravesville,34521,2022-04-12
C3326994,Tracey,Davis,1937-04-15,M,+1-950-956-7777x7921,lopezsharon@example.net,UK,Port Joseph,96030,2023-08-29
C3512943,Andrew,Hernandez,1995-06-13,NULL,+1-628-233-8706x7758,josephheather@example.net,GB,Lake Jonathanstad,10288,2023-07-31
C8490452,Brandon,Nielsen,1999-12-07,Other,+1-789-365-5626x22416,rebeccafernandez@example.org,UK,East Reneeberg,92788,2026-06-12
C9314071,Paula,Thomas,1989-05-30,NULL,(359)627-2930,cooperjoshua@example.com,U.K.,Tinaborough,86937,2024-08-28
C6434105,Ricky,Carpenter,1984-08-22,M,(261)487-1246,daviscynthia@example.org,GB,East Robertmouth,20718,2026-03-27
C42904,Johnny,Byrd,1969-01-12,M,(821)711-6622x154,riveraruben@example.com,United Kingdom,Cassidyfort,57089,2024-08-27
C2237186,Paula,-,05-27-1997,F,001-833-791-4084x950,brockkenneth@example.com,United Kingdom,Port Stephanie,65554,2026-05-24
C7619783,Daniel,Snow,1969-07-08,NULL,264-857-2916x30137,dwatson@example.com,England,Lake Julia,11356,2025-05-11
C6882677,Jennifer,Snyder,1958-01-06,NULL,892-621-9584x339,robertharris@example.net,U.K.,Port Oscarbury,43266,2024-12-18
C371163,Elizabeth,N/A,1964-03-31,NULL,262-852-8363x0145,vanessarichards@example.org,UK,West Ryan,43568,2025-04-11
C5831091,Brian,Rhodes,520568244,NULL,+1-563-765-9341x5367,grimescheryl@example.com,England,New Joelstad,02711,2023-03-10
C2909643,Antonio,Carter,2004-07-22,M,+1-768-693-8598x031,alexanderburns@example.net,United Kingdom,East Mary,98903,2022-10-23
C4858748,Jesse,Mills,1936-09-22,NULL,+1-457-659-5964x122,garciazachary@example.com,England,Lake Alexander,06344,2022-03-13
C6133811,Colton,Jackson,2002-09-28,NULL,222.487.1658,aaron12@example.net,United Kingdom,West Aaronchester,86268,2022-03-16
C4944236,Joshua,Harris,1950-07-28,F,6987608172,nathangoodman@example.net,United Kingdom,West Abigailton,66374,20/04/2024
C1203253,Carlos,Wright,1965-03-21,NULL,(391)395-7084x0567,nguyenariel@example.net,United Kingdom,Port Jennifermouth,79262,20231224
C5449496,Stephanie,Morgan,1939-12-03,Other,N/A,brenda40@example.net,GB,Leonardshire,67372,2023-08-24
C8352590,Ronald,Watson,2002-09-26,NULL,+1-741-735-8451x7658,stephaniepatel@example.org,U.K.,Petersonview,94216,2023-01-14
C5742371,Robert,Berry,1973-09-16,F,395-631-8004x613,stephen34@example.net,England,North Lydiamouth,58286,2025-02-14
C2019352,Kevin,Stewart,1967-02-13,M,407-680-0983x14536,zhoover@example.org,England,North Sarahfurt,07104,2021-08-11
C347409,Brandy,Weiss,19521104,M,663-348-5532x403,wmelton@example.net,U.K.,Beckermouth,95996,2024-12-30
C9754283,Lisa,Walsh,1941-10-03,F,677-687-0108,anitawells@example.net,England,New Jason,47903,2024-10-09
C160845,Amanda,Garcia,1999-12-13,M,317-664-3847x03555,wagnerjennifer@example.com,GB,East Adamton,79624,2025-09-18
C7554606,Jeremy,Freeman,20011002,Other,(459)508-4956x2275,ccross@example.org,UK,North Samanthaton,39241,2023-10-04
C4151714,Patricia,Robbins,20080701,Other,293-865-0525x76299,pughevelyn@example.org,GB,New Melissa,48664,2023-08-05
C7488136,Hector,Roberts,1983-06-26,NULL,(750)287-7528,robertporter@example.com,U.K.,Lake Cynthiachester,21160,2025-10-21
C8033957,Ann,Fowler,1941-10-23,F,497.327.2604,martintheresa@example.com,UK,Jenniferstad,60087,2025-04-16
C8586385,Jason,Miller,1991-04-30,NULL,(309)990-8534x7660,brittanygalvan@example.com,United Kingdom,South Katherine,21807,2022-11-23
C5249347,Vicki,Smith,1976-03-17,F,971-739-2248,harmonveronica@example.net,UK,Petersside,42894,2024-03-08
C5981656,Luis,Lopez,19460913,M,830-530-2457x9650,vlambert@example.net,U.K.,North Amandahaven,61114,2022-01-03
C44036,Shawn,N/A,1979-10-23,NULL,001-624-448-1705,karenrice@example.org,UK,Mcguireborough,73883,2025-07-26
C6897766,Michael,Thompson,1967-03-21,F,(398)634-5709,amaxwell@@example.com,GB,South Christopherton,80525,2023-08-20
C5373086,Connie,Perkins,1997-01-29,Other,607-212-3397x379,michele99@example.com,U.K.,Brianmouth,46605,2024-10-10
C2317581,Patrick,Johnson,1999-03-29,NULL,(948)254-1106x6133,grayamber@example.net,U.K.,East Brandon,61129,2022-09-03
C3283310,Marissa,Barr,1975-04-04,M,+1-952-966-3023x20609,michelle07@example.org,UK,Whitneychester,85446,2023-11-21
C3949174,Richard,Moreno,1961-02-28,F,884.402.0283x024,sstephens@example.org,United Kingdom,West Allisonfurt,58606,2022-04-20
C9581681,Monique,Day,1989-08-09,Other,777.248.7187x216,teresa34@example.com,England,East Brian,24551,08-18-2021
C2807913,Angel,NULL,1960-02-07,F,327.709.2096,timothyyoung@example.com,UK,Kylieside,33824,2023-04-27
C7535835,Spencer,N/A,1938-02-23,NULL,(464)665-0687x634,emosley@example.com,U.K.,West Wesleytown,91881,2025-08-13
C9215987,William,Mclean,1999-11-19,NULL,518.331.0914,rodneyewing@example.net,UK,Jameston,98273,2022-02-14
C6570936,David,Peck,1945-11-20,F,+1-796-580-0187x84593,sonya66@example.com,United Kingdom,Angelmouth,33731,2024-06-03
C5897387,Candace,Gaines,1990-11-12,M,(843)838-1990x128,shannonhampton@example.net,UK,Petersonmouth,04081,2023-01-24
C8121390,Larry,Ellis,1939-08-07,M,753-398-4827,olee@example.com,England,Catherinebury,69891,2024-06-05
C7652231,Jaclyn,Campbell,1939-10-15,Other,705-497-3578x86725,cstevens@example.org,GB,East Jasonborough,93446,2023-12-23
C4224947,Debra,Harris,1974-06-20,M,273-985-4615x544,davidschultz@example.com,U.K.,North Annaborough,59463,2025-04-23
C2738124,Derrick,Pham,2001-01-26,Other,303-656-6574,jessewatkins@example.net,UK,North Amandaport,62919,2022-10-28
C9947610,Rebecca,Garcia,1997-01-10,NULL,001-521-567-1526x7922,michaelphillips@example.org,U.K.,Samanthachester,70496,2025-11-29
C1474217,Pamela,Chavez,1972-12-15,NULL,(716)940-5871x53943,phillipmiller@example.org,GB,North Christopher,11647,2024-02-07
C3788664,Unknown,Green,1999-12-31,M,(478)678-1403x5953,clarkkimberly@example.org,United Kingdom,North Jenniferton,05766,2024-12-08
C4567192,Brandon,Jackson,1980-09-18,F,602-987-1519x403,julie09@example.com,UK,New Elizabeth,23334,2025-06-29
C8392580,Gregory,Stevenson,2005-06-19,NULL,NULL,agomez@example.com,U.K.,New Brian,74696,2026-02-12
C5959007,Paul,Conley,1960-09-08,M,Unknown,oscarsmith@example.org,GB,Lake Josephburgh,40880,2025-09-28
C2648814,Steve,Mendoza,1944-02-13,NULL,+1-540-766-0643x463,meganchase@example.com,GB,Stephaniechester,56655,2025-12-05
C4400930,Phillip,Elliott,1959-04-14,M,(468)408-2989x395,jonesjennifer@example.net,United Kingdom,North Sharonburgh,03982,04-24-2023
C265203,Megan,Evans,1997-07-22,F,563.658.9478,gibsonjeanne@example.org,England,Lake Marie,98620,2022-06-10
C5112453,Crystal,Schwartz,1952-11-12,NULL,7403332085,jameshebert@example.com,United Kingdom,West Laura,23383,2026-03-01
C9970256,Joshua,Evans,1990-09-22,NULL,7613673939,linda82@example.org,U.K.,New Paul,13296,2024-11-09
C8071513,Leslie,Fletcher,1984-09-04,M,840.731.5917x600,collinsellen@example.com,GB,East Timothyborough,70905,2021-08-14
C6087550,Shawn,Cisneros,1937-10-16,NULL,+1-308-729-0445x35824,deborahhoffman@example.net,UK,Port Mary,47915,2025-03-26
C9735004,Kathy,Miller,1988-10-06,NULL,7078708767,donna56@example.net,U.K.,Melissamouth,33163,2021-10-07
C4072179,Maria,Raymond,1987-06-09,Other,461-491-1161x164,harrisisabel@example.org,GB,North Heather,81570,2022-04-16
C1666946,Johnny,Reeves,1952-05-29,M,(866)674-3856x6110,erin64@example.net,U.K.,Kingmouth,66267,2026-07-27
C4296605,Karen,Black,1937-05-10,M,+1-863-698-0454x009,adrian22@example.com,U.K.,Lake Heather,47958,2023-07-21
C3361952,Laura,Hunt,1977-10-29,Other,256-812-6769,andersonrobert@example.com,U.K.,Danielfurt,62820,2022-03-20
C5952069,Angela,Wells,2007-03-06,F,+1-815-431-9400x746,thomasmurray@example.net,England,Seanside,67790,2025-09-10
C1698879,Lisa,Reed,1952-10-04,NULL,001-363-586-2091x12940,wrightjoshua@example.org,United Kingdom,West Allison,73048,2022-07-18
C6221001,Joseph,Wolf,1953-05-22,NULL,774.601.9076x48756,zachary98@example.org,GB,South Jaimemouth,21414,2026-05-22
C5754030,Melanie,Bailey,1999-02-20,F,+1-268-618-0575x210,peter18@example.com,United Kingdom,East Luisfurt,14869,2025-09-23
C9287108,Tamara,Haas,1951-10-07,F,678.340.4734x49814,bwright@example.net,GB,Michaelchester,80351,2025-07-27
C4529921,Patricia,Mathis,2005-09-22,F,+1-772-680-4857x5652,anne70@example.com,United Kingdom,Port Ronald,95907,2021-08-14
C667499,Unknown,Hogan,1968-06-10,NULL,6545903969,brandtkristina@example.net,England,Stephenberg,13666,2022-10-21
C349559,Jessica,Martinez,1974-11-16,M,375.533.7400x02876,traviscross@example.org,GB,North Mark,45493,2022-12-24
C1946103,Ashley,Ryan,1943-03-30,NULL,-,joneskaren@example.net,GB,Gillhaven,94145,2023-11-08
C6955102,Jocelyn,Khan,1968-04-21,M,(647)734-3633x13589,jorge29@example.net,GB,Scottshire,12388,2024-12-11
C7644198,Sherry,Sanchez,1996-05-25,M,(452)746-2013x2718,sanchezelizabeth@example.org,England,Sarahshire,52572,2026-04-20
C4537982,Michael,Hubbard,2002-04-05,NULL,995.821.7219,nobrien@example.org,England,Victorville,39102,2024-10-19
C3184117,Rhonda,Mccullough,1936-02-24,M,+1-232-441-2723,garrett75@example.net,United Kingdom,Villanuevaview,83489,2024-06-21
C876327,Anne,Mcgrath,1974-12-17,Other,981.924.2524x19648,albertgutierrez@example.com,UK,North Jacobville,05738,20230909
C4491290,Seth,Perez,1995-01-19,NULL,+1-598-530-0324x17181,hfinley@example.net,United Kingdom,Duncanport,33780,2026-01-18
C5151625,Deborah,Walters,2006-02-22,M,001-531-863-7165,yramos@example.org,U.K.,Lake Dwayne,97638,2024-02-17
C5113428,Steven,Barnes,1981-04-09,NULL,(662)719-2663,qreed@example.net,United Kingdom,West Damon,56084,2026-06-14
C2975334,Evan,Davila,1974-12-20,F,6394320995,erin01@example.org,England,Lake Darryl,06536,2023-09-08
C1863377,Sara,Parker,1975-07-12,F,6965734937,seanstewart@example.org,UK,Lake Victor,48372,2022-12-26
C1678617,Thomas,Haynes,Yesterday,M,579.606.3507x077,bryansmith@example.com,UK,Port Tammyton,69952,2024-06-15
C9709473,Amy,Romero,1964-07-07,NULL,3672329778,diaztammy@example.com,GB,Justinbury,30763,2022-07-27
C8648522,Austin,Jackson,19390701,M,001-751-531-9071x079,cassidy34@example.com,GB,South Patty,03115,2021-10-30
C255207,Ryan,Shepherd,1941-10-18,Other,703-227-0829,frankking@example.com,U.K.,Beckerchester,98367,2025-02-04
C8916190,Thomas,Wolf,1992-07-28,F,+1-801-495-2014x194,rmoreno@example.net,United Kingdom,Gilesmouth,55801,2026-03-30
C1457634,Thomas,Walker,1950-02-20,M,(973)360-1278,jonesjoshua@example.org,GB,Madisontown,49185,2022-02-02
C2921921,Daniel,NULL,2003-01-19,M,539-438-6021x8201,murphyyolanda@example.com,England,Taylorport,67022,2022-12-28
C6631032,Stephanie,Mullins,1989-05-02,F,721-324-4198,michael13@example.net,United Kingdom,North Eric,68787,2026-06-19
C8066447,Benjamin,Thompson,1995-09-28,NULL,(779)288-9476x2808,escott@gmal.com,GB,South Bryanside,77893,2025-09-20
C1712724,Brooke,Mitchell,1968-06-01,Other,-,arthurbeck@example.net,United Kingdom,West Michaelmouth,13029,2024-06-01
C6053810,John,,1952-10-16,M,254-955-6190x176,rgutierrez@example.org,GB,Port Lisa,52103,2023-09-24
C8557249,Heather,Bass,1976-05-15,NULL,+1-628-654-0560,sandersjoseph@example.org,U.K.,Huertamouth,36622,2024-09-12
C4443926,Sabrina,Parker,1996-04-09,Other,993-974-6773,brianaowens@example.net,UK,South Tonya,17105,2025-04-20
C6622691,Amber,Schmitt,1938-05-14,M,9648289359,karen70@example.com,GB,Joshuaville,40016,926785414
C6623277,Lisa,Oconnell,1938-12-31,M,001-407-479-6132,chelsea77@example.org,UK,New Waltershire,56704,2024-01-28
C1228395,Vincent,Munoz,1961-08-22,Other,(316)744-0654x76526,richard75@example.net,GB,West Christopher,17197,2023-01-20
C1954864,Thomas,Mcmahon,1983-06-09,M,+1-952-620-7053x213,ritamorales@example.com,GB,New Erin,63423,2022-11-22
C9070293,N/A,Santiago,1973-05-09,F,8929177870,jamesalvarado@example.org,GB,Jenniferstad,15273,2022-12-01
C1281630,Alison,Garrett,1956-07-12,NULL,237-434-2368x85356,kbryant@example.org,GB,Robertton,11664,2023-06-01
C2206623,-,Rivera,1964-12-02,NULL,(883)644-0222,wjackson@example.org,United Kingdom,Yorkland,04512,2026-04-10
C9936131,Amy,Powell,1984-03-30,M,(957)700-8807x973,ayalaralph@example.net,UK,Parkland,53898,2025-10-09
C8244174,Katherine,Acosta,1982-10-06,M,(644)557-8583,reneepruitt@example.net,United Kingdom,North Courtneyport,05483,2021-08-21
C2055517,Hannah,Maldonado,1997-05-11,M,001-278-509-1351x23455,janice22@example.com,UK,Gentrymouth,09179,2023-05-28
C7292079,Gloria,Cooper,2005-06-29,M,+1-870-495-0326x45736,darrelllove@example.net,England,North Jason,10326,2022-06-05
C2064401,Jennifer,Simmons,1986-05-15,NULL,(260)472-5033,sydneywilson@example.org,England,East Daniel,88529,2025-11-08
C8418606,Linda,Davis,1999-03-01,M,(370)533-8628x269,steve63@example.com,United Kingdom,Collinsstad,99394,2026-06-12
C8115817,Derrick,Richmond,1979-12-27,F,938.498.4130x527,taylorrobert@example.net,UK,South Sarah,94043,2022-02-25
C3996535,Melissa,Gutierrez,1950-05-30,NULL,831.502.5231,dianelynch@example.org,United Kingdom,South Michelleland,52465,2026-06-10
C6514571,Brandon,Ewing,1991-03-16,Other,924-429-8904,ejones@example.org,United Kingdom,Port John,26166,2026-08-04
C4082915,Victoria,Francis,2004-09-02,M,+1-425-913-4168x8237,ana52@example.com,U.K.,Juanchester,77474,2026-05-31
C4984940,Andrew,Jackson,1944-02-24,M,9132746121,josejackson@example.org,GB,Thomasberg,05953,2022-11-01
C5545025,Stephanie,Peters,1947-07-26,M,+1-374-924-4361x6130,zharris@example.com,UK,Colefurt,36015,2024-02-29
C7172575,Adam,Cooper,2003-02-20,F,(590)534-4650,hernandezglenn@example.com,GB,Lake Bradleyland,25088,2021-08-18
C970987,Michael,Hobbs,2008-02-27,Other,205.556.7168,jstewart@example.com,UK,Port Aaron,74342,2025-04-06
C3526174,Lauren,Smith,1943-07-24,F,615-711-7959x534,jasmine50@example.org,United Kingdom,Laurenport,85962,2022-03-23
C644867,Brian,Davis,1951-06-16,F,768-709-8465x066,yhayes@example.net,U.K.,Joshuatown,03842,2023-12-15
C1748329,Adrian,Byrd,1958-12-24,M,(290)548-9166x634,ylozano@example.com,United Kingdom,North Jeffrey,09041,2025-12-09
C5726633,Jillian,Sanchez,1937-11-25,M,(209)661-0758x82350,brian90@example.com,England,Mclaughlinburgh,90702,2024-07-12
C2384113,Robert,Chapman,1995-01-01,Other,(707)279-4084,isalas@example.org,United Kingdom,Jenniferburgh,31527,2024-08-01
C3149457,Joshua,Davis,1944-07-31,NULL,001-781-256-0921x90927,frenchsusan@example.net,U.K.,West Andre,54786,2021-10-09
C5203474,Mary,Harris,11/09/2004,M,355-769-9161x55009,jflores@example.org,U.K.,Alexisshire,08897,2022-10-17
C6679396,Leah,Lewis,1936-09-01,Other,655-746-8002,roy64@example.net,England,Wilsonside,28434,2024-12-21
C4175792,Timothy,Mercado,1944-11-07,NULL,(507)530-7536x408,santanarenee@example.net,UK,Davidshire,23070,2023-05-31
C762712,Barry,Murray,1965-10-30,NULL,(932)887-3050,washingtonkatherine@example.net,UK,Williamfort,41933,2026-03-30
C374911,Michael,Novak,1946-07-28,Other,303.541.6754x866,fishersteven@example.net,UK,Dawnfort,66041,2022-07-27
C9114598,Brian,Pearson,2006-12-22,F,769-923-4969x46172,tiffany98@example.net,U.K.,Lake Tiffany,82669,2026-02-18
C7542310,Danny,Martin,Yesterday,F,(970)582-5340x0189,charlesorozco@example.com,GB,South David,99674,2022-04-26
C9959798,Anna,Foster,1955-04-26,Other,282.332.1519x97172,christopher02@example.org,U.K.,Bakerchester,71249,2026-03-25
C162095,Heather,Miranda,1997-01-21,F,(338)277-1495x422,mhoover@example.net,GB,North Christopher,29622,2025-11-27
C6633647,Frederick,Martinez,1953-05-27,NULL,+1-468-645-0470x37755,nicole76@example.org,UK,Ambertown,83338,2024-03-23
C2726916,Rodney,Wells,1985-10-14,F,001-263-960-6565x5173,clarksergio@example.org,United Kingdom,East Janice,02147,2023-05-06
C8887597,Michael,Davis,1967-02-28,NULL,001-510-474-5230,gbutler@example.org,GB,North Benjamin,36261,2024-11-27
C1097433,Amanda,Taylor,1998-06-05,M,(985)876-7256x457,autumnjohnson@example.org,U.K.,North Julia,27807,2025-06-13
C4716682,Katherine,Meyer,1955-10-03,F,679-607-7124,ashleyzavala@example.com,United Kingdom,Justinville,65597,2022-08-28
C8078879,Whitney,Johnson,1969-04-21,M,001-398-763-4690x7525,melissareid@example.net,GB,Williamstown,04668,2026-03-09
C4249235,Cody,Ramirez,1945-11-18,F,001-389-788-3456x18924,oliviabeard@example.com,England,Cortezton,51505,2025-10-02
C9883212,Joseph,Parrish,1943-02-14,F,(269)205-3588,jacksonlisa@example.com,GB,East Janetburgh,42639,2024-08-16
C478588,Jaime,Grant,1964-02-12,Other,433-909-0212,jthompson@example.com,United Kingdom,Cohenchester,35905,2025-03-13
C4383513,Darren,Smith,1988-04-21,M,(203)762-6411,qnolan@example.org,England,East Chloeland,48019,2023-07-25
C3130617,Brian,Vargas,1951-04-19,M,(242)317-4314,fullerjoyce@example.net,UK,Jeremiahfurt,73516,2025-06-27
C9910840,Debbie,Yu,1975-12-10,F,221-276-8110,preynolds@example.net,U.K.,East Jennifer,59420,2023-06-02
C7286823,Cheyenne,Snyder,1942-08-29,Other,5846090136,fuentesjose@example.net,England,Patriciamouth,30832,2025-09-05
C997989,Anthony,Day,1993-04-08,Other,001-395-512-4683x8665,eroy@example.net,UK,North Anthonyberg,59822,19213000
C8615829,Kevin,Brown,1955-08-16,Other,676-674-6190,christina80@example.net,United Kingdom,Kramerport,88603,09-22-2023
C6483674,Matthew,Walsh,1987-11-05,NULL,667-881-6096,storres@example.org,England,New Christopher,19304,2025-07-31
C4819936,Joel,Garcia,1986-11-22,M,(649)825-8700x240,parkereric@example.com,United Kingdom,Cruzstad,35663,2025-02-04
C6741855,Sara,Perez,1985-12-18,NULL,+1-280-675-9159,jnavarro@example.com,UK,Matthewmouth,83414,2025-01-21
C7434536,Kenneth,Cooper,1936-03-30,F,(889)533-6025,aaron52@example.org,U.K.,East Sherry,52809,2022-06-21
C4572116,Lauren,Bishop,1983-06-05,Other,758.530.1365,peterbrown@gmal.com,GB,West Robert,83753,2024-08-03
C9519556,Jeffrey,Miles,1950-09-23,F,001-759-564-8893x899,pwright@example.org,United Kingdom,New Brandon,15897,2022-04-10
C2247898,Daniel,Brown,1938-08-04,F,855.462.4681,garrisonanne@example.net,UK,South Jeffreytown,78875,2022-04-08
C4996179,Andrea,Moreno,1950-05-03,M,001-951-861-8334,ashleybowman@example.org,GB,Nathanielburgh,46248,2024-08-08
C1190760,Daniel,Brown,1958-07-25,Other,(983)664-2022x0462,butlerjohn@example.com,England,West Michael,51832,2023-08-24
C7653933,Rebecca,Kim,1981-11-15,NULL,330-514-0657x240,andersonjeffery@example.org,England,Lake Anthony,25742,Yesterday
C6278654,Michael,Johnson,2008-07-23,F,001-299-226-6418x677,leslie56@example.net,GB,Matthewmouth,50322,2026-06-14
C8307036,Jessica,Thornton,1982-09-24,M,001-395-892-4818,jcordova@example.net,United Kingdom,Kyleshire,76915,2023-03-13
C1918769,Anna,Edwards,1969-12-25,M,229.460.5265,jonathanbrooks@example.com,GB,Willisborough,34235,2025-12-28
C993282,Hayley,Austin,1994-07-27,NULL,623-916-5054x411,mitchellpreston@example.com,UK,New James,49427,2021-09-13
C1000361,Sara,Solis,1942-08-09,NULL,399-470-0476,wilsonsarah@example.com,U.K.,Suzannefort,79212,2026-05-13
C6277057,Aimee,Herman,1941-11-11,M,001-480-279-3777x71171,joseph09@example.org,England,Jamieport,03857,2022-07-14
C4350997,Mark,Michael,1982-01-20,Other,201-509-0917x318,jkramer@example.com,GB,Bookershire,82857,2022-08-08
C8748328,Ryan,Fry,1951-10-26,Other,722.670.5956,watsondaniel@example.org,United Kingdom,North Patrickburgh,88115,2026-04-02
C6563736,Michael,Crane,1978-05-26,M,001-689-336-4767x69505,ocontreras@example.net,GB,Benjaminberg,79786,2022-08-12
C7955001,Dustin,Mason,1987-03-02,Other,+1-456-783-7676x86583,wmacias@example.com,England,East Michaelburgh,67530,17/03/2023
C2411464,Michael,Taylor,1980-10-05,F,001-382-696-2769x266,NULL,GB,Kingberg,18609,2022-09-03
C4476444,Joseph,Perez,1982-10-05,M,473-579-3984x06965,vcollins@example.org,UK,Wolftown,76185,2026-03-06
C8388146,Tina,Garcia,1964-04-08,NULL,(282)461-4702x58170,amy66@example.net,United Kingdom,Lake Elizabethside,09372,2025-01-04
C8575471,Daniel,Conrad,02-07-2004,NULL,909-834-5055x321,shawsteven@example.com,UK,Port Diana,01306,2023-03-15
C414822,Gary,Shannon,1980-06-28,M,517.647.9755,garciacindy@example.net,United Kingdom,Amyburgh,72132,2024-03-20
C1633123,Barbara,Gonzalez,1980-05-08,NULL,+1-973-463-9471,barrettdiana@example.net,GB,East Hunterfort,37112,2023-11-14
C3314451,Timothy,Holmes,1984-08-09,M,(900)460-1444,terryandrew@example.org,England,Brittanyborough,71763,2023-01-24
C4673815,Lisa,Alexander,1977-08-07,M,772.692.0630x9589,qhall@example.net,England,Hendersonstad,96535,2026-01-01
C3168666,Debra,Murphy,1961-11-28,M,+1-768-916-0014x29234,rodriguezabigail@example.org,United Kingdom,Jacksonfort,67070,2022-03-13
C9528456,David,Thomas,1969-04-22,F,(789)700-2727x5440,lwells@@example.net,UK,Jessicamouth,80554,2023-12-07
C4733496,Michael,Delgado,1999-10-23,Other,(430)583-3469,joshua11@example.com,U.K.,East Alexisshire,84016,2023-12-14
C5160282,Calvin,Edwards,1982-01-04,F,001-406-719-3570x3309,brandon72@example.org,U.K.,Andersonburgh,84578,2025-03-09
C4841356,Joseph,Owens,1991-04-26,M,(707)802-0221x7304,brucekimberly@example.com,GB,Richardsonmouth,90548,2026-03-30
C9988445,Jamie,Johnson,1987-09-12,F,880.421.3404,angelabaker@example.com,UK,Williamberg,68082,2025-06-14
C2577217,Jacob,Williams,2004-06-04,F,940.800.2562,gregorymonica@example.com,England,Austintown,70500,2022-11-01
C3530644,David,NULL,1949-11-25,Other,266.684.3488,nicholas01@example.com,England,East Larryshire,72049,2021-09-17
C9218955,Richard,Schneider,1945-03-21,Other,(531)477-6827x572,nflowers@example.com,UK,Stoneton,71001,2023-01-27
C2955837,Nicole,Clark,1972-04-10,M,(283)400-9345,josephwiggins@example.net,GB,Schultzfurt,96160,2024-11-13
C929340,David,Harris,1971-02-04,NULL,+1-221-483-6714x012,wsmith@example.org,UK,Boltonside,75894,2023-10-10
C9684048,Gene,Watson,1978-05-23,NULL,578.812.4469x94986,kathryn36@example.net,England,Heatherton,50010,2022-05-08
C3399601,Trevor,Dean,1954-10-23,M,+1-647-206-5696x2831,randall57@example.org,U.K.,Perezhaven,72944,2025-04-18
C7594979,Tiffany,Smith,1969-09-10,NULL,405-718-8861,mirandajohn@example.net,UK,Vanessaview,31159,2021-08-04
C3847523,Stacey,Smith,1994-07-31,F,512-266-2912x0917,laurapatton@example.com,GB,New Bradleymouth,42880,2023-11-22
C3432667,Danielle,Harris,2005-01-03,F,7532948034,preyes@example.net,England,Port Isaacland,93084,2023-09-24
C9346056,Taylor,,1953-03-29,M,320.441.0271x169,xramirez@example.com,UK,New Daniel,83114,2024-06-18
C843802,Jessica,Richardson,1998-01-09,M,563.753.7290x5373,sherrywatson@example.net,GB,Powellton,00576,2023-06-30
C8425657,Tammy,Briggs,1992-02-12,Other,+1-466-376-1993x27922,walvarado@example.org,UK,Powellside,75079,2023-05-06
C8145956,George,Young,1975-01-17,F,832.621.1725x66806,qserrano@example.org,United Kingdom,New Kathleen,62012,2024-02-28
C7004681,Jeffery,Miller,1986-11-13,NULL,645.308.4959x58219,davidhoffman@example.com,United Kingdom,Benjaminchester,90634,2021-08-16
C9961054,James,Fernandez,1990-03-05,NULL,+1-382-667-1510,rhawkins@example.org,United Kingdom,Isaacfort,29264,2024-11-25
C9055208,William,Shaffer,1972-10-01,M,+1-406-733-2090x062,pauldowns@example.com,UK,West Amanda,29080,2025-07-28
C1963333,Sara,Peterson,1948-03-26,NULL,204-878-1685x3013,derrick90@example.org,GB,West Andrew,02913,2021-09-03
C7184813,Penny,Wilson,1937-04-28,Other,(713)234-4585x02365,pfritz@example.com,United Kingdom,Lake Elizabethtown,83469,2022-04-08
C4129264,Timothy,Garcia,1979-09-20,F,+1-773-525-9215x280,tturner@example.com,England,North Gregoryshire,08462,2025-06-09
C9694446,Ashley,Wilson,1939-09-05,F,5165250575,jeremymyers@example.com,United Kingdom,South Lawrencestad,38567,2024-12-03
C4180560,Holly,Gonzales,1975-08-28,F,259.865.5611x588,moodybrittany@example.com,GB,Lake Michael,33255,2025-08-05
C19505,Joshua,Martinez,1990-01-14,F,(481)724-7580,hollandwanda@example.net,GB,Patelton,83080,2022-09-15
C2192134,Jeff,Haynes,19950225,Other,001-997-677-7905x738,andrea82@example.net,U.K.,Nicholsonville,72826,2023-08-13
C5298787,Steven,Smith,1955-10-08,NULL,943-692-7890x7950,melissa10@example.net,U.K.,Amychester,10504,Tomorrow
C3337057,Juan,Green,1996-01-14,Other,534.878.3665,kalvarado@example.org,England,Clarkemouth,70461,2026-07-20
C9849815,Robert,Garrett,1968-07-23,Other,400-275-4240x6998,charles20@example.org,UK,South Philipville,77318,2022-04-23
C3512242,Shawn,Frank,2007-01-04,F,001-597-440-7538x4872,ecrawford@example.net,UK,Kathleenfurt,82488,2024-02-02
C3433929,Heather,Hill,1995-07-21,M,+1-639-673-7400x097,lisajohnson@example.net,GB,East Phillip,64865,2025-10-27
C7732926,Cesar,Juarez,1967-09-08,M,320.748.4244,christinablackburn@example.org,U.K.,East Audreyburgh,94308,2021-12-15
C1751329,James,Guerrero,1973-09-04,Other,290.492.2953x06120,daniel01@example.com,England,Port Michaeltown,12422,2023-01-01
C2913188,Jeffery,N/A,1948-06-14,M,557-863-0085x81313,jacksondawn@example.org,U.K.,East Aprilville,64349,2023-01-30
C9310167,Brandon,Sanders,1939-08-14,NULL,+1-739-383-9953,gravesapril@example.org,GB,Carterfurt,16893,2025-09-04
C1452639,Austin,NULL,1938-07-15,M,+1-664-762-0124x7003,nicholascummings@example.com,United Kingdom,Youngberg,94359,Yesterday
C4558957,Unknown,Hess,2004-10-19,M,349-453-9462,brownandrew@example.com,United Kingdom,Lake Paulborough,83518,2022-08-14
C9996831,Emily,Price,1971-08-23,F,7817650728,bradleylittle@example.com,GB,New Samanthafort,83988,2026-02-07
C1481339,Kristina,Choi,1945-07-10,NULL,+1-433-342-8204,omoore@example.net,United Kingdom,Sandyview,84200,2022-06-28
C4684495,-,Andrade,1989-10-01,Other,001-342-363-7391x62973,zamoracarol@example.com,England,Brownton,07637,2026-05-30
C5276071,Jennifer,Baker,1989-02-13,M,+1-509-838-5489,griffinalexandria@example.com,United Kingdom,North Waynetown,94348,2023-08-12
C5640544,Thomas,Powers,1944-04-04,Other,N/A,wulawrence@example.org,U.K.,New Mark,50918,Yesterday
C3443479,Olivia,Morrison,1961-12-23,NULL,001-927-509-2160x816,monica43@example.net,U.K.,Theresatown,64543,2022-05-20
C6854756,Brian,Knight,2000-03-15,M,592.297.5448,pwilliams@example.net,GB,Charlesside,37176,2022-11-30
C7439983,Robert,Malone,1993-09-13,NULL,407-206-7826x72464,kellymark@example.com,UK,West Hayleyhaven,54812,2023-06-11
C7640649,John,Kennedy,1987-10-18,F,(723)838-8283x80153,robinsmith@example.org,GB,Bellburgh,72104,2022-11-13
C630812,Keith,Larson,1942-03-04,NULL,(313)650-8718,ehawkins@example.com,U.K.,Millerhaven,43568,02-09-2026
C2300431,Phillip,Hall,1976-12-15,F,876-623-0616x21699,eramos@gmal.com,UK,Howardshire,57788,2023-06-23
C6720569,James,Webb,1953-08-08,Other,001-919-599-6362x8567,ashleecole@example.org,UK,Justinborough,61771,2026-03-08
C7033657,William,Macdonald,1999-07-08,M,566-762-0559x991,parksrobert@example.org,England,Laneshire,70093,2025-11-29
C7377563,Brandon,White,1990-10-14,M,(604)369-1786,williamslaura@example.net,United Kingdom,Lake Randy,20066,2025-01-24
C8578045,Danny,Patterson,1950-06-05,M,440-739-0522,zwallace@example.org,UK,West Loriside,57532,2023-02-03
C9791590,Rachel,Anderson,1985-04-12,F,898-347-1013x793,xbullock@example.com,GB,North Andreamouth,15963,2026-02-25
C6022093,Nicole,Clark,1969-08-09,NULL,001-795-655-7129,patriciarodriguez@example.org,UK,South Kristen,26995,2022-05-08
C6418485,Jimmy,Chandler,1998-08-30,Other,(869)629-4614,melissa31@example.com,UK,Lake Michael,30001,2022-06-14
C2513268,Daniel,Bailey,1973-10-07,Other,-,frazierjohn@example.org,England,West Michael,36591,2026-01-30
C818397,Thomas,Adams,2002-07-15,M,001-412-997-3288x2411,rachelburns@example.com,United Kingdom,Lake Angelaberg,93519,2024-09-07
C5589300,Bruce,Graham,1965-07-05,Other,+1-954-849-5572x1949,yeseniacombs@example.com,United Kingdom,Brownmouth,48241,2022-09-04
C6457342,Christine,Guerrero,1956-06-02,NULL,2336821122,fcarter@example.net,England,West Kimmouth,69985,2023-06-29
C2855762,Sharon,Holder,1985-02-02,NULL,442.788.1023x263,jenniferfranklin@example.com,UK,Johnport,80289,2021-09-02
C100107,,Adams,1974-07-18,F,,phernandez@example.net,U.K.,Port Peggyville,55168,2024-04-05
C4616903,John,Richardson,1938-01-25,F,725-263-4104x91184,christopher37@example.com,England,Markview,93526,2022-12-19
C4923098,Wendy,Gutierrez,1961-03-31,Other,564.924.5015,wcarter@example.net,United Kingdom,Lake Jasonshire,26316,2022-05-29
C6523534,Amy,N/A,1989-05-24,NULL,+1-876-418-6637x5215,dswanson@example.net,United Kingdom,North Larrychester,40224,2024-10-20
C2778531,Tracy,Price,Yesterday,NULL,558.680.9533,leonsteven@example.org,U.K.,New Brian,36264,2025-05-02
C1673861,Kaitlyn,Williams,1995-07-21,M,(998)517-4690x48670,beth10@example.com,UK,East Dustinfurt,11640,2025-03-14
C5805159,Erika,NULL,1979-07-09,NULL,436.839.4150x29745,arthurconner@example.net,GB,West Erika,26343,2024-03-08
C652748,Erin,Brennan,1990-04-18,NULL,533-314-5878x4707,deannaguerrero@example.com,GB,North Paulshire,78469,2022-05-04
C6120387,Don,Mcfarland,1989-12-10,NULL,337-897-4179x8273,lschmidt@example.net,U.K.,East Anthonyton,34894,2022-01-30
C637501,Nancy,Williams,1986-05-26,M,(692)851-7607,nelsongloria@example.com,United Kingdom,Port Toddmouth,90519,2021-12-06
C2858365,Lisa,Jackson,1991-03-26,NULL,001-900-751-9320x073,john56@example.org,U.K.,Bergerchester,89124,2024-03-10
C1273776,Charles,Harvey,1990-03-17,Other,001-546-705-3533x9246,jessicaortiz@example.org,United Kingdom,Port Pamelamouth,83153,2022-01-18
C3640993,Dave,Wells,1971-08-20,NULL,417-534-7122x300,vwilliams@example.net,U.K.,Lydiafurt,18074,2022-04-12
C1327955,Anne,N/A,1999-10-30,F,620.398.2421x501,rwells@example.com,U.K.,South Craigmouth,06366,2021-10-10
C9879776,Heather,Dillon,1994-01-20,Other,978.935.2299,pamela22@example.com,UK,Angelaview,46737,2024-11-16
C5801599,Joshua,Doyle,1985-11-28,M,+1-422-665-8688x813,hwilliams@example.com,England,North Stevenmouth,50682,20241003
C8511325,Richard,Pugh,Tomorrow,F,001-519-968-8220x72327,michele98@example.net,United Kingdom,Lake Heatherburgh,03347,Tomorrow
C2346121,Jacob,Chapman,1946-01-16,NULL,574.259.7830,qhoward@example.net,England,Rebeccaville,67996,2025-04-28
C5379084,Renee,Sims,1966-08-25,F,468-581-2959x6552,angela08@example.org,England,Annview,61233,2023-12-30
C9450242,Rebecca,Alvarez,1952-02-16,Other,+1-221-318-3105x3353,williamssteven@example.net,United Kingdom,East Jared,22855,2022-12-09
C3954503,Tracy,Barber,1985-06-29,NULL,+1-480-497-8059,colonapril@example.org,GB,West Leah,25751,2025-10-10
C8057870,Jennifer,Moran,1940-04-30,M,3156395178,schoi@example.com,England,New Kaitlyn,31557,2023-05-06
C8712454,William,Thompson,1936-09-30,Other,8269514017,jennifer01@example.com,England,Rhondaside,08532,2024-09-14
C4981046,Steven,Beasley,2004-08-29,NULL,3018405544,sharonbenjamin@example.org,United Kingdom,Suzanneton,01350,2025-07-10
C8808016,Daniel,Mcdonald,1967-02-26,F,216-564-2102x26719,josephkrueger@example.com,UK,Johnnymouth,81793,2024-03-07
C3267071,Susan,Harris,1965-09-20,Other,(340)253-7450,burtoncharles@example.org,England,Johnfurt,54097,2025-01-31
C2741533,Helen,Arnold,1947-12-05,F,693.763.5168,richardlopez@example.net,England,Port Rachaelbury,49340,2024-05-06
C8347853,James,Carter,2002-01-27,NULL,507-702-9477x234,aguilarjohn@example.org,England,Robertfort,08110,2021-09-21
C1925812,Juan,Snyder,2002-02-19,Other,+1-297-435-6030,rebecca89@example.com,United Kingdom,East Brian,23041,2025-01-03
C6886821,Tracey,Bradley,1994-01-21,Other,001-709-399-8052x5728,hcarter@example.com,England,Dudleyshire,02469,2021-12-03
C3408480,Jenny,Ross,1981-07-03,Other,+1-366-758-0378x595,alexander89@example.com,U.K.,West Michael,19560,2023-06-05
C3808571,Brandon,Wood,07-26-1950,F,001-458-844-7545x55143,bellkaren@example.org,United Kingdom,East Matthew,27352,2021-09-28
C5429932,George,Kane,1997-03-23,F,964.541.8836,fyoder@example.net,United Kingdom,South Dustinhaven,87363,2026-08-03
C699205,Erica,Reed,1987-12-16,M,441.326.9228x86853,aimeecaldwell@example.net,United Kingdom,Lake Marieton,73100,2025-12-10
C118158,Steven,Jones,1938-05-13,F,883.414.7484x07658,dbishop@example.com,GB,North Alexanderland,05775,2026-05-19
C7127674,Katherine,Mayo,1965-12-25,NULL,7453886929,michellesmith@example.com,GB,Williambury,06515,2025-11-23
C4900672,Monica,Brown,1956-07-09,M,+1-632-869-5633x233,adamthomas@example.org,U.K.,Campbellmouth,95252,2026-04-27
C2285814,Julie,Dean,1974-03-29,M,401.779.2524x378,donaldsmith@example.com,UK,East Kevinburgh,72793,2024-02-10
C9704334,Patrick,Gray,1942-11-20,M,001-725-314-6245,hudsonalexis@example.net,GB,Gardnerchester,28282,2025-07-28
C2895053,Natalie,Watson,1986-01-03,F,001-659-754-0464x6532,howellruben@example.com,GB,South Dawn,24665,2026-07-30
C5314311,Christopher,Sloan,1991-05-08,F,650-563-5643x777,erinyoung@example.com,England,Port Nicholas,90959,2025-02-12
C3273337,Kara,Myers,1970-09-03,M,576.298.8056x348,carolynfoster@example.net,United Kingdom,East Michael,64588,2025-11-20
C566567,Jeremy,Aguirre,1990-03-12,NULL,981.439.6374x537,benjamin54@example.net,UK,Port Christine,78624,2022-08-31
C5430200,Kevin,Robinson,1957-10-25,M,(353)471-1480x13575,wendywallace@example.org,England,Robertmouth,82725,2022-11-06
C3412246,Scott,Schultz,1954-10-12,F,435-313-4551,james96@example.com,U.K.,West Monica,92935,2025-05-02
C7839144,Ashley,Oliver,1947-09-21,NULL,,gsims@example.org,GB,West Kristinahaven,00731,2023-04-02
C8801974,Hannah,Sims,1996-10-24,Other,619-950-4097x191,drodriguez@example.org,England,Port Brandontown,51468,Tomorrow
C9306976,Mary,Swanson,2000-09-10,M,+1-990-914-2536x48378,anthony83@example.net,GB,New Brandon,03500,2026-05-22
C4192179,Whitney,Cole,1964-12-08,F,4506597533,shawnwalker@example.org,England,Ortizville,76472,2025-08-24
C8425106,Joseph,Washington,1937-09-14,NULL,(813)258-4908,sydney30@example.net,U.K.,Port Lawrenceville,51661,2022-08-25
C7155031,Nicholas,May,1936-06-03,Other,(310)852-0241x9232,normanrichard@example.org,United Kingdom,North Rebeccaville,52771,2021-08-04
C2277753,Nathaniel,French,1961-11-09,F,364-902-1114,ronaldstafford@example.org,UK,Nicoleborough,46782,2023-05-17
C1049910,Cynthia,Nelson,1981-01-26,Other,(752)240-8388,ibarranatasha@example.com,United Kingdom,Jasonview,48870,2025-04-03
C4845704,Savannah,Reyes,1978-01-31,F,001-343-575-2339x4227,jerry81@example.net,GB,East Katie,87915,2026-05-14
C6686697,Xavier,NULL,1950-12-25,NULL,579.300.6797x67863,rowepeter@example.org,GB,Yorkstad,69524,2023-08-01
C1947518,Lynn,Santos,970285017,F,7832228966,abbottsarah@example.org,UK,Lake William,14759,2024-11-08
C1781673,Anita,Harris,2001-05-06,Other,348.844.5781,brenda05@example.com,GB,East Ricardohaven,12582,2023-10-15
C5248425,Tanner,Butler,1951-07-28,Other,392-714-7683x33577,kathleen92@example.com,England,Ronniestad,80524,2022-08-31
C6955454,Deborah,Williams,1957-11-15,Other,254-210-3820x645,rachelhahn@example.org,UK,Joshuaport,38572,2022-02-18
C28247,Sophia,Miranda,1966-09-08,NULL,740.819.1756,kjohnston@example.net,U.K.,South Tammy,98088,2023-06-02
C5258020,Destiny,Kaiser,1978-04-18,M,406-516-5337,brownbrandon@example.net,England,Jenniferhaven,96073,2024-09-11
C7191989,Bruce,Hodges,1984-05-25,NULL,663-415-4338,clopez@example.net,GB,Port Stephaniemouth,80460,2021-10-15
C1158176,Shaun,Huerta,1997-01-20,Other,(350)950-0398x949,emilymata@example.com,United Kingdom,Bellfurt,90111,2026-06-16
C6956379,Kimberly,Mclaughlin,1959-06-17,Other,785.601.6082,victor36@example.net,GB,Barberborough,11288,2026-05-24
C7847725,Victoria,Williams,1941-12-15,M,6277950619,dawnmills@example.org,U.K.,West Kevinville,77183,2021-10-16
C1304879,Cynthia,Pratt,1945-11-24,NULL,001-303-719-0693x7683,johnsondave@example.org,United Kingdom,Aprilview,50185,2024-10-16
C8032346,Denise,Brown,1991-11-18,NULL,895-977-1756,ruizmatthew@example.com,United Kingdom,Marthaton,60261,2025-03-12
C2719448,Melissa,Velasquez,Tomorrow,Other,+1-460-506-6729x765,pamelastevens@example.net,United Kingdom,Jonathonport,52335,2023-03-31
C1220598,Jose,Mitchell,1997-08-20,M,754.378.8152,merickson@example.org,UK,Gregoryview,47560,2025-02-03
C1020302,Jessica,Murphy,1950-10-21,M,6242938008,porterstephanie@example.net,United Kingdom,Port Donland,94502,2025-03-28
C928051,Kylie,Carter,1990-11-30,Other,727.901.6198x380,knightveronica@example.org,England,Smithchester,76891,2023-05-15
C7717889,Tara,James,1979-08-29,Other,001-930-808-3325,juliawalker@example.com,England,West Shawna,49527,2023-07-05
C6317168,Kerry,Walker,1985-09-07,M,(285)689-3913,herrerarichard@example.com,UK,Justinside,37356,2023-12-11
C78100,Kyle,Chan,09/11/1977,M,884-317-5800x9594,mflores@example.org,GB,New Michaelmouth,76744,2023-05-03
C8445297,Sierra,Walters,1951-06-28,NULL,746.458.9622,NULL,GB,Aaronbury,42126,2021-10-02
C5252467,Robin,Huynh,2007-07-17,F,940-582-8584x823,fieldsamanda@example.org,United Kingdom,Katherinebury,61008,2022-11-29
C7487654,Courtney,Tucker,1971-06-01,NULL,933.217.6339x69728,mitchelllori@example.net,U.K.,Michaelborough,36753,2023-01-13
C2291841,Toni,Garcia,2004-09-23,NULL,212-704-7619x96605,julianpayne@example.net,UK,Port Anita,16716,2023-10-06
C5233316,Donna,Wilson,1936-11-28,F,+1-494-498-4113x13894,arodriguez@example.org,GB,Hessview,76935,2025-05-13
C6324328,Shelley,Murphy,10/06/1938,Other,221-675-1087x87293,walkerdiane@example.com,England,West Darrylland,55210,2024-03-21
C5340952,,Foster,1962-05-28,M,3755750481,nconley@example.com,GB,Sergiotown,93130,2025-11-17
C6782524,Richard,Carter,1955-03-27,NULL,(390)891-0723x415,lutzkeith@example.net,England,Parkerfort,32870,2025-12-21
C4607361,Robert,Cherry,1968-11-22,Other,(875)879-0761,bhall@example.net,U.K.,Port Alexander,73331,2021-08-15
C1828653,John,Wright,1947-06-29,Other,001-478-648-6982x82623,paula79@example.com,U.K.,New David,08087,2024-06-30
C2075844,Lisa,Hopkins,1975-07-19,NULL,367-582-5531x2816,harveyjulia@example.com,England,Bankschester,78135,2021-09-01
C5653651,Sabrina,Neal,1969-12-22,M,528.691.9920x345,kimberlymartinez@example.net,U.K.,Coleport,04475,2024-01-15
C8493931,Brooke,N/A,1967-08-30,F,6596502945,collinssierra@example.net,United Kingdom,Wheelermouth,24942,2025-06-13
C5750207,Jennifer,Frazier,Tomorrow,NULL,250-225-7543x4476,powersjoseph@@example.net,UK,Michellechester,42629,2025-03-07
C3205730,Jennifer,Clark,1976-02-01,F,263-579-5585x9692,melissasmith@example.com,United Kingdom,Lake Kennethhaven,96881,2023-04-09
C4424176,Lisa,Rivera,1955-01-12,NULL,456.398.4924,mirandaclark@example.net,U.K.,Port Juanhaven,63721,2025-02-04
C7149710,Brenda,Stevens,1985-05-11,NULL,+1-407-242-4517x2735,denise54@example.org,U.K.,Castilloberg,46132,2024-05-16
C2934166,Leslie,Stewart,1979-09-03,NULL,+1-258-566-4882x1120,kelly98@example.com,United Kingdom,Wattsville,66396,2026-01-29
C6060237,Katherine,Taylor,1936-08-02,Other,(865)427-9072x3542,martinscott@example.com,United Kingdom,West Amanda,58564,2023-09-05
C6659917,Louis,Frye,1971-06-11,M,361.294.4879x263,thomas28@example.com,UK,North Sergio,93124,2023-11-21
C9913337,Charles,Baker,1936-06-16,Other,001-605-683-3149,kaylacastro@example.net,U.K.,New Michaelstad,76129,2023-09-03
C9714449,Leslie,Black,2006-06-16,F,9123796914,lopezbruce@example.com,England,Michelleland,61278,2023-01-07
C8554829,Laura,Rose,1948-12-09,NULL,(468)947-5056x9230,johnstonjohn@example.org,United Kingdom,New Meganborough,92407,2021-10-05
C4168921,-,Edwards,1941-01-07,F,221-477-0591,ymartinez@example.net,England,Taylorberg,38683,2025-01-22
C2523428,Elizabeth,-,1948-05-14,F,(393)798-2996x32210,ewallace@example.net,United Kingdom,Zhangville,08646,2024-11-20
C859573,Kevin,Vargas,1936-05-21,Other,742-556-8386,peggymaddox@example.net,U.K.,Lake Michaelland,22884,2021-08-11
C544454,Michelle,Hayden,1991-12-21,F,(643)933-4302x4250,odavis@example.com,GB,Anneburgh,49601,2025-04-17
C4211705,Justin,Stokes,1960-05-01,NULL,237.216.9884,charlenetapia@example.org,UK,East Meganport,14284,2024-09-08
C9735064,Raymond,Bruce,1941-08-14,Other,001-973-589-8824x116,laura43@example.com,UK,Browntown,25383,2021-11-17
C1995898,Christy,Ayala,1988-01-28,M,384-998-7673,valeriesanchez@example.net,UK,West Stephanie,55053,2026-03-21
C20999,Chris,Alexander,1979-03-18,NULL,(377)625-3095x9330,jordanwilliams@example.com,United Kingdom,South Albertfurt,83884,2021-08-17
C8946840,Keith,Smith,19641003,F,001-572-359-1666,brianburns@example.com,England,East Vicki,28656,2023-03-12
C4603839,Holly,Macdonald,1977-03-19,M,001-694-721-0098,melissa45@example.org,UK,Port Codychester,33601,2021-11-11
C8408903,Whitney,Morrison,1937-09-28,Other,875-999-7056,harringtonwilliam@example.org,GB,Brianview,87946,2022-02-11
C8003508,Carol,Parker,1952-01-05,M,807-264-4315x7408,gregory39@example.org,GB,Kimberlybury,16687,2022-09-25
C9129797,Sandra,Smith,1984-04-06,F,+1-533-725-5569x046,edwardwalsh@example.com,England,Lake Ellenport,06464,2023-06-04
C6660877,Brenda,Daniel,1988-03-30,F,640-376-6598,lvillarreal@example.com,GB,North Christinaton,80024,2025-06-21
C6121945,Laura,Rubio,1968-07-12,F,001-830-875-1712x33939,cford@example.net,United Kingdom,Morganfort,40465,2025-03-14
C4092110,Dawn,Hall,1969-08-18,Other,+1-722-269-9119,jeffreyrocha@example.org,United Kingdom,Gavinfort,80951,2022-10-09
C3786197,Andrew,Montgomery,30/03/1947,NULL,549-676-6574x24406,theresa53@example.net,GB,Port Shannon,83301,2021-10-11
C1451983,Amanda,Hale,1959-05-08,Other,589-378-2349x28293,huntruth@example.com,United Kingdom,Vanessaberg,62665,2025-03-03
C1627300,Charles,Martin,1942-02-08,M,(823)706-2073,adam84@example.com,GB,West Ronaldborough,68949,2022-06-30
C2830605,Paul,James,1966-10-08,NULL,001-259-258-9740,oaguilar@example.org,UK,South Eugeneview,39544,2026-01-08
C6744008,Stephen,Ingram,1938-10-18,Other,9367011551,luisbeltran@example.org,U.K.,Frankville,19767,2023-07-07
C8251527,Michelle,Roberts,1947-05-23,Other,(228)550-7936x6929,xzavala@example.com,GB,South Luke,59564,2025-10-20
C3901426,Jacob,Madden,1955-07-01,M,688.587.1724x154,hatfieldlinda@example.org,United Kingdom,West Coreyfort,58063,2026-01-26
C7389922,Grace,Guzman,1935-09-22,Other,+1-836-848-7296x339,lunapamela@example.org,GB,Smithborough,16318,2021-08-30
C3356832,Michael,Russell,1955-04-30,Other,+1-727-998-8076x292,joshua74@example.org,GB,Danielmouth,91314,2023-03-17
C9345613,Ethan,Walker,1955-08-02,F,+1-392-886-3240,bonillajason@example.org,UK,Lake James,98393,2026-02-26
C4492320,Gerald,Guerra,2001-12-04,M,541-449-6431x04057,jimmystokes@example.org,United Kingdom,Johnsontown,76705,2023-11-03
C4567618,Matthew,Bennett,1985-05-10,NULL,510-600-8009,pbutler@example.com,UK,Janeberg,58850,2026-02-17
C4253706,Michael,Mendoza,1999-12-13,F,(513)885-3806x6976,yolanda90@example.net,England,Jacobport,01639,2026-03-24
C601188,Janice,Figueroa,1967-05-20,NULL,+1-459-603-2387x09143,umichael@example.com,GB,Scottchester,11071,2022-01-09
C458379,Jacqueline,Smith,1974-12-24,F,+1-922-601-7245x08935,campbellmitchell@example.net,England,Jacksonland,04079,2022-11-27
C2868451,Sarah,Bowman,1935-12-25,NULL,001-786-363-8177x532,andrewrocha@example.net,England,South Samanthaburgh,30489,2024-01-31
C9325234,Christine,Edwards,1948-05-09,Other,422.262.6302,jennifergordon@example.com,U.K.,Benjaminside,42220,2024-04-06
C1128108,Beth,Schneider,1998-08-31,F,9109883872,wrightstephen@example.net,England,Cindyton,73145,2025-04-27
C6820016,Linda,Bradshaw,1982-12-15,M,9695076579,krodriguez@example.net,United Kingdom,Coleville,12458,2026-05-04
C1955871,Heather,Miller,2005-08-25,M,001-466-306-8679,jmorris@example.net,U.K.,South Dennis,86264,10-05-2022
C7763462,Lisa,Roth,1978-05-12,Other,795-538-2534x707,nelsonlisa@example.net,England,Freemanbury,40044,2025-09-24
C7760581,Brian,Nichols,1946-10-28,NULL,001-536-772-4626,powerssabrina@example.com,United Kingdom,Michaelfurt,16392,2024-11-18
C6068019,Jose,Hawkins,1966-11-05,Other,(674)377-1760,jeffreygreen@example.com,England,North Shawnmouth,82959,2024-09-02
C2494527,Sarah,Curtis,1964-03-04,Other,+1-633-202-0537x09146,longdon@example.net,England,Lake Natalie,49404,2021-12-04
C2162916,Heather,Moore,1937-03-31,NULL,6206534056,hhogan@example.org,UK,West Jessicafort,72552,2025-01-14
C7823785,Christopher,Allen,1936-09-17,Other,001-354-235-2328,yturner@example.com,England,Hickmanview,19495,2023-07-13
C9925003,Jennifer,Carter,1944-02-17,NULL,(936)532-8930x971,stephen47@example.org,U.K.,Lake Monicaberg,87562,2025-11-09
C241363,Sara,Bradley,1958-12-12,Other,446-867-7666,swhitaker@example.net,GB,New Bonnie,29065,2024-03-13
C9549147,Michael,Murray,1939-06-10,NULL,+1-934-409-8791x87495,campbellsteven@example.org,UK,Westberg,51316,2023-03-27
C3284756,Jennifer,Giles,Tomorrow,NULL,314-993-1539x6062,lisahawkins@example.com,UK,East Jacob,27511,2025-07-10
C5715010,NULL,Garcia,1962-08-28,Other,+1-441-535-6357,gbrown@example.org,England,North Chad,69771,2022-07-08
C7441229,Joseph,Flowers,1946-04-20,F,(722)411-5279x7518,gouldnatasha@example.com,England,North Tiffany,37287,2023-06-09
C6606029,Brianna,Walker,1944-09-23,NULL,9614647828,jacksontimothy@example.org,GB,Port Elizabeth,35347,2022-08-28
C7311348,Emily,Fisher,1984-04-27,M,938.912.2709x033,arivas@example.com,UK,West Donald,66333,2023-03-24
C5903177,Tina,Morgan,1952-08-14,NULL,(994)255-2934x38983,smithkristen@example.com,England,South Robert,38441,20220723
C686828,Lindsey,Hampton,1988-06-01,NULL,+1-573-377-9126,ryan19@example.net,UK,West Kristen,19596,2025-10-27
C6861791,Samuel,Zhang,1953-04-29,NULL,702.447.7627x56967,rodneyhudson@example.org,UK,East Sean,33413,02/10/2022
C8187155,Jessica,Lee,1986-05-25,Other,(637)966-9748x684,kathryn87@example.net,GB,Pinedamouth,61487,2025-07-20
C6043202,Robert,Morrow,1945-07-16,F,001-658-490-8946x7632,danielmiles@example.com,U.K.,Pricefort,88101,2024-02-03
C339989,Andrew,Long,1994-10-29,Other,6488740908,travis09@example.com,United Kingdom,Hornbury,72328,2025-02-26
C2897924,Angel,Crawford,1953-03-30,F,001-425-272-5723x787,jamesesparza@example.net,United Kingdom,Dylanport,66460,2025-09-29
C9049651,Brianna,Welch,1976-01-01,F,NULL,osmith@example.com,England,Hopkinsmouth,57007,2022-09-14
C1800254,Dakota,Contreras,1949-10-12,M,Unknown,xnorton@example.net,England,North Mariaside,63433,2025-08-05
C8721545,Scott,Hoffman,Tomorrow,M,+1-562-392-5365x826,stacythomas@example.com,United Kingdom,New Peterton,50979,2024-01-13
C8009796,Sandra,-,2003-02-22,M,358-649-7338x09952,pbarnes@example.org,United Kingdom,Lindseyshire,88369,2023-10-15
C5674962,Richard,York,1990-09-17,NULL,-,stephaniehoover@example.org,United Kingdom,North Tammy,15737,2023-08-27
C3622956,Andrea,Jackson,1943-12-17,NULL,260.934.0261x700,mcgeejessica@example.net,England,Garyfurt,33860,2026-02-20
C1363493,Jerry,Wood,1952-06-28,NULL,001-803-313-5507,scott37@example.com,GB,West Tyler,01893,2025-02-23
C7036077,Nicole,Fletcher,1981-08-04,F,803.258.1501x80324,erica74@example.net,UK,West Dawnville,09375,2022-03-30
C9072869,Brenda,Blackburn,1953-02-23,Other,001-663-459-4840,ssmith@example.org,UK,New Gregory,73332,2025-12-13
C1582554,Stephen,Henderson,1977-05-30,F,+1-786-434-7042x03187,holtkayla@example.net,United Kingdom,Munozchester,01092,2024-04-14
C7698191,Erica,Mcdaniel,1984-03-12,Other,(858)539-7770x51029,yvonne83@example.net,United Kingdom,West Stacy,54623,2024-07-27
C4211300,Peter,Peterson,2004-09-11,Other,511-395-7679x213,bridget47@example.com,GB,East Chris,56777,2022-06-23
C2886769,Jackie,Solomon,1989-09-08,NULL,(807)547-9320x34146,kelly19@example.org,UK,Lake Michaelstad,27971,2022-07-08
C500154,Ashley,Walker,2007-03-25,M,(931)462-3394x1446,katherinewilkerson@example.net,GB,North Charles,88365,2024-04-21
C5269801,Randy,Spencer,1939-11-12,NULL,+1-388-860-9619x278,thomasbrenda@example.com,UK,Nancyborough,85479,2026-02-01
C3145958,Shane,Khan,1996-11-12,F,+1-336-257-0231,dsimpson@example.net,GB,New Cynthiaview,32689,2023-03-21
C5545240,James,Fitzgerald,1962-03-26,F,+1-409-441-4426x09840,tony58@example.org,UK,New Elizabethmouth,31272,2021-11-26
C9682703,Michael,Elliott,1995-06-15,NULL,+1-851-378-9096x3830,wpeterson@example.org,England,South Lisamouth,82656,2025-06-11
C8264895,Paul,Griffin,1937-07-02,NULL,+1-684-425-8057,baxterruben@example.com,UK,South Jane,78529,2021-11-23
C7016864,Jared,Baker,1949-10-27,F,759.845.1340,joneswilliam@example.org,United Kingdom,West Karen,20664,2021-12-16
C6878188,Benjamin,Ball,1967-06-06,NULL,985-944-5545x9702,justin68@example.net,U.K.,North Andrew,58423,2021-11-12
C6059951,Kimberly,King,1961-10-17,NULL,+1-413-847-1903,katherine08@example.com,England,Pearsonport,96569,2025-03-14
C5339171,Sarah,James,1975-03-22,F,949.371.4087,jonathan03@example.net,UK,Port Lindamouth,96297,2023-10-08
C876565,Margaret,Beck,1965-08-07,Other,400-687-3962x6922,laura17@example.com,UK,West Andrew,51316,2025-12-15
C1660307,Amanda,Alvarado,1944-01-10,Other,+1-978-663-7690,nmoore@example.org,United Kingdom,Kathrynmouth,42582,2025-11-05
C2762679,Cindy,Cook,1948-01-04,Other,001-755-659-2757x63516,huangkrystal@example.com,GB,West Matthewside,15652,2023-09-19
C1905426,Tiffany,-,1967-02-16,NULL,7489976655,winterscarrie@example.net,GB,New Sean,53328,2023-09-29
C3465131,Jeremiah,Unknown,2005-12-02,F,947-669-7893x4540,raymondturner@example.com,U.K.,West Andrewport,74084,2023-11-24
C6241062,Patricia,Williams,06/03/1999,NULL,8999647743,georgesonya@example.com,GB,Pratttown,86295,2025-07-21
C6298882,Matthew,Johnson,1986-05-18,M,373-308-3249,mirandabaker@example.com,England,Port John,64225,2022-03-12
C4161764,NULL,Hall,1991-04-12,M,001-388-616-5129x337,sbrown@example.net,United Kingdom,West Sarahstad,14006,2024-08-21
C8999421,Barbara,Stevenson,1948-06-21,Other,001-327-752-3098,deborah66@example.net,UK,Vickibury,88557,2025-03-20
C7645521,Kenneth,Diaz,1940-10-13,Other,001-867-528-7172,roberthernandez@example.org,UK,West Frank,73346,2023-04-19
C9592325,Mary,Stewart,1986-02-26,M,488.753.8125x5435,jessecaldwell@example.org,England,Lake Denisemouth,38684,2023-11-01
C805771,David,Lucero,1953-03-27,Other,001-656-358-9670,hmcintyre@example.org,UK,South David,01600,2023-06-05
C703803,Andrea,Washington,1991-08-30,NULL,649.919.0388x0930,calebcooke@example.net,England,South Caitlinstad,11280,844852238
C5071264,Elizabeth,Dixon,1981-02-13,Other,230.524.9595x34699,abigailbrooks@example.net,GB,Lake Gabrielleshire,92874,2024-09-09
C5664120,Jason,Dunn,1978-03-01,M,Unknown,bwebster@example.com,England,Walshport,59293,2025-07-12
C8747304,Trevor,Ford,1944-02-11,F,001-631-617-5393,erik78@example.org,U.K.,North Lisa,54290,564363168
C6522045,Julie,Wright,19400830,M,Unknown,denisefoley@example.com,GB,New Feliciafurt,19281,2026-05-17
C4592511,Joshua,-,1972-09-21,Other,-,lindalogan@example.org,UK,Jakeborough,95994,2023-06-14
C1079830,Paul,Unknown,1994-12-25,F,701.994.5422,camposrobert@example.com,GB,Ramirezland,88887,2022-11-23
C3472721,Christopher,Ramirez,1941-05-06,F,430-512-9813x61408,turnerspencer@example.com,U.K.,Port Brandonberg,76826,2025-04-18
C2799598,Makayla,Castillo,1977-04-13,M,(897)607-7485x555,angelabaker@example.com,U.K.,Michaeltown,95645,2024-12-06
C8075006,Steven,Young,1984-11-30,F,001-457-624-0940x9303,gjones@example.net,U.K.,Port Gabriel,85252,2023-02-16
C1931169,Eddie,Lopez,1940-06-05,Other,251.745.6455,wilsonchristopher@example.org,GB,Walkerburgh,88110,2025-03-15
C7932778,Gina,Unknown,1996-12-01,F,835.244.9818x33561,heathergilbert@example.com,England,Leonardtown,66991,2023-01-01
C6476145,Lisa,Fowler,1943-05-21,M,776.507.0757,andrea38@@example.net,U.K.,South Blakeshire,01576,2025-03-20
C5377252,Melissa,Horton,1997-07-16,Other,(966)349-4691x1051,mark84@example.org,U.K.,Jennaberg,37496,2025-05-18
C4868610,John,Vang,1942-12-26,F,001-441-836-8441x700,patrickpetersen@example.com,GB,Jamesmouth,57226,2023-01-20
C604827,Cristina,Mccarty,19490916,M,(980)933-8110x7841,megan00@example.com,GB,New Johnhaven,56087,2025-02-20
C3546975,Brian,Cole,1999-07-29,NULL,(549)822-5994,johnsanders@example.net,England,Simpsonfurt,17200,2026-04-30
C4604192,Alex,Jordan,1986-05-23,NULL,+1-762-762-4408x68060,kirbydominic@example.com,United Kingdom,East Gene,69103,2023-12-31
C7333122,Alexis,Vargas,1970-02-23,NULL,001-209-711-1608x474,colleenadams@example.com,U.K.,Kevinbury,16815,2022-04-29
C3326568,Kristina,Hall,1995-11-25,M,001-224-370-4758x66585,samantha43@example.net,United Kingdom,Port Margaret,61794,2025-04-28
C879795,Maria,Hansen,1997-12-26,M,824.883.2403,powersjulie@example.org,GB,Vincentmouth,87648,02/07/2026
C3337726,Jennifer,Harris,1946-12-11,Other,+1-302-562-5316x07041,nelsonalexander@example.org,England,Lake Brittanystad,14414,2024-11-22
C2298067,Kathryn,Mills,1961-11-30,NULL,362-724-7360x2065,bramos@example.com,UK,South Renee,84441,18/04/2026
C2313344,Carlos,Lewis,798655633,NULL,(574)797-8892,cjohnson@example.com,U.K.,South Steven,06086,2025-07-30
C8504323,Amanda,Hall,1937-09-08,M,886-236-7004x8085,navarrotristan@example.net,GB,Cindyside,60413,2022-03-19
C6500823,Christopher,Obrien,1989-10-24,NULL,+1-790-551-8929x67734,james02@example.com,United Kingdom,North Shari,10483,2023-03-13
C5048171,Michael,Kane,1970-11-22,Other,(832)949-3023x14026,scampbell@example.org,GB,Lake Michaelton,24876,2025-10-18
C4833573,Patricia,Park,1950-09-29,Other,001-529-710-7433x16314,vdavis@example.org,United Kingdom,Harrisborough,76259,2026-03-10
C2064407,,Powell,1979-02-22,Other,417.580.5027,ywoods@example.org,UK,Hardinbury,95787,2026-04-23
C7134910,Lisa,Vazquez,1984-07-06,NULL,(839)514-1863,nealkristy@example.org,England,Laurashire,15528,2026-01-16
C9483276,Jacob,Wright,1977-07-23,F,(513)833-1438,thomas30@example.net,UK,Wheelerfort,55832,2024-10-12
C4758797,Emily,Lam,2006-11-07,M,+1-687-920-2538,brian26@example.org,U.K.,Jimmyfurt,41046,2024-03-24
C5695034,Vincent,Martin,1950-01-19,NULL,001-455-245-1484x8975,olivercaitlin@example.com,GB,Maddoxshire,75352,2023-05-20
C7466795,Madison,Norman,1975-08-20,NULL,+1-341-543-9860,jason29@example.com,UK,Joshuashire,61962,2022-07-21
C7611687,Nicholas,Morris,1994-12-11,Other,410-443-3688,loridiaz@example.net,England,West Steventon,93052,2025-07-27
C5102534,Taylor,Brown,2007-12-27,NULL,(775)303-2247x451,johnsonelizabeth@example.org,GB,Andersonside,57926,2023-07-23
C1694333,Christopher,Huffman,2008-05-09,NULL,(562)351-3305,mchavez@example.net,U.K.,Lindsaychester,77029,2024-08-09
C8135315,Justin,Aguilar,1948-01-04,M,939.543.3943x17147,ufoley@example.net,GB,Greenland,44894,2026-02-23
C7732917,Bradley,Cook,1952-12-08,F,647-951-7822x985,heather60@example.net,U.K.,Benjaminville,73791,2026-03-03
C9553304,David,Henson,1945-10-09,F,300.445.8266x473,charlessims@example.org,U.K.,Triciastad,36559,2024-04-22
C4579919,Courtney,Hughes,1972-05-13,F,+1-441-406-3136x9152,NULL,England,North Justinfort,16216,2023-03-30
C806262,Michael,Small,1958-05-14,NULL,+1-707-358-2059x926,cynthiavasquez@example.org,England,Santosmouth,89204,2024-04-22
C9258765,William,Robinson,1969-03-04,NULL,381.906.2869,jonathanstone@example.org,England,Allenside,42982,2026-07-01
C8367982,Vincent,Johnson,1945-08-20,M,973-989-4271x77848,qhampton@example.com,GB,West Jenniferton,36237,2022-07-31
C9648542,Chad,Villanueva,2001-05-03,F,(696)211-7436x439,xwilson@example.net,UK,Brewerborough,93630,2021-08-19
C1651217,Daniel,Rivers,1964-11-07,M,907-536-8386x0196,patrickrocha@example.org,UK,Espinozahaven,19072,2021-09-02
C5087797,Mariah,Li,1966-04-04,Other,975.883.4675x834,kennedynicholas@example.net,United Kingdom,West Jasonstad,93300,2024-01-16
C3061937,Unknown,Lucero,1979-03-21,M,498.578.1118,kathleenvega@example.com,England,New Brian,04081,2025-04-22
C4488892,Julia,Sparks,1995-03-12,F,+1-829-596-1733x729,francisvictoria@example.net,GB,Davidside,14566,25/03/2026
C2329399,Bradley,Phelps,1945-11-23,F,9669199794,patricksanchez@example.com,England,Davidland,25168,2022-02-07
C3613907,Anthony,Harmon,1959-01-23,NULL,(619)766-8040,fsimon@example.com,UK,Longside,20636,2024-10-30
C7450447,Rachael,Pierce,1958-05-28,M,738.724.3150x52897,chad04@example.com,England,Theresaville,66302,20250831
C6349935,Shirley,Vazquez,2003-02-16,F,500-562-5821x83394,ebutler@example.org,England,Stephanieton,10696,2024-11-22
C1569341,Michele,Schultz,1974-05-05,NULL,382.541.1863x920,tgray@example.org,England,New Amy,85684,2021-09-20
C817658,Steven,Perez,1961-08-16,F,001-878-995-0013x8049,daniel85@example.net,U.K.,Booneville,35349,2022-03-02
C7100620,Gregory,Glenn,19580709,Other,(862)430-4471,heather44@example.com,England,Stonestad,30131,2022-04-28
C7331673,Kathleen,Garcia,2003-01-13,F,001-410-386-5103x573,andreawilliams@example.org,U.K.,New Kimberly,22443,2022-11-14
C7819004,Tony,Smith,1965-11-25,F,585-419-0628,bridget26@example.com,England,Wrightshire,56053,2022-07-23
C7749740,Ethan,Jackson,1984-11-14,Other,673-925-5328,mary19@example.com,GB,Burtonfurt,53425,2023-09-10
C4433332,Rose,Howell,2005-02-03,F,+1-635-690-6157x48343,micheleray@example.com,U.K.,Moorefort,47947,2026-07-01
C8314406,Connie,Bradford,1973-11-22,NULL,520.325.4709,jduran@example.net,GB,Whitemouth,52853,2025-07-23
C2600704,Martha,Miller,1941-04-11,Other,486.313.2000x660,christianperez@example.com,GB,Josephland,50510,2025-06-27
C7390937,Steven,Harrison,2003-01-28,F,(981)564-2945x27958,aaronhubbard@example.com,United Kingdom,Woodside,66697,2026-03-14
C1310625,Benjamin,Davis,1982-11-01,NULL,646-907-7419,cody19@example.org,GB,Stacyburgh,02451,2026-01-21
C7417463,Scott,Bass,1988-04-15,F,001-924-319-3122x3038,erika97@example.net,GB,Bryantville,20206,2022-06-21
C867121,Joshua,Mccann,2001-01-01,NULL,001-556-783-2466x9621,nsnow@example.net,U.K.,Lake Stephanieport,99259,2025-01-15
C4865630,William,Cobb,1946-08-31,M,317.425.3302x34408,davisadrienne@example.net,United Kingdom,Port Jamesville,59773,2026-04-18
C4141056,Derrick,Bennett,1968-01-08,M,(379)254-9375x04184,ilarson@example.net,UK,Garcialand,61637,2022-10-25
C5592112,Jason,Taylor,1964-06-22,NULL,+1-829-804-5287,bnelson@example.com,England,East Kelly,96771,2025-10-24
C2009000,Richard,-,1983-12-15,Other,001-335-942-3799x6500,victorwilliams@example.org,UK,South Robin,91974,2023-01-03
C6489858,Tracy,NULL,1992-09-09,Other,929.652.9888x39317,ashaw@example.com,UK,Loriborough,76224,2024-06-24
C9310941,Deanna,Anderson,1997-07-13,Other,326-343-9732x666,caldwellbrandon@example.org,U.K.,Christopherfurt,57443,2022-01-06
C8830452,Michael,Reese,1939-09-06,M,724-749-9127x9287,clarkjonathan@example.org,GB,Donnabury,67142,451436211
C3118364,Alexis,Kim,1977-01-28,Other,7593670008,kimberlygilmore@example.net,England,Port Kennethhaven,56403,2024-03-10
C3533613,Brady,Acevedo,1945-03-10,Other,+1-408-456-1874,hortonjennifer@example.net,GB,East Gerald,47536,2025-06-19
C8679793,Leslie,Rowe,1939-07-06,F,430.827.8513x462,bennettdana@example.org,U.K.,Port Donnaborough,28419,2022-04-22
C4969239,Anthony,Baker,1970-11-02,Other,001-420-950-6305x5011,scott06@example.net,U.K.,Port Joseland,38881,2025-11-14
C81777,Kimberly,Robinson,1940-11-04,NULL,+1-708-208-1075x112,john14@example.com,GB,Averyville,63863,Yesterday
C9857158,Derek,Hall,1950-05-13,F,811-768-6214,nathaniel66@example.org,United Kingdom,Kimberlytown,46548,2022-07-20
C9361335,Erik,Wade,1977-06-12,NULL,+1-796-372-8956x29239,egriffin@example.org,GB,Jonathanmouth,62925,2024-08-13
C9936205,Jose,Woods,1951-05-24,Other,001-398-440-2679x2876,markward@example.org,United Kingdom,Lake Sandraborough,25063,2024-04-12
C7130986,Peter,White,1966-04-03,Other,6986584400,tbean@example.net,GB,Samanthaland,58985,2022-07-20
C6746039,Brenda,Montgomery,1938-10-22,Other,(276)722-1964x6465,jonesbeth@example.org,UK,North John,70006,2023-05-13
C2524005,Sharon,Carr,2008-02-14,M,001-365-976-6997x117,ashley64@example.org,UK,Chanview,22064,2025-03-19
C7744255,Eric,Collier,1961-06-21,NULL,001-667-614-9680x369,xrobinson@example.com,United Kingdom,South Lisa,42633,2023-01-15
C9330719,Patrick,Schmidt,1988-06-20,M,7956175872,pamela06@example.net,UK,Nancymouth,02409,2023-01-20
C6673193,Shannon,Mckinney,1978-05-30,M,(813)531-6882x59126,katherine07@example.com,England,New Carolton,25299,2022-03-30
C4453869,Julie,Guerra,1937-03-19,M,674-764-0948,robincook@example.net,United Kingdom,East Zoemouth,58757,2023-08-07
C4702184,Victoria,Jones,1969-06-27,F,(635)368-3568,tammy22@example.net,United Kingdom,East Jessica,91378,2022-09-05
C7954014,Kimberly,Williams,1975-08-27,F,(611)732-8527,lmurphy@example.org,United Kingdom,Johnnyville,51530,2024-03-26
C8131136,Jennifer,Trujillo,1964-12-02,M,001-381-719-0495x54646,jennifer65@example.com,United Kingdom,Port Ryanstad,22566,2025-11-03
C4976833,Christopher,Bryant,1952-11-18,F,+1-873-350-1600x956,tpeterson@example.net,United Kingdom,West Natalieshire,87161,2023-06-05
C9359341,Linda,Bowers,1994-05-11,M,756-221-6571x16741,justin16@example.net,England,Chenside,25726,2026-03-03
C5954047,Deborah,Mcfarland,1953-11-13,Other,+1-559-801-4125x4570,willie83@example.org,UK,Lake Frances,48805,2025-06-28
C7936418,Ryan,Reid,2007-11-01,Other,877-660-6280x517,tylerpoole@example.net,England,Loriside,72256,2025-04-10
C5960932,Brent,Martinez,1991-11-06,F,(507)636-8370,higginsdavid@example.net,U.K.,South Sonyachester,54766,2022-10-02
C4297214,Eric,Burnett,24/06/1937,M,222.300.1891x668,villamitchell@example.com,United Kingdom,Anaside,17253,2022-03-30
C709901,Douglas,Thomas,1996-06-08,M,636.319.7073,paul19@example.org,U.K.,West Wendybury,04634,2024-07-30
C4407827,Dylan,Spence,2001-10-29,Other,+1-809-870-2593x01630,krodriguez@example.org,England,New Briana,36331,2021-12-01
C3888695,Corey,Cook,1960-05-18,F,(704)386-7542,david60@example.com,United Kingdom,East Victor,72053,2026-07-17
C3706024,Rebecca,Moreno,1986-01-16,Other,536-384-9580x62916,wpatterson@example.net,GB,Kevinhaven,15708,2024-07-31
C2292092,Robert,Smith,01/11/2004,M,+1-339-947-5828x83585,michellebright@example.org,GB,West Ryan,36179,2022-07-19
C8753675,Brian,Richardson,1990-12-29,M,001-521-592-9828x3503,zchavez@example.net,UK,New Cindy,86550,2022-02-05
C7921935,,Woodard,1984-09-29,Other,(813)470-2465,fmiddleton@example.com,U.K.,Terrellton,08351,2026-03-18
C7887118,Jennifer,Baker,1982-12-05,F,+1-999-361-0319x66325,patelerika@example.com,GB,Smithshire,35227,2024-05-30
C6702639,Patrick,Wallace,2008-05-21,Other,+1-959-821-9177x521,kevinhenson@example.net,England,East Kennethfurt,64578,Tomorrow
C3674529,Allison,Perez,2002-01-08,Other,(287)478-6953,sdaniel@example.com,GB,Port Amandaview,33117,Tomorrow
C6567408,Michael,Smith,1966-01-31,Other,6246499593,daniel85@example.com,UK,Port Andrewland,94683,2023-09-03
C1793594,Anne,Smith,1973-03-03,Other,(801)684-9887,nhernandez@example.org,England,Port Ryan,67960,2024-09-04
C3481181,Eric,Walker,1947-10-05,NULL,+1-610-844-3085x2077,spencervargas@example.com,GB,Scottville,38727,2023-07-12
C5307901,Shelly,Warren,1989-09-28,M,223.979.6930,combsjoshua@example.net,England,East Mauriceton,32968,2025-07-15
C9429487,Emily,Berger,1960-02-08,M,867.671.9265x420,davidnguyen@example.net,England,Reedtown,20511,2021-08-12
C7535554,Michael,Barnes,1957-01-21,F,(722)606-2596x28220,ibrown@example.net,United Kingdom,Kingtown,75135,2021-10-23
C1663269,,White,1987-03-17,M,8756493693,carlhill@example.net,United Kingdom,North Aprilberg,66275,2022-09-16
C9913091,Amber,Silva,2004-03-01,F,(634)426-9031,marie50@example.org,England,West Michael,93109,2023-03-17
C9663266,Natasha,Rodriguez,1957-12-14,NULL,756-422-9024x00672,solomonbilly@example.com,England,Pughmouth,22465,2024-03-06
C7888754,Carlos,Gardner,1998-05-02,F,321-289-2233x598,pamela85@example.org,UK,New Keithton,88495,2022-07-20
C1383013,Margaret,Wade,1972-07-10,M,407-729-3819x4665,murilloamy@example.com,U.K.,Rebeccafurt,61338,2023-09-01
C1131890,Mitchell,Santana,1982-08-13,NULL,+1-748-234-8168x1374,daybrian@example.org,UK,South Charlene,17281,2023-03-27
C7824813,Tracy,Hunt,1948-03-03,Other,5375406401,kelly20@example.org,UK,West Jason,73206,2024-12-25
C5022516,N/A,Pugh,1979-04-22,Other,001-955-754-1773x03612,keithschmidt@example.org,U.K.,Port Jason,46872,2024-10-15
C5502503,Shelby,Yu,2003-11-16,NULL,7185171896,castrolisa@example.net,UK,South Lindaside,98200,2024-06-03
C6961667,Ricky,Shaw,1960-05-06,M,540.875.8334x52050,scott62@example.org,U.K.,Robertsland,21447,2025-04-26
C1514532,Christina,Navarro,1958-10-18,NULL,(681)634-7064x80974,vgibson@example.com,UK,Byrdmouth,34344,2023-03-31
C1078181,Jack,Williams,1977-08-03,M,(447)945-8135,robertgreene@example.org,GB,Charlesland,41162,2024-03-07
C7130930,Riley,Tucker,1968-11-14,M,725-855-8319x5787,akim@example.net,UK,Port Cherylfort,08905,2024-08-14
C5308845,Robert,Brandt,1977-03-19,Other,001-360-802-1361x646,shawnhaney@example.com,U.K.,Elliottside,20391,2025-06-21
C3351800,Corey,Wagner,1988-09-24,NULL,001-433-512-7413,juan77@example.org,United Kingdom,North Vicki,66399,2024-11-25
C9224517,Courtney,Smith,1998-08-05,M,(757)844-9536,hannah82@example.com,England,Danielsville,29143,2022-07-04
C5956233,Alejandro,Evans,1945-10-22,NULL,(908)796-0861x3505,elizabethharrell@example.net,England,Kentport,38873,2022-12-26
C6270910,Carol,Rojas,1957-11-24,M,845.751.1375,rcrawford@example.com,U.K.,Patrickmouth,97473,2026-05-31
C8655836,Pamela,Alexander,1938-10-19,M,401.877.3509x031,sarah89@example.net,U.K.,Thompsonberg,67442,2023-01-09
C6897149,Francisco,Freeman,1971-07-21,Other,+1-535-820-7500x9715,collin09@example.org,England,East Samanthafurt,35435,2024-04-25
C4731037,Robert,Richardson,1965-11-15,NULL,863-791-5573x298,ewalker@example.org,U.K.,North Hunterborough,69887,2026-02-06
C3543152,Krista,Jones,1999-07-11,F,(567)317-5238x89196,hansencory@example.org,UK,Wilkinsonburgh,68908,2025-10-26
C8461109,Antonio,Wong,1951-11-29,M,3816319011,riverawilliam@example.com,United Kingdom,Torresland,65809,2024-04-21
C7287517,Martin,N/A,1976-11-14,NULL,226.779.3187x032,micheleroberts@example.org,UK,South Richardhaven,90072,2023-12-05
C5136979,Leah,Underwood,1990-01-21,F,(685)677-5433,joshuaturner@example.org,UK,New Tyler,92643,2025-08-26
C9222885,Michael,Prince,1977-11-06,M,001-838-905-7648x780,gardnerdaniel@example.com,U.K.,Lucastown,18811,2024-10-25
C5297104,Laura,Schneider,1993-02-20,F,257-796-6705x62584,ginacook@example.com,United Kingdom,Trujillohaven,73147,2026-07-30
C5039616,Katelyn,Garcia,1982-02-01,M,+1-236-831-8444x25728,qgarcia@example.com,United Kingdom,Bethland,43178,2024-03-19
C8830040,Christine,Castaneda,1985-07-31,Other,910.766.1182,vcruz@example.org,U.K.,South Diamondfort,82882,2026-07-18
C4287494,James,Patterson,1997-04-24,F,240.562.4495x1423,villarrealshawn@example.org,U.K.,Smithton,54815,2021-09-21
C540354,Tanner,Guzman,1975-10-09,M,(816)486-4540x6968,ortizsteven@example.com,GB,Heidifort,53532,2025-02-28
C1550711,Andrew,,1990-06-12,Other,526-245-4586,justinrodriguez@example.com,England,New Mark,15098,2024-03-21
C49678,Jennifer,Ferguson,1955-11-07,M,001-986-793-5800x7905,dbowers@example.com,United Kingdom,Henryshire,79447,2025-12-14
C4223296,Sergio,Morgan,1946-10-21,F,+1-385-365-5594x2086,nguyenmelanie@example.com,GB,North Nancyfort,95156,2026-02-15
C8021738,Donna,Morton,2005-03-07,NULL,(902)923-5427x42244,stevenbaker@example.org,United Kingdom,Heatherfurt,22218,2021-12-20
C9334224,Amber,Anderson,1982-01-19,Other,(526)332-6097x413,stuart21@example.com,UK,West Mary,66571,2022-11-21
C4179075,N/A,N/A,2004-04-12,NULL,811-473-4340x982,julie30@example.com,GB,Johnsonton,31076,424001517
C5782234,Nicholas,Vincent,995140859,F,001-957-423-2912x9951,barbarareeves@example.net,U.K.,Longton,74702,2023-07-24
C281227,Paul,Kent,1999-11-26,F,+1-577-733-9482x42610,kendraterrell@example.net,UK,Veronicaview,93011,2021-12-02
C7523854,Tonya,Mcpherson,1998-07-14,F,+1-711-569-4427,rmarshall@example.com,United Kingdom,Chadfort,09528,2024-04-15
C5466201,Linda,Anderson,1973-07-08,F,4703224810,gloria27@example.org,UK,East Stephen,77066,20211227
C3616157,Brandon,Johnson,1999-10-28,M,-,anthonyanderson@example.org,U.K.,Claytonside,35294,2024-05-26
C7116193,Chelsea,Brown,1973-04-04,F,280.689.6539,samanthaharris@example.net,England,South Barbara,70265,2025-02-08
C1418189,Ryan,Martinez,1956-10-18,M,233-475-4671x646,brian52@example.org,GB,Pedrofurt,76702,2021-09-20
C4703785,Michelle,Kidd,1955-05-29,NULL,001-644-616-0303x625,usmith@example.com,England,Stephenhaven,22514,2023-08-12
C4612828,Philip,Sanchez,1966-09-03,F,(728)645-9155x478,linda77@example.com,GB,West Tammy,08247,2023-01-10
C2047565,Dustin,Price,2000-03-20,F,-,amanda26@example.net,GB,Goodstad,28992,2026-01-07
C4152621,Shawn,Oneill,1974-08-19,Other,854-690-6572,jwilson@example.net,England,Port Daisychester,00651,2023-04-27
C3002009,Sarah,Alexander,1946-10-28,Other,9238647837,uponce@example.com,UK,Troyborough,06915,2022-02-18
C6923115,Robert,Patel,2001-09-28,F,(380)291-3430,meredithwoodard@example.org,England,Lake Christinamouth,86671,09-30-2021
C5564949,Gabriel,Robertson,1954-11-29,Other,+1-256-842-9845x5378,gibsonjeffrey@example.com,GB,Fergusonbury,88318,2026-03-26
C6659637,Melissa,Mcguire,1988-08-26,F,(968)668-6009,donald35@example.com,GB,West Kennethberg,64138,2025-12-06
C9044357,Lisa,Terrell,1972-10-07,Other,,sarahbeck@example.org,United Kingdom,Port Robertton,96838,2026-01-01
C3517307,Amy,Ingram,1968-05-21,NULL,001-894-366-3073x404,connie94@example.com,UK,New Benjaminfort,49998,2023-05-28
C9940543,Jose,Cook,1937-02-09,M,579-764-7398,harrisrobert@example.net,United Kingdom,West William,79457,2024-02-26
C9974420,Sandra,Martinez,1979-09-10,M,(467)485-1161,carl85@example.net,UK,South Ericmouth,42907,2024-08-18
C4253168,Caroline,King,1946-01-10,NULL,+1-538-937-5110x90105,mitchelljessica@example.org,United Kingdom,Charlesberg,64134,2025-01-01
C6734383,Jennifer,Horton,136479703,Other,(224)694-1246x4585,jallen@example.org,United Kingdom,New Laura,25979,2023-08-05
C3418595,Samantha,Hudson,1969-11-27,Other,001-508-380-1297x84201,deborah22@example.com,United Kingdom,Port William,88488,2024-02-17
C1173783,Claudia,Shaw,1972-09-09,Other,001-552-274-2856x94780,williamkennedy@example.com,United Kingdom,Amyview,80914,2025-08-31
C8087070,Kathleen,,1971-04-15,F,901.756.0589,billy73@example.org,United Kingdom,Lewisfurt,99536,2022-12-19
C3699875,Russell,Lang,1969-03-03,F,001-554-386-0899x089,bvelez@example.com,United Kingdom,South Adriana,19357,2024-02-29
C5254077,Alexis,Gomez,1997-06-06,NULL,001-999-704-7507x0929,patricia46@example.net,U.K.,Port Brianview,42994,2022-11-11
C3540145,Brittany,Thomas,1986-02-04,M,001-811-795-8358x4707,raymond73@example.net,UK,East Tammy,02166,2023-01-01
C1846062,Larry,Hatfield,1940-06-11,M,+1-641-909-5372,aaronsilva@example.net,United Kingdom,Zimmermanview,64581,2023-03-03
C8663331,Tina,Sanders,1949-09-14,NULL,+1-217-288-7094x162,vasquezdavid@example.org,UK,Collinston,69573,2022-03-01
C9008797,Mary,Drake,2007-12-02,F,865.565.0885,ianelliott@example.net,United Kingdom,West Sophia,92653,2024-04-14
C3166282,Zachary,NULL,1977-05-31,NULL,001-879-684-9513x279,handerson@example.com,UK,Melissashire,85089,2024-07-29
C4530547,Joseph,Williams,1989-08-16,F,Unknown,tkim@example.org,England,Timville,16421,2025-01-14
C7586169,Mary,Perez,1979-04-22,M,(915)730-5173x05632,chunt@example.net,U.K.,North Nathanville,51426,2023-02-04
C1623876,Alexandra,Collier,1941-11-13,M,001-455-244-1515,kkrueger@example.com,GB,New Billy,90238,2025-04-17
C3528975,Greg,Ellison,1937-03-28,Other,(476)687-5023x866,jonathan69@example.com,England,Rileyland,04927,2022-09-27
C7509501,Troy,Thompson,1987-10-28,M,603.343.5371,clarklisa@example.com,U.K.,North Tammyport,69919,2022-08-16
C8768718,Jennifer,Gonzalez,1984-05-23,M,+1-383-335-6013x09822,cohentina@example.org,United Kingdom,East Jadeport,26107,2025-08-14
C3200444,Joseph,N/A,1993-05-23,Other,001-335-680-5749,justingibson@example.net,GB,New Zachary,29316,2024-09-28
C5464135,Charles,Mcdonald,1983-06-19,M,675-571-2658x199,alilatoya@example.net,U.K.,Erikland,91304,2025-10-14
C2486357,Sergio,Lewis,1985-09-18,F,969-747-4310x74423,caroljones@example.com,GB,East Richard,90165,2023-01-09
C6962713,Jody,N/A,1936-09-22,F,985-787-0576x07272,richardsonbruce@example.net,U.K.,Port Justin,99480,2023-07-16
C7393721,Meghan,Hines,1973-02-06,Other,517.863.4956x56681,danielle53@example.com,England,Kellyview,29310,2023-12-22
C369581,Jennifer,Burnett,2004-05-03,M,(507)330-5304x31346,brianrodriguez@example.com,England,Hernandezbury,41964,2025-07-10
C7391068,Eileen,Butler,Tomorrow,M,(447)935-5824x75249,alisha70@example.net,England,Port Nancyshire,06079,2022-07-07
C7770180,Kenneth,Bell,1968-03-15,F,+1-390-918-5285x8715,biancagross@example.org,GB,West Joshuafurt,82475,2025-04-02
C1338504,Daniel,Vargas,1990-04-08,Other,,rcarroll@example.net,UK,Hillside,35642,2026-05-12
C1109328,Andre,Jones,1967-08-15,Other,+1-798-525-8482x52653,robertojohnson@example.com,U.K.,Port Brandon,58336,2025-02-19
C434968,Monique,Davis,27/02/1942,F,(788)211-0439x05993,sarahweaver@example.net,GB,Whiteton,41677,2025-09-20
C9120952,Joseph,Osborne,1947-09-27,NULL,(568)503-8202x54526,kwatkins@example.net,U.K.,West Mark,10818,2024-02-22
C831244,Keith,Woods,1964-12-01,M,+1-343-474-1882x6233,andrew13@example.com,GB,New Scottbury,26938,2022-05-20
C8049141,Kayla,Boyd,1954-10-02,M,364.383.0703x3393,andersontimothy@example.org,GB,Timothymouth,80861,2025-06-26
C675530,Karen,Rodriguez,1949-08-24,Other,+1-202-600-3432,hmclean@example.net,UK,Mitchellport,67295,2025-05-17
C8338797,Thomas,Kidd,1975-04-27,Other,001-247-518-3482x20681,woodbryan@example.org,GB,East Annaport,70322,2026-05-01
C2819465,Karla,Scott,1941-05-16,F,+1-904-363-6641,mckeeelizabeth@example.com,England,Jeremyshire,66926,2023-10-19
C4486633,Sharon,Diaz,2007-05-27,F,(340)993-4389x4606,evanbutler@example.com,U.K.,Morrisbury,12208,2026-04-21
C6951395,Jennifer,Kent,19/03/1956,M,001-325-625-3051,vincent60@example.org,England,New Sandraport,88879,2024-05-01
C7786756,Thomas,Giles,1999-08-02,M,+1-306-664-9819x269,karenmcgee@example.net,U.K.,Port Leonard,34853,2023-07-04
C266751,Victoria,Brown,1985-12-05,Other,+1-897-552-5325,proctoralexis@example.org,England,West Dennisbury,59017,2024-07-30
C9144326,Jeff,Larsen,1997-08-14,M,6573244123,hendricksgeorge@example.net,UK,Reedchester,33296,2024-01-10
C7843405,Amy,Nielsen,2005-12-03,NULL,9709836938,wufrances@example.com,United Kingdom,Juanville,78293,2023-12-05
C8153131,Kenneth,Wagner,1981-01-26,F,(461)503-8061x89814,tking@example.org,U.K.,East Keith,78585,2024-07-13
C1016809,Nicholas,Carroll,1974-02-11,F,807.877.6963,maxwellanthony@example.com,UK,New Christyburgh,21408,02/09/2024
C2457979,Anthony,Baker,1984-05-22,M,854.895.6637x630,walkerricardo@example.net,UK,North Patricia,61131,2024-02-24
C9314303,Michael,Williams,1954-05-03,NULL,001-350-866-8945x71963,xvaughn@example.net,U.K.,Port Heidiburgh,05361,2024-10-05
C9966828,Stacie,Taylor,2002-07-11,NULL,001-576-911-6230x103,rodriguezmichelle@example.com,GB,Lake Candice,36894,2023-03-18
C635274,Jeffrey,Walker,1939-06-14,NULL,(991)515-6754x188,allendaniel@example.org,United Kingdom,Laurachester,99640,2022-04-29
C1013706,Sarah,Rodriguez,2002-11-18,Other,408-843-5260x300,meghandaugherty@example.org,UK,Frankhaven,89042,2025-06-20
C8024235,Eileen,Solomon,1950-03-12,F,(959)226-6365x14078,patrickconley@example.org,England,South Janet,18925,2023-02-16
C9438108,Julie,Brock,1997-04-05,NULL,+1-917-516-1146x193,lance16@example.net,United Kingdom,New Raymond,36055,2026-05-06
C5321423,Mary,Miles,1985-11-08,Other,207-899-2637x2249,duncanashley@example.org,U.K.,East Cynthia,53096,2024-04-21
C9197627,Michael,Wall,1950-06-03,NULL,(416)318-4220,ggraves@example.org,GB,East Jennifer,53578,2026-08-03
C9590586,Nicholas,Silva,1940-04-04,F,325.660.2172x122,elliskristina@example.com,UK,Port Scott,29905,2024-04-24
C4839260,Lance,Wang,1958-09-30,NULL,349.428.7917,mortonjay@example.net,GB,Beardville,62987,2024-03-01
C4835581,N/A,Hebert,1959-09-13,Other,991.471.4796x323,kelleyemily@example.net,U.K.,Karenshire,43636,2021-09-27
C4327478,Kent,Webb,1997-08-19,NULL,(674)375-2820x763,stephanieclarke@example.net,GB,Thomaschester,20375,2025-12-08
C5507715,Jennifer,Larsen,07/02/1952,Other,897.479.3053,pstephens@example.com,U.K.,Erichaven,42535,2021-10-31
C1860552,Bradley,Yu,1952-06-07,F,+1-633-434-5218,kanderson@example.com,U.K.,Gutierrezview,33238,2023-01-16
C7669939,Carolyn,Brown,1951-08-14,F,8408682908,younglaura@example.org,U.K.,North Elizabethmouth,03016,2021-10-06
C2133521,Kristina,-,1949-09-04,M,496.357.4445,veronica23@example.org,U.K.,Peterstad,05282,2024-11-11
C1717895,Jacob,Terry,1947-10-06,Other,420-512-5569,davenportdaniel@example.com,United Kingdom,Jennaberg,72864,2024-01-06
C3371648,Taylor,Harris,1960-09-26,M,839-312-1439x48289,wisemark@example.net,United Kingdom,West Traci,17119,2025-03-15
C9367935,Janice,Johnson,1963-02-13,Other,001-496-900-4909x635,maureenschroeder@example.con,GB,West Briantown,50661,2025-03-18
C4642634,Joshua,Miller,2000-11-10,F,415-601-2588x516,philip38@example.com,UK,Lake Joelmouth,69520,2024-01-11
C3886094,Stephen,Bowman,2005-08-10,M,435.742.3902,tammypatrick@example.com,GB,New Kristychester,64139,2025-12-21
C8785404,-,Wallace,1981-01-22,M,6926955833,urussell@example.org,U.K.,Perezmouth,03341,2021-10-21
C9158607,Jose,Kelley,1963-01-21,F,+1-894-969-2152x137,ryandonald@example.com,GB,North Lee,92336,2026-03-24
C1827432,David,Powell,1987-11-27,F,001-809-545-2038x039,lindaolson@example.org,United Kingdom,East Kimberlyborough,48417,2023-08-17
C6411792,James,Butler,1970-11-29,M,+1-255-760-7345x422,smithjon@example.net,United Kingdom,West Latoyastad,84150,2024-09-06
C5540669,Marcus,Delgado,2007-04-05,F,766.424.0552,trevor51@example.org,U.K.,Ryanstad,38659,2024-02-02
C2375095,Jennifer,King,1972-11-12,F,(713)283-5337x98495,vanessamccoy@example.org,UK,East Marcia,35157,2024-10-13
C7202206,Jared,Perez,1951-11-02,F,684-627-1325x8221,marypowers@example.org,U.K.,East Brittanyfort,86249,2021-11-19
C9272859,Tiffany,Reynolds,1947-07-14,Other,Unknown,johnsontim@example.com,United Kingdom,West Lindsey,39026,2022-11-03
C1131660,Joy,Arias,1945-08-25,F,(945)334-0250x15335,hnewton@example.net,England,South Kenneth,16092,2021-11-23
C7875297,Victoria,Martin,1954-06-23,NULL,4439185249,zmartin@example.org,UK,Jenningsfurt,43689,2025-03-29
C7180294,Austin,,1958-07-15,NULL,(750)311-6790x02019,michaelschwartz@example.com,UK,Nealside,10079,2023-07-18
C6637229,Bryan,Ramos,1941-12-03,Other,+1-339-836-4431x4664,rhonda40@example.org,United Kingdom,Joanborough,97124,2022-01-07
C7386624,Kelly,Bates,1992-09-19,M,955-657-0970,david58@example.org,U.K.,Youngport,95065,2023-01-06
C8900923,James,Harrison,1984-03-16,Other,Unknown,olivia67@example.net,United Kingdom,Laurenshire,75872,2025-10-07
C3759593,Kenneth,Lynch,1963-08-06,M,+1-715-364-4930x253,susan95@example.com,UK,North Matthewville,02220,03-11-2026
C3996569,Shelby,Johnson,2006-09-08,M,(611)742-1124x26250,stephaniesmith@example.net,U.K.,Timothyhaven,03272,2022-11-18
C1600957,Timothy,Edwards,1997-08-05,NULL,716-931-2254,michaelnelson@example.net,GB,Henryfort,99029,2022-11-27
C6669606,Christopher,Holder,1998-09-02,F,+1-963-568-3923x364,blankenshippamela@example.org,England,Lake Jennifer,52060,2025-08-13
C3751730,Scott,Moran,1967-06-15,M,+1-880-500-2707x33476,nicholebrown@example.com,GB,Lopezburgh,59420,2022-03-21
C6654271,Mary,Williams,1956-11-23,NULL,(793)356-1466,pshort@example.net,England,North Shannon,87349,2025-03-01
C2830566,Erin,Stevens,1983-11-29,Other,9463938931,kraymond@example.net,England,Lunaland,38124,2023-07-25
C4232062,Aaron,Hughes,1969-05-31,Other,001-471-318-2566x82852,laurieperkins@@example.com,UK,Davidside,92689,2024-08-14
C7525333,Stephanie,Vaughan,1940-04-29,Other,734.856.7403x10846,stewartthomas@example.net,England,New Angela,22912,2025-11-28
C4969821,Donna,Sanders,1943-03-22,F,764-734-8906,ndiaz@example.org,UK,East Thomasville,30436,2024-03-13
C3259141,Tammy,Palmer,1988-05-16,Other,001-546-668-6845x5822,sharon30@example.com,GB,Robertsburgh,01080,2024-10-28
C2269722,Brian,Kennedy,1975-02-10,M,846.272.2458x84259,dbrooks@example.net,U.K.,Kimberlyberg,63045,2021-09-25
C1349749,Rachael,Moreno,1954-08-20,F,698.232.3416,mdavis@example.org,United Kingdom,Port Natalie,35847,2024-08-31
C4961884,Todd,Keller,1936-09-04,NULL,283.245.6582,williamstrevor@example.org,GB,North Stacey,56577,2026-02-14
C7754696,Chad,Williams,1943-03-15,F,348.267.2492x13353,welchemma@example.com,UK,Jeremyview,91449,2025-05-24
C3022555,Denise,Webb,1969-09-15,F,+1-769-799-9604x55049,bethphelps@example.org,GB,Anthonymouth,11492,2023-04-11
C7520427,Kenneth,Parks,1939-07-09,F,354-757-9011x63316,james97@example.net,GB,Colemanchester,38299,2022-06-16
C8112302,Brooke,Campbell,1956-05-16,NULL,781-989-8612x64939,sarahpatel@example.net,England,West Vickimouth,88786,08-02-2024
C8580638,David,Livingston,1986-04-07,NULL,4464991867,jeffery22@example.com,GB,Port Marybury,22763,2023-05-02
C4123472,Darren,White,1960-06-07,Other,+1-726-485-3625,shanecollins@example.net,GB,New Melissachester,59485,2023-10-27
C7212088,Cheryl,Horton,1944-06-03,NULL,,johnburgess@example.net,England,East Carlshire,91406,2022-08-07
C1934312,Kaitlin,Hanson,1967-03-14,M,001-720-975-9115,herringcrystal@example.org,UK,Lake Garychester,25357,2024-07-23
C3633369,Joseph,Lopez,1962-07-25,F,9329875666,middletondonald@example.com,United Kingdom,New Robertahaven,36164,2024-06-07
C8419193,Aaron,Castro,1982-03-12,M,735-983-9641,theresa91@example.net,GB,Port Stephanieville,25281,Tomorrow
C5500333,Janice,Moore,1976-01-23,Other,001-466-965-5714x440,madelinegarcia@example.org,UK,New Scottland,93313,2026-06-20
C8218571,Donald,N/A,1985-04-22,NULL,322.592.8269x939,zsexton@example.org,England,Perkinsland,20231,2024-01-30
C5962900,Anna,Mills,1975-07-25,Other,+1-889-420-6774x962,shafferkaren@example.com,U.K.,South Desireeville,11456,2025-11-11
C3972833,Dawn,Simmons,1971-11-21,M,(670)541-4137,lori15@example.net,UK,West Michaeltown,76417,2026-02-27
C7033865,Taylor,Wilkinson,1963-01-30,NULL,7473887857,smithholly@example.com,U.K.,Port Franklinhaven,47020,2023-12-28
C9525062,Jessica,Stephens,1938-05-22,M,001-311-791-0046x74093,garcialindsey@example.org,UK,East Elizabethmouth,91219,2025-08-19
C3311169,Anthony,Brock,1968-03-17,F,493.392.1774x9494,bookerlisa@example.net,United Kingdom,Victorside,49810,2022-12-15
C9465291,Mitchell,Banks,1971-02-17,NULL,527-289-3682,wrighttracy@example.com,U.K.,Masonmouth,62475,2022-04-18
C7276818,Eric,Rodriguez,1962-02-02,F,001-821-985-5619x107,awright@example.net,U.K.,Lake Craig,96763,2025-04-03
C5466201,Linda,Anderson,1973-07-08,F,4703224810,gloria27@example.org,UK,East Stephen,77066,20211227
C3622956,Andrea,Jackson,1943-12-17,NULL,260.934.0261x700,mcgeejessica@example.net,England,Garyfurt,33860,2026-02-20
C2133521,Kristina,-,1949-09-04,M,496.357.4445,veronica23@example.org,U.K.,Peterstad,05282,2024-11-11
C1564449,Barbara,Miller,1940-03-09,NULL,+1-577-797-5395x846,josephli@example.org,United Kingdom,South Christian,10633,2021-10-04
C6114389,Margaret,Velasquez,1956-03-26,M,001-984-919-4677,shannon62@example.com,England,Brownton,91950,2022-10-29
C6457713,Luis,Sanford,1992-12-26,M,-,rachel49@example.org,GB,Pughburgh,52006,2024-11-17
C2547626,David,Hoover,1942-03-09,Other,(712)591-0849x9996,jasonfields@example.net,England,West Anneville,75556,2025-09-17
C9469033,Ronald,Newman,1998-04-05,M,224-996-5135x64591,speterson@example.org,UK,North Markton,92077,2022-05-22
C7924645,Michael,Sanders,1963-05-04,F,3116351255,stephanietaylor@example.com,United Kingdom,Christopherbury,94509,2022-02-16
C1893963,Jennifer,Powers,1949-03-13,F,4463452477,keith93@example.org,England,Lake David,70538,2022-09-12
C7048570,Margaret,Ford,1966-05-05,F,567.741.0783x0102,harrispaul@example.net,UK,North Carolynport,11616,26/03/2024
C9913337,Charles,Baker,1936-06-16,Other,001-605-683-3149,kaylacastro@example.net,U.K.,New Michaelstad,76129,2023-09-03
C5372831,Sally,N/A,1979-06-09,M,+1-274-351-3509x6752,donald21@example.net,UK,Georgemouth,50681,2025-04-22
C6384427,Andrew,Wade,1991-01-14,F,(614)410-1137x70002,catherine32@example.com,United Kingdom,Haleborough,08647,2024-05-10
C4849426,Michael,Castro,1994-12-13,M,001-458-330-8906x721,owelch@example.org,United Kingdom,North Beth,27431,2021-08-09
C4623526,NULL,Flores,1960-09-16,NULL,(386)251-1970x788,millercatherine@example.net,UK,Margaretland,25950,2025-12-03
C3902293,Susan,Duran,2006-11-20,M,352-228-2459x27663,cynthiahernandez@example.com,GB,Aliview,77486,2021-10-12
C7110728,James,Miller,2005-10-16,Other,+1-938-317-0148x00260,osanchez@example.org,UK,East Tamarabury,97830,2023-02-11
C4366501,Catherine,Ramirez,1979-03-28,Other,001-230-213-5333x141,sshelton@example.org,GB,Bautistaland,14746,2021-09-02
C8239724,Jason,Hoffman,1980-06-10,NULL,(537)696-1665x6835,robert26@example.net,GB,Lake Stacey,06913,2024-10-20
C8287930,Andrew,Yang,1936-02-26,NULL,(352)227-5669,jessica25@example.com,GB,West Sarah,43137,2024-04-23
C4336180,Kenneth,Rosario,1990-06-13,NULL,001-660-716-2010,robinsonray@example.net,U.K.,Alanburgh,04771,2026-02-03
C4297214,Eric,Burnett,24/06/1937,M,222.300.1891x668,villamitchell@example.com,United Kingdom,Anaside,17253,2022-03-30
C5735996,Amy,Smith,1938-11-19,M,277-271-1953x17213,riggsfrancis@example.net,UK,Dustinport,03237,2024-11-23
C4875605,Craig,Barker,1999-01-22,Other,+1-632-795-2665,lisa06@example.com,U.K.,Ryanmouth,09754,2023-01-05
C8644283,Jacob,Zamora,1959-08-24,Other,+1-356-884-6647x9372,alicia48@example.com,UK,Charleschester,75306,10-29-2023
C1550127,Kathleen,Smith,1935-10-09,F,749-895-6367,kristi45@example.net,England,Greeneside,54293,2025-06-24
C7669120,Lauren,Long,1968-02-13,NULL,943-387-4292x006,sclark@example.com,United Kingdom,Torreschester,43696,2023-09-10
C5227267,Charles,Brown,1945-03-08,M,359.475.0998x42867,mitchellryan@example.net,UK,Port Charlestown,07608,2025-05-28
C8883365,Chelsea,Williams,1973-02-09,M,(614)680-6384,amandamiddleton@example.com,GB,Andrealand,15136,2024-12-25
C9383169,Charles,Ortiz,2003-10-29,Other,775-893-5813x0089,nbuchanan@example.net,U.K.,North Parker,68870,2025-03-19
C2647519,Kelly,Wood,1988-10-22,M,001-761-897-4015x7599,jonesjoanne@example.net,GB,New Gregory,92366,2024-10-20
C8549944,Rhonda,Shaw,1944-07-15,M,(759)268-9680x7062,michael48@example.net,England,Wilsonstad,68159,2021-09-20
C9736886,Jonathan,Walter,1964-09-16,M,+1-285-537-7024x51579,clee@example.net,UK,West Frank,28545,2026-04-01
C4985654,Calvin,Baker,1975-11-23,M,4083937497,jonathan32@example.com,U.K.,Lewischester,08832,2023-04-09
C3968895,Ashley,Zuniga,2005-05-22,NULL,779.780.0784,xoneal@example.org,U.K.,Seanmouth,15946,2025-06-26
C3341303,William,Gross,1949-06-03,NULL,(531)431-5497x1542,jacksonlaura@example.org,England,North Debraton,64953,2025-04-06
C8859331,Steven,Donovan,1971-09-19,NULL,631-647-6442,mannlaura@example.com,U.K.,North Misty,71351,2023-05-23
C507250,Katherine,Harris,1975-03-05,F,001-930-780-3883x72090,gonzalezbrian@example.org,England,Lewiston,56500,2025-08-04
C196978,Whitney,Lopez,1986-04-19,F,324-475-1336,porterwilliam@example.org,U.K.,Garciabury,75796,2025-10-05
C5472511,Rachel,Williams,1962-12-15,M,995-217-8889x050,teresa10@example.com,GB,Lake Emily,09935,2024-06-05
C8247201,Gary,Parker,1991-04-09,NULL,593-468-2165x06098,valenzuelajohn@example.org,England,New Trevorborough,83692,2023-08-21
C2632873,Jacqueline,Wilson,1969-03-18,F,001-934-966-3313x36434,danielwalker@example.com,GB,Port Tammyport,32203,2025-06-04
C8570599,Brett,Romero,1958-02-16,F,(757)737-7608,gkey@example.net,United Kingdom,Wongstad,70551,2021-11-07
C3583838,Christopher,Flynn,1936-01-20,Other,383-260-1657x192,clintonsanders@example.com,U.K.,Jeromeborough,21719,2024-01-19
C3777734,Lisa,Lester,1998-02-07,F,(495)859-1193,josephwhite@example.net,UK,Josephhaven,99562,2026-06-30
C4420618,Sydney,Aguirre,1963-01-06,M,001-909-634-0157x0367,russelllogan@example.org,United Kingdom,East Saraton,92644,2026-07-11
C991057,Nicholas,Hughes,1941-01-22,F,540.917.0832x621,hatfieldtiffany@gmal.com,United Kingdom,West Aaron,34754,2021-12-06
C4961262,Ana,Williams,1937-10-07,F,001-639-799-6772x820,ymiller@example.com,U.K.,North Jasonside,64631,2021-08-16
C6612472,Ashley,Higgins,1984-07-25,M,830.514.5032,williamsrichard@example.com,England,New Lisa,27900,2025-04-07
C3971458,Keith,Roberts,1976-02-07,Other,843.407.0852x29509,dgay@example.net,GB,East Toddburgh,80261,2023-12-10
C2389684,Ricky,Brennan,1944-04-15,Other,(274)718-9208x107,jbrown@example.net,United Kingdom,West Justin,29976,2023-01-28
C6608592,Samantha,Carson,1963-05-20,F,+1-347-257-7743,amandapowell@example.org,United Kingdom,East Kathleen,29455,2025-12-21
C3016594,William,Davis,1955-01-23,Other,001-365-792-2724x796,ublackburn@example.com,GB,Hinesmouth,86023,Tomorrow
C9257903,John,Smith,1989-11-10,M,865.268.0703,haydenwendy@example.net,United Kingdom,Bridgetmouth,46479,2025-12-07
C6625096,John,Macdonald,1947-11-24,Other,675.465.4684,victor40@example.net,GB,West Beverly,77582,2024-02-01
C8442647,Shari,Smith,1955-10-13,NULL,001-725-616-3043x21975,jasminerobertson@example.org,England,Johnbury,01959,2025-03-05
C7224943,Christopher,Andrews,1999-02-18,F,367-245-4866x6474,gardnertracy@example.org,GB,North Russell,28421,2022-03-20
C7184778,Donna,Velez,1963-11-16,NULL,777-758-0343x1458,randall32@example.org,GB,West Keith,89338,2025-08-09
C7692492,Chelsea,Johnson,1984-08-13,NULL,330.880.0644x07969,manuel75@example.com,UK,Port Leah,22116,2023-12-16
C3936472,Christopher,Wong,1964-03-12,F,413-554-2404x9413,dianemcdonald@example.net,GB,North Ryan,32687,2025-03-08
C9617102,Peggy,Perez,2008-05-25,Other,474-638-6963,kathleenreynolds@example.com,GB,Brittneyland,72967,2022-07-21
C2746811,Christopher,Collins,1981-01-30,F,(221)435-5368x26142,whitenicole@example.com,England,Willisburgh,93355,05-21-2022
C427501,Randy,Franklin,1977-08-17,NULL,001-861-237-0172x795,ktorres@example.net,United Kingdom,New Rachelmouth,71454,2023-12-02
C5705781,Katherine,Johnson,1975-12-11,NULL,889-371-4607,orobinson@example.org,United Kingdom,West Johnmouth,31661,2023-05-17
C7039309,Christine,Simon,1971-06-23,M,(644)230-5595,hoffmanlarry@example.net,U.K.,Robertbury,20060,2026-05-06
C9035253,Sharon,Logan,2002-04-14,M,813.414.8457x96054,millerchristine@example.net,GB,Christinaton,92216,2023-08-19
C8234296,Elizabeth,Walton,1943-04-02,F,(671)436-5934x707,onovak@example.net,UK,Kelseyfort,77186,2024-11-05
C6202989,Julie,King,1960-08-28,M,969.894.8105x4940,danielle20@example.org,U.K.,Port James,47889,2023-08-22
C4210878,Michael,Noble,1967-06-18,F,(842)726-0896,christine60@example.com,England,Stephenside,17615,2022-03-06
C3657756,Larry,Brooks,1977-03-15,F,296-852-1037x195,matthew97@example.net,GB,Samanthachester,17974,2022-11-26
C8009131,Jill,Davis,Tomorrow,M,001-316-366-3934x171,barnettmary@example.org,England,New Kimberlyfort,46263,Yesterday
C4662377,David,,1936-03-24,M,(804)604-8588x88285,richardsonsarah@example.org,England,North Rachelbury,32144,2026-04-05
C1242940,Chad,Kim,1942-02-16,M,352-480-9294x771,kjones@example.com,United Kingdom,Hardyborough,64404,2026-03-24
C4712047,Steven,Thompson,1970-07-22,F,(902)609-9320,crystal45@example.com,GB,Kellermouth,07511,2023-10-11
C9656953,Samantha,Boyd,1953-07-04,NULL,777.538.9437x080,dannycosta@example.org,U.K.,South Sandraton,23110,2023-02-04
C2604564,Travis,Smith,1987-08-04,Other,001-325-986-5604x9088,parmstrong@example.com,United Kingdom,Jacobfurt,69991,2022-04-06
C3337726,Jennifer,Harris,1946-12-11,Other,+1-302-562-5316x07041,nelsonalexander@example.org,England,Lake Brittanystad,14414,2024-11-22
C5472511,Rachel,Williams,1962-12-15,M,995-217-8889x050,teresa10@example.com,GB,Lake Emily,09935,2024-06-05
C284799,Gabriela,Williams,1990-07-27,M,001-204-613-7681x36578,cmartin@example.org,U.K.,Sampsonshire,14739,2023-07-29
C3097754,Brittany,Carter,2006-07-18,M,+1-230-729-4450x620,jonesstephanie@example.org,United Kingdom,Andreatown,99358,2022-05-04
C575220,NULL,Suarez,1940-03-30,Other,(716)395-5379,charlene97@example.org,GB,New Anthony,76854,2023-10-06
C6619504,Courtney,Hobbs,1960-06-18,F,961.435.4776,ohall@example.net,UK,Margaretport,20432,2024-03-08
C6583758,Alexis,Rivas,1939-01-24,Other,791.318.6420x0468,ybrown@example.com,UK,Laurenchester,04825,2023-01-30
C7506517,NULL,Martinez,1979-01-31,NULL,366-650-8292,leedavid@example.net,England,East Christopher,91059,2022-01-27
C3489082,Jason,Mcgee,1997-12-16,Other,267.605.1150x93366,wendykeller@example.com,U.K.,East Randy,95766,2025-01-02
C8482497,Tina,Pope,744660859,Other,001-733-237-4840x271,cgreen@example.org,England,Clarkview,77023,2025-10-26
C1273569,Tracy,Wolfe,1965-06-02,NULL,(913)272-5030,donna92@example.org,UK,Jodichester,35751,2025-03-15
C2921921,Daniel,NULL,2003-01-19,M,539-438-6021x8201,murphyyolanda@example.com,England,Taylorport,67022,2022-12-28
C7134581,Kyle,Cummings,1960-01-12,NULL,(286)934-2115x793,ivanabbott@example.org,U.K.,Hoganshire,39554,2025-10-23
C3311169,Anthony,Brock,1968-03-17,F,493.392.1774x9494,bookerlisa@example.net,United Kingdom,Victorside,49810,2022-12-15
C391355,Roberta,Mullins,1942-05-21,M,(838)672-2344x03149,udavidson@example.net,UK,Lake Ashley,18515,2025-05-13
C4050539,Maria,Ortiz,1939-03-14,Other,288.914.2174x1414,vaughnwilliam@example.com,GB,Clarkeberg,87774,2025-02-09
C8120004,Kimberly,Thomas,1998-08-11,Other,354-294-5515,donovanandrea@example.org,U.K.,Port William,20669,2024-11-09
C7429556,Laurie,Reed,1992-10-12,NULL,001-317-901-4704x057,hannahchandler@example.net,England,North Victoriafurt,68368,2024-06-19
C7823635,Samuel,Byrd,1941-12-27,F,(274)309-3951x904,avalenzuela@example.org,United Kingdom,Lake Stephenbury,01411,2025-11-07
C9627572,Eileen,Pacheco,1957-05-20,M,001-402-458-4035,aguilarnichole@example.org,England,East Kevin,78735,2023-08-23
C3063855,NULL,Larson,1943-05-05,Other,(421)706-1502x069,kellynelson@example.org,United Kingdom,Richardhaven,61908,2023-03-02
C2472878,Lisa,Freeman,1955-08-06,Other,349.562.1342x833,williskatie@example.com,U.K.,East Matthew,95822,2025-07-17
C6976053,Randall,Spears,2001-04-20,F,+1-691-624-0450x80872,brittney43@example.org,UK,Nguyenhaven,01116,2023-06-28
C6264641,Kayla,Dodson,1961-04-28,Other,4115785522,jaclyngarcia@example.com,GB,New Deborah,98138,2024-01-01
C1607047,Nicholas,Hunt,1956-12-05,Other,(933)284-6612x54009,gonzalezstephen@example.org,GB,Gravesville,34521,2022-04-12
C8578045,Danny,Patterson,1950-06-05,M,440-739-0522,zwallace@example.org,UK,West Loriside,57532,2023-02-03
C6356300,Clarence,Johnson,1996-05-09,NULL,747.937.6402,vobrien@example.org,UK,South Mikeburgh,68740,2026-02-17
C8390912,Julie,Ali,1957-05-06,Other,893.261.3293,ritterchad@example.net,United Kingdom,Tammyside,03428,2023-07-16
C1458504,Sheri,Lee,1939-02-03,Other,684.415.0926x871,jason68@example.com,UK,Lake Danielstad,40484,2024-07-16
C2534774,Corey,King,19970326,M,001-239-405-5331x2545,barnestrevor@example.com,England,Richardbury,48503,04/01/2024
C2206623,-,Rivera,1964-12-02,NULL,(883)644-0222,wjackson@example.org,United Kingdom,Yorkland,04512,2026-04-10
C2817220,Krista,Hunter,1977-09-27,F,+1-585-236-1488,spencerwilliam@example.net,GB,Lake Robertfort,37257,2025-03-29
C2037501,Jonathan,Hunt,1972-10-02,NULL,+1-955-660-5046x6916,mary10@example.com,GB,Matthewview,38164,2025-03-12
C5716339,Grant,Owens,1970-09-12,F,(746)379-0126,NULL,England,Joeberg,21211,2023-04-24
C1148243,William,Thompson,1959-10-21,F,929.219.4782,carrie87@example.org,GB,West Raymondmouth,19178,2023-02-23
C7466173,Brittany,Williams,1941-08-15,Other,(652)618-8976x24751,martingina@example.net,GB,New Chase,29984,2022-09-10
C7823635,Samuel,Byrd,1941-12-27,F,(274)309-3951x904,avalenzuela@example.org,United Kingdom,Lake Stephenbury,01411,2025-11-07
C6244303,Kristina,Mathis,1974-01-06,Other,+1-319-938-0189,lbaker@example.com,England,South Andrew,81473,2023-01-26
C2278347,Michael,Stone,2006-05-05,F,+1-729-352-3272x59422,william25@example.org,United Kingdom,West Johnchester,39702,2021-10-01
C1514532,Christina,Navarro,1958-10-18,NULL,(681)634-7064x80974,vgibson@example.com,UK,Byrdmouth,34344,2023-03-31
C343476,Jessica,Weaver,1968-07-14,M,001-279-339-7097x531,jeanettemarshall@example.net,England,Sandraside,52162,2023-08-01
C6386537,Destiny,Green,1967-06-03,F,(491)373-8517,ogray@example.com,UK,Kelleyside,79720,2026-03-13
C4772505,Jonathan,Smith,1943-05-22,NULL,-,erinellison@example.net,U.K.,North Samantha,62509,2024-02-05
C578914,Jerry,Martin,2006-11-12,F,409.327.5701x73811,ramirezsteven@example.com,U.K.,North Robertville,42530,2023-05-11
C2672264,Mark,Jackson,1971-12-21,M,2835513494,shannon82@example.com,U.K.,Brownside,62912,2023-06-30
C8743919,Rachel,Johnson,1996-01-07,M,971.237.5152,jose50@example.com,United Kingdom,Hubbardberg,18301,2023-04-09
C8438049,Anne,Greene,1973-10-29,Other,+1-298-730-5684x70198,michael19@example.com,GB,Tylermouth,44776,2026-01-22
C868303,Jacob,Coleman,1937-12-27,F,001-603-336-5073,samantha12@example.com,GB,Joneshaven,93941,2023-11-25
C6453170,Carl,Hayes,1962-08-23,NULL,+1-729-234-2540x59029,lisabaker@example.net,GB,Claytonburgh,25044,2023-02-02
C4372458,Brian,Ryan,1944-06-13,M,857-566-8866x785,anthonyobrien@example.net,U.K.,Christianburgh,37786,2023-01-30
C2906080,Daniel,Duran,1988-01-29,NULL,(858)796-2612x95264,santiagochristina@example.org,GB,Port Erikashire,18062,2026-07-30
C6177374,Mark,Lee,2006-07-28,F,001-257-612-4945x662,eatonelizabeth@example.org,UK,Bartonton,33783,2026-04-30
C2913376,Meagan,Harris,1985-09-17,Other,893.980.5535,ashley23@example.org,U.K.,Port Teresaport,77173,2024-09-23
C2825947,Andrea,Carson,1954-09-08,Other,(536)551-5142,parkerluis@example.com,England,Lake Jeffrey,51439,2025-10-19
C7838259,Alexis,Wolf,1977-04-29,Other,001-950-483-7340x6976,walkerjustin@example.org,UK,Johnstonport,58488,2023-10-25
C7847519,Samantha,Ortiz,1948-04-30,Other,312.383.1356x548,egreen@example.com,UK,East Linda,70127,2025-11-19
C7682315,Selena,Mooney,1947-12-15,M,001-250-521-0656,cindyrhodes@example.org,UK,Nicholasshire,41943,2026-05-17
C44519,William,Huffman,1959-08-22,Other,+1-553-365-4735,kimfox@example.con,UK,New Christineshire,12783,2023-11-05
C1567618,Danielle,Hess,1966-04-08,M,(653)828-4701x6781,trobinson@example.net,GB,New Kelly,56021,2023-11-04
C2936692,Michael,Wilcox,1995-09-10,Other,528.414.2063,christopher27@example.com,U.K.,Simonstad,84311,2024-09-25
C3714446,Wesley,Wilson,1959-10-15,Other,001-319-694-5800x4849,jason38@example.com,England,Robinsonhaven,31439,2025-10-17
C9584052,Victoria,Nichols,1994-02-23,Other,+1-700-636-1875x131,derrickguzman@example.com,GB,Valeriehaven,99467,2025-01-30
C3546975,Brian,Cole,1999-07-29,NULL,(549)822-5994,johnsanders@example.net,England,Simpsonfurt,17200,2026-04-30
C7488136,Hector,Roberts,1983-06-26,NULL,(750)287-7528,robertporter@example.com,U.K.,Lake Cynthiachester,21160,2025-10-21
C2862592,Michael,Martin,1959-10-24,NULL,259.253.3754x88467,pattersonmark@example.org,U.K.,Washingtonburgh,47731,2025-11-02
C7389922,Grace,Guzman,1935-09-22,Other,+1-836-848-7296x339,lunapamela@example.org,GB,Smithborough,16318,2021-08-30
C3778528,Lisa,Kane,2002-07-01,NULL,407.326.7672x526,nelsondavid@gmal.com,UK,Smithborough,74658,2023-05-13
C5483746,Nicole,Miller,1981-02-04,NULL,N/A,andersonnicholas@example.org,England,South Kimberlyfort,57562,2025-03-20
C8505963,Vincent,Newman,19620923,M,263-585-6965,dennis60@example.com,GB,Dunnland,29323,2023-04-13
C6986444,Caleb,Perry,1964-10-02,F,854-592-8702,stephen52@example.net,GB,Taylormouth,48619,2026-06-14
C7712818,Nancy,Osborne,2004-07-22,F,(296)680-1387x40988,xgriffin@example.net,England,North Ericaview,92607,2025-11-07
C769940,William,Salazar,1965-06-06,M,651.982.1365x7442,mason19@example.com,GB,Ericaville,57738,2024-09-22
C5647022,Jorge,Lewis,2001-02-24,Other,+1-679-814-5466,ymcintyre@example.net,United Kingdom,Lake Lisa,06992,2024-08-27
C7226839,Samantha,Chambers,2006-04-20,Other,940-768-4678x480,dkim@example.net,GB,Garrettbury,16594,2025-08-21
C3194012,Tanya,Butler,1946-10-26,M,736.427.2316x8678,dylan52@example.com,U.K.,Michealfurt,59302,2022-03-18
C6431018,Kenneth,Rose,1984-07-01,M,695-686-1761x966,richardjacobs@example.net,U.K.,Rayton,17851,2021-08-18
C5112528,Janice,Sanchez,2005-10-19,NULL,+1-801-459-5153x58106,stokesevan@example.org,United Kingdom,Parkerchester,70260,2022-04-11
C8357103,Brandon,Hughes,1940-08-29,Other,001-918-330-8444x180,connernatasha@example.com,United Kingdom,Port Keithburgh,09652,2023-11-18
C3106115,Tracy,Sloan,1950-08-18,M,(797)764-2461x2687,kterry@example.org,U.K.,Hoodchester,13927,2022-01-25
C6647855,Elizabeth,Carter,1956-05-23,NULL,858-671-3381x80568,calhoundeanna@example.com,UK,South Michaelport,93998,2024-05-22
C3625784,Hector,Moss,2005-05-09,M,(784)791-4291x5867,mmontes@example.org,U.K.,New Douglasfurt,96167,2021-08-07
C3224378,Stephen,Lopez,433236238,NULL,001-767-780-5763x2515,terrydavid@example.org,United Kingdom,Port Dylan,85345,2023-07-08
C4858748,Jesse,Mills,1936-09-22,NULL,+1-457-659-5964x122,garciazachary@example.com,England,Lake Alexander,06344,2022-03-13
C7084806,Steven,Franklin,1985-06-25,NULL,(302)674-4635x563,cynthiastewart@example.org,U.K.,Kellertown,42244,2022-10-10
C4445737,Debra,Robertson,1971-04-09,M,(599)248-5285x5616,vbarrera@example.com,UK,East Bridgetfurt,37492,2022-10-25
C6273505,Christopher,Williams,1958-05-16,NULL,(377)866-2487x6378,davidandersen@example.org,GB,Barbaraville,56318,2026-05-06
C5753123,Travis,Martinez,1998-06-26,F,(425)329-2660,steven05@example.net,United Kingdom,Leetown,01110,2023-10-19
C9365123,Brent,Valentine,1971-04-28,NULL,001-926-484-9570x211,joshua42@example.com,U.K.,New James,08292,2022-07-11
C7652764,Michael,Horton,1949-11-11,NULL,001-648-764-8602,tcamacho@example.org,United Kingdom,North Nathanielfort,93337,2025-11-01
C4628145,Julia,Hernandez,1977-12-22,M,+1-874-905-9205x8247,wcollins@example.org,United Kingdom,Carlosview,93124,2025-04-25
C7048570,Margaret,Ford,1966-05-05,F,567.741.0783x0102,harrispaul@example.net,UK,North Carolynport,11616,26/03/2024
C582860,Eric,Kennedy,2002-12-29,NULL,470-910-1517,joannejohnson@example.org,U.K.,Rhodeshaven,63871,2022-02-04
C1464522,Daniel,Jacobs,1997-07-14,M,+1-811-420-9667x7544,iwilliams@example.com,United Kingdom,Port Michaelland,25952,2023-12-22
C6639412,Frank,Dixon,1988-02-11,NULL,(432)400-4847x5295,brianwhite@example.net,GB,Walkerborough,61597,2025-03-31
C4431611,Dawn,Cooper,1954-01-22,M,310.231.5992x306,gfleming@example.org,England,East Barbaramouth,85147,2021-11-16
C5684117,Jasmine,Barker,1997-09-25,NULL,279-949-2864x7391,howardmadden@example.org,U.K.,Richardtown,74526,2022-03-04
C477517,April,Mathews,2006-05-01,M,727-588-9878,dorothy81@example.org,UK,Peterschester,15064,2023-07-30
C5373577,Eric,Smith,1943-07-10,F,(226)994-6587,diana70@example.com,GB,East Courtney,72950,2023-02-09
C4844551,Matthew,Willis,1951-07-26,NULL,+1-981-751-7346,erodriguez@example.com,U.K.,Rogersmouth,32431,2025-08-08
C4111536,Bobby,Wilson,1940-01-29,Other,6243230563,jgarcia@example.org,England,South Guyshire,21506,2026-02-14
C1452233,Regina,Bartlett,1988-05-24,F,647.527.1416x5004,chartman@example.org,GB,Lake Williamview,33588,2023-10-02
C4705057,Nathaniel,Mills,1983-04-19,F,NULL,dianahernandez@example.org,United Kingdom,Lake Jenniferberg,66678,2026-06-20
C43716,Mario,Lawson,1954-01-23,F,212-825-5538,lisa63@example.org,UK,West Jennifer,28475,2024-08-17
C3208616,Kristen,Wood,1984-09-14,Other,390-911-0729x2234,nwilliams@@example.org,England,Lake Melanie,31912,Yesterday
C8663331,Tina,Sanders,1949-09-14,NULL,+1-217-288-7094x162,vasquezdavid@example.org,UK,Collinston,69573,2022-03-01
C5477310,Dennis,Lee,1938-03-02,F,+1-591-642-3899x0064,scottjohnson@example.org,GB,Greenefurt,28384,2024-04-04
C4712849,Dawn,Bell,2007-12-23,Other,455.398.8266,rogersgina@example.com,United Kingdom,Justinfort,35499,2022-05-13
C4646927,Dennis,James,1951-08-25,Other,001-682-384-8438x438,joshua35@example.com,GB,Gregoryborough,87324,2024-12-17
C1781655,Jason,Davis,19440519,F,(584)936-6409,wilkinsonjose@example.org,UK,Joelberg,77904,2025-10-15
C4577376,Erik,Roberson,1953-07-29,NULL,696-810-6880,melissa54@example.com,UK,Dianaside,74113,2023-02-17
C5570279,Joshua,Woods,1985-03-22,NULL,001-622-318-4258,nhamilton@example.net,United Kingdom,New Mario,98453,2022-04-28
C6138538,Tiffany,Norris,1965-04-14,NULL,(413)472-9035x8800,qscott@example.com,England,Davisborough,66927,2026-04-21
C5726633,Jillian,Sanchez,1937-11-25,M,(209)661-0758x82350,brian90@example.com,England,Mclaughlinburgh,90702,2024-07-12
C8247201,Gary,Parker,1991-04-09,NULL,593-468-2165x06098,valenzuelajohn@example.org,England,New Trevorborough,83692,2023-08-21
C2502158,N/A,Daniel,1966-11-06,Other,+1-956-416-0953x35772,phillipsemily@example.com,UK,Cookmouth,90824,2024-12-10
C817658,Steven,Perez,1961-08-16,F,001-878-995-0013x8049,daniel85@example.net,U.K.,Booneville,35349,2022-03-02
C4071203,Jody,Cantu,1960-05-07,NULL,562-752-1601,lschmidt@example.com,United Kingdom,Petersonfurt,98667,2024-03-30
C2934693,Rebecca,Adams,519093608,M,(892)399-6819x333,herreralarry@example.com,UK,East Johnny,23967,2026-03-26
C6324328,Shelley,Murphy,10/06/1938,Other,221-675-1087x87293,walkerdiane@example.com,England,West Darrylland,55210,2024-03-21
C8648284,Carrie,Andrade,1944-12-28,Other,001-640-961-6329,robertskim@example.net,United Kingdom,Lake Christopherland,48177,2025-08-17
C4669783,Dale,Sloan,2007-06-23,Other,530-269-4350,james34@example.net,GB,Kimberg,20201,2024-07-01
C44036,Shawn,N/A,1979-10-23,NULL,001-624-448-1705,karenrice@example.org,UK,Mcguireborough,73883,2025-07-26
